anio,flujo,grano,socio_cod,cap_cod,valor_usd
2010,Exportacion,socio,4,,423049.0
2010,Exportacion,socio,20,,109833.0
2010,Exportacion,socio,24,,30509.0
2010,Exportacion,socio,28,,1530473.0
2010,Exportacion,socio,36,,33107660.0
2010,Exportacion,socio,40,,367263.0
2010,Exportacion,socio,32,,10507757.0
2010,Exportacion,socio,44,,11081190.0
2010,Exportacion,socio,50,,51424.0
2010,Exportacion,socio,52,,15375240.0
2010,Exportacion,socio,56,,311988802.0
2010,Exportacion,socio,60,,2513102.0
2010,Exportacion,socio,68,,1689438.0
2010,Exportacion,socio,76,,39654064.0
2010,Exportacion,socio,84,,7107904.0
2010,Exportacion,socio,92,,52604.0
2010,Exportacion,socio,100,,776284.0
2010,Exportacion,socio,104,,239776.0
2010,Exportacion,socio,112,,5153.0
2010,Exportacion,socio,116,,353909.0
2010,Exportacion,socio,120,,4538182.0
2010,Exportacion,socio,124,,95231364.0
2010,Exportacion,socio,136,,1331953.0
2010,Exportacion,socio,144,,453411.0
2010,Exportacion,socio,152,,37287011.0
2010,Exportacion,socio,156,,268829122.0
2010,Exportacion,socio,180,,50574.0
2010,Exportacion,socio,191,,7108.0
2010,Exportacion,socio,170,,52467275.0
2010,Exportacion,socio,178,,19003.0
2010,Exportacion,socio,192,,19998422.0
2010,Exportacion,socio,196,,31007.0
2010,Exportacion,socio,203,,37631.0
2010,Exportacion,socio,204,,46771.0
2010,Exportacion,socio,208,,1305685.0
2010,Exportacion,socio,212,,464357.0
2010,Exportacion,socio,214,,241251601.0
2010,Exportacion,socio,218,,32149038.0
2010,Exportacion,socio,222,,269222229.0
2010,Exportacion,socio,231,,40972.0
2010,Exportacion,socio,233,,559271.0
2010,Exportacion,socio,242,,369.0
2010,Exportacion,socio,246,,903359.0
2010,Exportacion,socio,251,,94630629.0
2010,Exportacion,socio,266,,19554.0
2010,Exportacion,socio,268,,9750.0
2010,Exportacion,socio,258,,143050.0
2010,Exportacion,socio,288,,356038.0
2010,Exportacion,socio,300,,3356067.0
2010,Exportacion,socio,308,,614154.0
2010,Exportacion,socio,316,,23010.0
2010,Exportacion,socio,276,,138572955.0
2010,Exportacion,socio,320,,361679360.0
2010,Exportacion,socio,328,,3227827.0
2010,Exportacion,socio,332,,11404621.0
2010,Exportacion,socio,334,,18848.0
2010,Exportacion,socio,340,,292187036.0
2010,Exportacion,socio,344,,438037411.0
2010,Exportacion,socio,348,,1402758.0
2010,Exportacion,socio,352,,62306.0
2010,Exportacion,socio,360,,3023919.0
2010,Exportacion,socio,364,,2271328.0
2010,Exportacion,socio,368,,56671.0
2010,Exportacion,socio,372,,21165647.0
2010,Exportacion,socio,376,,7547686.0
2010,Exportacion,socio,380,,138190311.0
2010,Exportacion,socio,384,,379152.0
2010,Exportacion,socio,400,,92187.0
2010,Exportacion,socio,388,,54148095.0
2010,Exportacion,socio,392,,84764343.0
2010,Exportacion,socio,404,,6890.0
2010,Exportacion,socio,408,,39342.0
2010,Exportacion,socio,410,,40142601.0
2010,Exportacion,socio,414,,18638.0
2010,Exportacion,socio,422,,374321.0
2010,Exportacion,socio,428,,29733.0
2010,Exportacion,socio,434,,3904834.0
2010,Exportacion,socio,440,,16143.0
2010,Exportacion,socio,458,,168696527.0
2010,Exportacion,socio,466,,765.0
2010,Exportacion,socio,470,,80413.0
2010,Exportacion,socio,442,,62492.0
2010,Exportacion,socio,446,,54175.0
2010,Exportacion,socio,484,,254431438.0
2010,Exportacion,socio,490,,71604484.0
2010,Exportacion,socio,496,,173450.0
2010,Exportacion,socio,508,,637337.0
2010,Exportacion,socio,512,,186965.0
2010,Exportacion,socio,504,,2526548.0
2010,Exportacion,socio,530,,11576812.0
2010,Exportacion,socio,528,,633714209.0
2010,Exportacion,socio,533,,3934923.0
2010,Exportacion,socio,540,,57736.0
2010,Exportacion,socio,554,,1744383.0
2010,Exportacion,socio,558,,378899543.0
2010,Exportacion,socio,566,,5577.0
2010,Exportacion,socio,579,,258992.0
2010,Exportacion,socio,586,,85122.0
2010,Exportacion,socio,591,,430186029.0
2010,Exportacion,socio,598,,77322.0
2010,Exportacion,socio,600,,188386.0
2010,Exportacion,socio,604,,12414429.0
2010,Exportacion,socio,616,,837736.0
2010,Exportacion,socio,620,,31690088.0
2010,Exportacion,socio,634,,80115.0
2010,Exportacion,socio,642,,916248.0
2010,Exportacion,socio,608,,4477849.0
2010,Exportacion,socio,643,,26996510.0
2010,Exportacion,socio,659,,350292.0
2010,Exportacion,socio,660,,8904.0
2010,Exportacion,socio,662,,1606975.0
2010,Exportacion,socio,670,,352196.0
2010,Exportacion,socio,682,,11229083.0
2010,Exportacion,socio,686,,104000.0
2010,Exportacion,socio,694,,20164.0
2010,Exportacion,socio,699,,21735043.0
2010,Exportacion,socio,646,,150.0
2010,Exportacion,socio,654,,51396.0
2010,Exportacion,socio,702,,41787633.0
2010,Exportacion,socio,703,,134642.0
2010,Exportacion,socio,704,,15695361.0
2010,Exportacion,socio,705,,85736.0
2010,Exportacion,socio,710,,1620216.0
2010,Exportacion,socio,724,,49883049.0
2010,Exportacion,socio,740,,5325598.0
2010,Exportacion,socio,752,,29059002.0
2010,Exportacion,socio,757,,7749343.0
2010,Exportacion,socio,760,,382308.0
2010,Exportacion,socio,764,,4267641.0
2010,Exportacion,socio,768,,73004.0
2010,Exportacion,socio,780,,46908559.0
2010,Exportacion,socio,784,,6661576.0
2010,Exportacion,socio,788,,1590647.0
2010,Exportacion,socio,792,,19970164.0
2010,Exportacion,socio,796,,40.0
2010,Exportacion,socio,800,,3578.0
2010,Exportacion,socio,804,,51848.0
2010,Exportacion,socio,818,,684532.0
2010,Exportacion,socio,826,,160391916.0
2010,Exportacion,socio,834,,235968.0
2010,Exportacion,socio,842,,3384678655.0
2010,Exportacion,socio,858,,876702.0
2010,Exportacion,socio,860,,2779.0
2010,Exportacion,socio,862,,26700536.0
2010,Exportacion,socio,882,,4.0
2010,Exportacion,socio,887,,857663.0
2010,Exportacion,socio,894,,25940.0
2010,Exportacion,socio,899,,1972866.0
2010,Importacion,socio,4,,39644.0
2010,Importacion,socio,8,,24581.0
2010,Importacion,socio,10,,117.0
2010,Importacion,socio,12,,66189989.0
2010,Importacion,socio,16,,11088.0
2010,Importacion,socio,20,,202116.0
2010,Importacion,socio,24,,968.0
2010,Importacion,socio,28,,89545.0
2010,Importacion,socio,32,,76525484.0
2010,Importacion,socio,36,,12471448.0
2010,Importacion,socio,40,,33095248.0
2010,Importacion,socio,44,,5799838.0
2010,Importacion,socio,48,,8814.0
2010,Importacion,socio,50,,2476740.0
2010,Importacion,socio,51,,889.0
2010,Importacion,socio,52,,107246.0
2010,Importacion,socio,74,,15084.0
2010,Importacion,socio,60,,1010.0
2010,Importacion,socio,64,,264.0
2010,Importacion,socio,68,,2661261.0
2010,Importacion,socio,70,,38570.0
2010,Importacion,socio,56,,64358958.0
2010,Importacion,socio,72,,32354.0
2010,Importacion,socio,76,,294576532.0
2010,Importacion,socio,84,,46773676.0
2010,Importacion,socio,86,,2627.0
2010,Importacion,socio,90,,1154.0
2010,Importacion,socio,108,,138529.0
2010,Importacion,socio,92,,827942.0
2010,Importacion,socio,96,,981.0
2010,Importacion,socio,100,,1363969.0
2010,Importacion,socio,104,,51729.0
2010,Importacion,socio,112,,2045.0
2010,Importacion,socio,116,,1077479.0
2010,Importacion,socio,120,,3926.0
2010,Importacion,socio,124,,115647422.0
2010,Importacion,socio,136,,5055631.0
2010,Importacion,socio,144,,705014.0
2010,Importacion,socio,148,,1105.0
2010,Importacion,socio,140,,40273.0
2010,Importacion,socio,152,,218985522.0
2010,Importacion,socio,156,,990684895.0
2010,Importacion,socio,166,,40182.0
2010,Importacion,socio,170,,499152068.0
2010,Importacion,socio,174,,43922.0
2010,Importacion,socio,175,,152.0
2010,Importacion,socio,180,,193959.0
2010,Importacion,socio,184,,46704.0
2010,Importacion,socio,192,,444820.0
2010,Importacion,socio,196,,18141.0
2010,Importacion,socio,191,,285216.0
2010,Importacion,socio,204,,77.0
2010,Importacion,socio,203,,2521468.0
2010,Importacion,socio,208,,22073344.0
2010,Importacion,socio,212,,21287.0
2010,Importacion,socio,214,,27199775.0
2010,Importacion,socio,218,,16707070.0
2010,Importacion,socio,222,,153404670.0
2010,Importacion,socio,226,,1238.0
2010,Importacion,socio,231,,1771.0
2010,Importacion,socio,233,,556546.0
2010,Importacion,socio,238,,994.0
2010,Importacion,socio,242,,42761.0
2010,Importacion,socio,246,,6629511.0
2010,Importacion,socio,251,,88757720.0
2010,Importacion,socio,258,,3472.0
2010,Importacion,socio,262,,781.0
2010,Importacion,socio,266,,3890.0
2010,Importacion,socio,268,,33856.0
2010,Importacion,socio,270,,12216.0
2010,Importacion,socio,276,,310332006.0
2010,Importacion,socio,292,,766.0
2010,Importacion,socio,296,,2392.0
2010,Importacion,socio,300,,413384.0
2010,Importacion,socio,308,,43150.0
2010,Importacion,socio,328,,65815.0
2010,Importacion,socio,320,,324037728.0
2010,Importacion,socio,334,,27101.0
2010,Importacion,socio,336,,119.0
2010,Importacion,socio,332,,244174.0
2010,Importacion,socio,340,,109871308.0
2010,Importacion,socio,344,,49060864.0
2010,Importacion,socio,348,,1130764.0
2010,Importacion,socio,352,,19879.0
2010,Importacion,socio,364,,12724.0
2010,Importacion,socio,368,,146.0
2010,Importacion,socio,360,,15191523.0
2010,Importacion,socio,372,,30384456.0
2010,Importacion,socio,376,,152395366.0
2010,Importacion,socio,380,,143577390.0
2010,Importacion,socio,384,,5139.0
2010,Importacion,socio,388,,1024367.0
2010,Importacion,socio,392,,499450970.0
2010,Importacion,socio,398,,1108.0
2010,Importacion,socio,400,,490044.0
2010,Importacion,socio,404,,48052.0
2010,Importacion,socio,408,,1720194.0
2010,Importacion,socio,410,,152152587.0
2010,Importacion,socio,418,,2057.0
2010,Importacion,socio,422,,18759.0
2010,Importacion,socio,426,,284.0
2010,Importacion,socio,428,,3435977.0
2010,Importacion,socio,440,,238713.0
2010,Importacion,socio,442,,624393.0
2010,Importacion,socio,446,,15996.0
2010,Importacion,socio,450,,110574.0
2010,Importacion,socio,454,,269562.0
2010,Importacion,socio,458,,35854381.0
2010,Importacion,socio,466,,102.0
2010,Importacion,socio,470,,273639.0
2010,Importacion,socio,478,,28492.0
2010,Importacion,socio,480,,98063.0
2010,Importacion,socio,484,,895610565.0
2010,Importacion,socio,490,,87180037.0
2010,Importacion,socio,498,,78114.0
2010,Importacion,socio,504,,2523959.0
2010,Importacion,socio,508,,148965.0
2010,Importacion,socio,512,,253701.0
2010,Importacion,socio,516,,164.0
2010,Importacion,socio,524,,8261.0
2010,Importacion,socio,520,,112.0
2010,Importacion,socio,533,,17698.0
2010,Importacion,socio,540,,35186.0
2010,Importacion,socio,528,,82976593.0
2010,Importacion,socio,530,,98503104.0
2010,Importacion,socio,554,,2898651.0
2010,Importacion,socio,558,,91588618.0
2010,Importacion,socio,562,,3558.0
2010,Importacion,socio,566,,4337.0
2010,Importacion,socio,579,,8232455.0
2010,Importacion,socio,584,,5780.0
2010,Importacion,socio,585,,3020.0
2010,Importacion,socio,586,,2317692.0
2010,Importacion,socio,600,,579851.0
2010,Importacion,socio,591,,235571762.0
2010,Importacion,socio,604,,35372851.0
2010,Importacion,socio,608,,4957313.0
2010,Importacion,socio,616,,3410558.0
2010,Importacion,socio,634,,225495.0
2010,Importacion,socio,642,,1092598.0
2010,Importacion,socio,620,,13133836.0
2010,Importacion,socio,626,,26.0
2010,Importacion,socio,643,,21296415.0
2010,Importacion,socio,646,,65.0
2010,Importacion,socio,660,,368002.0
2010,Importacion,socio,662,,1789.0
2010,Importacion,socio,670,,1245.0
2010,Importacion,socio,674,,2223.0
2010,Importacion,socio,678,,963.0
2010,Importacion,socio,682,,11484063.0
2010,Importacion,socio,686,,3785.0
2010,Importacion,socio,688,,4536.0
2010,Importacion,socio,694,,528.0
2010,Importacion,socio,699,,107613586.0
2010,Importacion,socio,702,,31644967.0
2010,Importacion,socio,703,,2492449.0
2010,Importacion,socio,704,,15000947.0
2010,Importacion,socio,705,,1294917.0
2010,Importacion,socio,710,,1342266.0
2010,Importacion,socio,716,,2480.0
2010,Importacion,socio,724,,145541965.0
2010,Importacion,socio,740,,47094.0
2010,Importacion,socio,748,,150601.0
2010,Importacion,socio,752,,38064104.0
2010,Importacion,socio,762,,28.0
2010,Importacion,socio,757,,133823461.0
2010,Importacion,socio,760,,7445.0
2010,Importacion,socio,764,,83364172.0
2010,Importacion,socio,780,,163164166.0
2010,Importacion,socio,784,,1174104.0
2010,Importacion,socio,788,,351819.0
2010,Importacion,socio,792,,12514898.0
2010,Importacion,socio,795,,139.0
2010,Importacion,socio,796,,11353.0
2010,Importacion,socio,800,,10053.0
2010,Importacion,socio,804,,811598.0
2010,Importacion,socio,807,,6483.0
2010,Importacion,socio,818,,1379118.0
2010,Importacion,socio,826,,100121614.0
2010,Importacion,socio,834,,2326.0
2010,Importacion,socio,842,,6511661094.0
2010,Importacion,socio,854,,9061.0
2010,Importacion,socio,858,,17891130.0
2010,Importacion,socio,862,,47023569.0
2010,Importacion,socio,882,,8080.0
2010,Importacion,socio,894,,5047.0
2010,Importacion,socio,899,,312845400.0
2011,Exportacion,socio,4,,85721.0
2011,Exportacion,socio,8,,91694.0
2011,Exportacion,socio,20,,487653.0
2011,Exportacion,socio,24,,1652.0
2011,Exportacion,socio,28,,1045168.0
2011,Exportacion,socio,32,,23841884.0
2011,Exportacion,socio,40,,458091.0
2011,Exportacion,socio,44,,15148684.0
2011,Exportacion,socio,36,,38050228.0
2011,Exportacion,socio,50,,24306.0
2011,Exportacion,socio,52,,12017639.0
2011,Exportacion,socio,56,,274329391.0
2011,Exportacion,socio,68,,1206551.0
2011,Exportacion,socio,70,,534440.0
2011,Exportacion,socio,60,,1754183.0
2011,Exportacion,socio,112,,107.0
2011,Exportacion,socio,76,,33262922.0
2011,Exportacion,socio,84,,8897983.0
2011,Exportacion,socio,100,,222466.0
2011,Exportacion,socio,104,,145015.0
2011,Exportacion,socio,116,,247338.0
2011,Exportacion,socio,120,,7141195.0
2011,Exportacion,socio,124,,70734911.0
2011,Exportacion,socio,136,,1119627.0
2011,Exportacion,socio,144,,97500.0
2011,Exportacion,socio,152,,23418863.0
2011,Exportacion,socio,156,,214944217.0
2011,Exportacion,socio,170,,46709340.0
2011,Exportacion,socio,174,,12960.0
2011,Exportacion,socio,178,,106450.0
2011,Exportacion,socio,192,,23948940.0
2011,Exportacion,socio,196,,33870.0
2011,Exportacion,socio,208,,874048.0
2011,Exportacion,socio,212,,679559.0
2011,Exportacion,socio,203,,11330.0
2011,Exportacion,socio,204,,1320.0
2011,Exportacion,socio,214,,251761474.0
2011,Exportacion,socio,218,,37927822.0
2011,Exportacion,socio,222,,285843453.0
2011,Exportacion,socio,231,,745920.0
2011,Exportacion,socio,233,,321984.0
2011,Exportacion,socio,242,,14427.0
2011,Exportacion,socio,246,,109130.0
2011,Exportacion,socio,251,,94685977.0
2011,Exportacion,socio,258,,49437.0
2011,Exportacion,socio,266,,209141.0
2011,Exportacion,socio,268,,196238.0
2011,Exportacion,socio,276,,144836571.0
2011,Exportacion,socio,288,,280706.0
2011,Exportacion,socio,300,,2410440.0
2011,Exportacion,socio,308,,599484.0
2011,Exportacion,socio,316,,41877.0
2011,Exportacion,socio,320,,407526368.0
2011,Exportacion,socio,328,,6467699.0
2011,Exportacion,socio,332,,9655843.0
2011,Exportacion,socio,340,,336175467.0
2011,Exportacion,socio,348,,1069656.0
2011,Exportacion,socio,360,,1529437.0
2011,Exportacion,socio,364,,234814.0
2011,Exportacion,socio,368,,12520.0
2011,Exportacion,socio,344,,516963347.0
2011,Exportacion,socio,372,,25201529.0
2011,Exportacion,socio,376,,7259841.0
2011,Exportacion,socio,384,,217051.0
2011,Exportacion,socio,380,,135555132.0
2011,Exportacion,socio,388,,53523134.0
2011,Exportacion,socio,400,,31089.0
2011,Exportacion,socio,404,,5315.0
2011,Exportacion,socio,392,,89556155.0
2011,Exportacion,socio,398,,3603.0
2011,Exportacion,socio,414,,83912.0
2011,Exportacion,socio,422,,514297.0
2011,Exportacion,socio,428,,320150.0
2011,Exportacion,socio,440,,113840.0
2011,Exportacion,socio,442,,129704.0
2011,Exportacion,socio,446,,5552.0
2011,Exportacion,socio,454,,60062.0
2011,Exportacion,socio,458,,187044191.0
2011,Exportacion,socio,410,,42346314.0
2011,Exportacion,socio,466,,11728.0
2011,Exportacion,socio,470,,124778.0
2011,Exportacion,socio,478,,3936.0
2011,Exportacion,socio,480,,10772.0
2011,Exportacion,socio,484,,307055574.0
2011,Exportacion,socio,490,,91163953.0
2011,Exportacion,socio,504,,1020660.0
2011,Exportacion,socio,508,,929442.0
2011,Exportacion,socio,512,,331975.0
2011,Exportacion,socio,499,,5521996.0
2011,Exportacion,socio,528,,686182872.0
2011,Exportacion,socio,531,,41555791.0
2011,Exportacion,socio,533,,6156559.0
2011,Exportacion,socio,540,,151522.0
2011,Exportacion,socio,554,,1308446.0
2011,Exportacion,socio,558,,455801412.0
2011,Exportacion,socio,579,,6464532.0
2011,Exportacion,socio,581,,1010.0
2011,Exportacion,socio,585,,150.0
2011,Exportacion,socio,586,,82091.0
2011,Exportacion,socio,566,,456268.0
2011,Exportacion,socio,591,,559891607.0
2011,Exportacion,socio,598,,43366.0
2011,Exportacion,socio,600,,727628.0
2011,Exportacion,socio,604,,15175074.0
2011,Exportacion,socio,608,,1214193.0
2011,Exportacion,socio,612,,56243.0
2011,Exportacion,socio,616,,2365539.0
2011,Exportacion,socio,634,,108628.0
2011,Exportacion,socio,620,,44459997.0
2011,Exportacion,socio,643,,29175649.0
2011,Exportacion,socio,659,,500933.0
2011,Exportacion,socio,670,,277159.0
2011,Exportacion,socio,642,,1340458.0
2011,Exportacion,socio,682,,5163331.0
2011,Exportacion,socio,688,,460.0
2011,Exportacion,socio,699,,25377644.0
2011,Exportacion,socio,662,,1995924.0
2011,Exportacion,socio,702,,39561839.0
2011,Exportacion,socio,703,,223184.0
2011,Exportacion,socio,704,,21898774.0
2011,Exportacion,socio,705,,1381715.0
2011,Exportacion,socio,710,,2220556.0
2011,Exportacion,socio,716,,10704.0
2011,Exportacion,socio,724,,56694571.0
2011,Exportacion,socio,740,,7949725.0
2011,Exportacion,socio,752,,33250093.0
2011,Exportacion,socio,757,,3426831.0
2011,Exportacion,socio,764,,5004222.0
2011,Exportacion,socio,768,,14707.0
2011,Exportacion,socio,780,,55681724.0
2011,Exportacion,socio,784,,3808707.0
2011,Exportacion,socio,788,,777224.0
2011,Exportacion,socio,792,,27669758.0
2011,Exportacion,socio,796,,153881.0
2011,Exportacion,socio,800,,89164.0
2011,Exportacion,socio,804,,275896.0
2011,Exportacion,socio,818,,484186.0
2011,Exportacion,socio,826,,255436367.0
2011,Exportacion,socio,834,,147203.0
2011,Exportacion,socio,842,,3911308226.0
2011,Exportacion,socio,854,,907.0
2011,Exportacion,socio,858,,3900028.0
2011,Exportacion,socio,860,,1147.0
2011,Exportacion,socio,862,,55257115.0
2011,Exportacion,socio,894,,75923.0
2011,Importacion,socio,4,,36160.0
2011,Importacion,socio,16,,7152.0
2011,Importacion,socio,20,,122272.0
2011,Importacion,socio,24,,244.0
2011,Importacion,socio,28,,1719.0
2011,Importacion,socio,31,,14177.0
2011,Importacion,socio,8,,55976.0
2011,Importacion,socio,10,,160.0
2011,Importacion,socio,12,,67452952.0
2011,Importacion,socio,32,,72642032.0
2011,Importacion,socio,36,,22121098.0
2011,Importacion,socio,40,,23001155.0
2011,Importacion,socio,44,,4739599.0
2011,Importacion,socio,48,,10056.0
2011,Importacion,socio,50,,3558458.0
2011,Importacion,socio,51,,8522.0
2011,Importacion,socio,52,,196291.0
2011,Importacion,socio,56,,93058294.0
2011,Importacion,socio,60,,6079.0
2011,Importacion,socio,68,,2635843.0
2011,Importacion,socio,70,,1856402.0
2011,Importacion,socio,72,,23887.0
2011,Importacion,socio,76,,351742746.0
2011,Importacion,socio,84,,19816820.0
2011,Importacion,socio,86,,2337.0
2011,Importacion,socio,90,,1466.0
2011,Importacion,socio,92,,789989.0
2011,Importacion,socio,96,,194.0
2011,Importacion,socio,100,,857913.0
2011,Importacion,socio,104,,95160.0
2011,Importacion,socio,108,,7357.0
2011,Importacion,socio,112,,9092848.0
2011,Importacion,socio,116,,2096702.0
2011,Importacion,socio,120,,25535.0
2011,Importacion,socio,124,,177843731.0
2011,Importacion,socio,136,,4406775.0
2011,Importacion,socio,140,,10285.0
2011,Importacion,socio,144,,1374965.0
2011,Importacion,socio,152,,265143948.0
2011,Importacion,socio,156,,1528462904.0
2011,Importacion,socio,162,,413.0
2011,Importacion,socio,166,,703.0
2011,Importacion,socio,170,,655853995.0
2011,Importacion,socio,174,,56663.0
2011,Importacion,socio,180,,79846.0
2011,Importacion,socio,184,,427190.0
2011,Importacion,socio,191,,7063725.0
2011,Importacion,socio,196,,158165.0
2011,Importacion,socio,192,,776257.0
2011,Importacion,socio,203,,2705343.0
2011,Importacion,socio,204,,2744.0
2011,Importacion,socio,208,,20627274.0
2011,Importacion,socio,212,,11513.0
2011,Importacion,socio,214,,42950779.0
2011,Importacion,socio,218,,20289484.0
2011,Importacion,socio,222,,229241203.0
2011,Importacion,socio,226,,8478.0
2011,Importacion,socio,233,,3684195.0
2011,Importacion,socio,242,,34190.0
2011,Importacion,socio,246,,8016230.0
2011,Importacion,socio,251,,90328920.0
2011,Importacion,socio,258,,4475.0
2011,Importacion,socio,266,,2183.0
2011,Importacion,socio,268,,8310.0
2011,Importacion,socio,270,,40233.0
2011,Importacion,socio,276,,421327126.0
2011,Importacion,socio,288,,9086.0
2011,Importacion,socio,292,,19264.0
2011,Importacion,socio,296,,1580.0
2011,Importacion,socio,300,,1562262.0
2011,Importacion,socio,304,,2718.0
2011,Importacion,socio,308,,1853.0
2011,Importacion,socio,320,,457271387.0
2011,Importacion,socio,328,,402887.0
2011,Importacion,socio,332,,871601.0
2011,Importacion,socio,334,,1717.0
2011,Importacion,socio,336,,2957.0
2011,Importacion,socio,340,,161299357.0
2011,Importacion,socio,344,,60043755.0
2011,Importacion,socio,348,,1895414.0
2011,Importacion,socio,352,,40579.0
2011,Importacion,socio,360,,26594476.0
2011,Importacion,socio,364,,72948.0
2011,Importacion,socio,368,,3423.0
2011,Importacion,socio,372,,45705792.0
2011,Importacion,socio,376,,103176088.0
2011,Importacion,socio,380,,166873672.0
2011,Importacion,socio,384,,1990.0
2011,Importacion,socio,388,,8170238.0
2011,Importacion,socio,392,,688732206.0
2011,Importacion,socio,398,,23.0
2011,Importacion,socio,400,,196470.0
2011,Importacion,socio,404,,237119.0
2011,Importacion,socio,408,,3279579.0
2011,Importacion,socio,410,,218500915.0
2011,Importacion,socio,414,,29535.0
2011,Importacion,socio,417,,394.0
2011,Importacion,socio,418,,3447.0
2011,Importacion,socio,422,,189698.0
2011,Importacion,socio,426,,17113.0
2011,Importacion,socio,428,,3754210.0
2011,Importacion,socio,430,,90.0
2011,Importacion,socio,434,,2149.0
2011,Importacion,socio,440,,7342719.0
2011,Importacion,socio,442,,775633.0
2011,Importacion,socio,450,,95977.0
2011,Importacion,socio,454,,265822.0
2011,Importacion,socio,446,,29793.0
2011,Importacion,socio,458,,51177375.0
2011,Importacion,socio,470,,176865.0
2011,Importacion,socio,478,,101409.0
2011,Importacion,socio,480,,65408.0
2011,Importacion,socio,484,,1220644520.0
2011,Importacion,socio,490,,102878583.0
2011,Importacion,socio,498,,1333.0
2011,Importacion,socio,504,,2064326.0
2011,Importacion,socio,508,,142045.0
2011,Importacion,socio,512,,134983.0
2011,Importacion,socio,516,,9116.0
2011,Importacion,socio,524,,3645.0
2011,Importacion,socio,528,,148445547.0
2011,Importacion,socio,531,,75893160.0
2011,Importacion,socio,533,,6529160.0
2011,Importacion,socio,540,,481.0
2011,Importacion,socio,548,,339659.0
2011,Importacion,socio,554,,3149332.0
2011,Importacion,socio,558,,257658294.0
2011,Importacion,socio,566,,32499.0
2011,Importacion,socio,574,,11432.0
2011,Importacion,socio,579,,15911482.0
2011,Importacion,socio,580,,2955.0
2011,Importacion,socio,581,,465.0
2011,Importacion,socio,584,,25000.0
2011,Importacion,socio,585,,656.0
2011,Importacion,socio,586,,3059547.0
2011,Importacion,socio,591,,398146627.0
2011,Importacion,socio,598,,12968.0
2011,Importacion,socio,600,,1583592.0
2011,Importacion,socio,604,,91947188.0
2011,Importacion,socio,608,,17497280.0
2011,Importacion,socio,612,,1840.0
2011,Importacion,socio,616,,6779058.0
2011,Importacion,socio,620,,8998176.0
2011,Importacion,socio,642,,5645960.0
2011,Importacion,socio,634,,219973.0
2011,Importacion,socio,643,,42734052.0
2011,Importacion,socio,646,,13.0
2011,Importacion,socio,660,,346.0
2011,Importacion,socio,662,,13880.0
2011,Importacion,socio,670,,286.0
2011,Importacion,socio,682,,16877621.0
2011,Importacion,socio,686,,10454.0
2011,Importacion,socio,688,,48904.0
2011,Importacion,socio,690,,115160.0
2011,Importacion,socio,699,,134610780.0
2011,Importacion,socio,702,,32340278.0
2011,Importacion,socio,703,,10607879.0
2011,Importacion,socio,704,,22229373.0
2011,Importacion,socio,705,,12162586.0
2011,Importacion,socio,710,,4302448.0
2011,Importacion,socio,724,,183065936.0
2011,Importacion,socio,736,,7175.0
2011,Importacion,socio,740,,38097.0
2011,Importacion,socio,748,,90695.0
2011,Importacion,socio,752,,77932552.0
2011,Importacion,socio,757,,117234095.0
2011,Importacion,socio,760,,15600.0
2011,Importacion,socio,762,,67017.0
2011,Importacion,socio,764,,87811001.0
2011,Importacion,socio,780,,95274149.0
2011,Importacion,socio,784,,1037005.0
2011,Importacion,socio,788,,155971.0
2011,Importacion,socio,792,,15507382.0
2011,Importacion,socio,795,,3416.0
2011,Importacion,socio,796,,20.0
2011,Importacion,socio,800,,346.0
2011,Importacion,socio,804,,30874917.0
2011,Importacion,socio,807,,57.0
2011,Importacion,socio,818,,1359430.0
2011,Importacion,socio,826,,206426795.0
2011,Importacion,socio,834,,9906.0
2011,Importacion,socio,854,,2187.0
2011,Importacion,socio,842,,8321502770.0
2011,Importacion,socio,858,,15185001.0
2011,Importacion,socio,860,,130.0
2011,Importacion,socio,862,,61611902.0
2011,Importacion,socio,882,,395938.0
2011,Importacion,socio,894,,2939277.0
2011,Importacion,socio,899,,235412429.0
2012,Exportacion,socio,8,,227328.0
2012,Exportacion,socio,12,,61066.0
2012,Exportacion,socio,20,,100774.0
2012,Exportacion,socio,24,,65218.0
2012,Exportacion,socio,28,,400842.0
2012,Exportacion,socio,32,,10818305.0
2012,Exportacion,socio,40,,356230.0
2012,Exportacion,socio,44,,15095008.0
2012,Exportacion,socio,48,,23138.0
2012,Exportacion,socio,50,,30274.0
2012,Exportacion,socio,51,,209781.0
2012,Exportacion,socio,36,,20981690.0
2012,Exportacion,socio,52,,6985089.0
2012,Exportacion,socio,56,,280446830.0
2012,Exportacion,socio,60,,453836.0
2012,Exportacion,socio,68,,1415851.0
2012,Exportacion,socio,84,,11418206.0
2012,Exportacion,socio,100,,42814.0
2012,Exportacion,socio,104,,277034.0
2012,Exportacion,socio,112,,1245.0
2012,Exportacion,socio,116,,345514.0
2012,Exportacion,socio,120,,2215358.0
2012,Exportacion,socio,76,,29543949.0
2012,Exportacion,socio,124,,68348297.0
2012,Exportacion,socio,136,,197831.0
2012,Exportacion,socio,144,,63419.0
2012,Exportacion,socio,152,,24968310.0
2012,Exportacion,socio,156,,326670235.0
2012,Exportacion,socio,180,,38682.0
2012,Exportacion,socio,192,,26308404.0
2012,Exportacion,socio,170,,59579803.0
2012,Exportacion,socio,178,,132954.0
2012,Exportacion,socio,196,,110730.0
2012,Exportacion,socio,203,,41762.0
2012,Exportacion,socio,204,,3294.0
2012,Exportacion,socio,208,,3393649.0
2012,Exportacion,socio,212,,761321.0
2012,Exportacion,socio,214,,259186649.0
2012,Exportacion,socio,222,,305040735.0
2012,Exportacion,socio,231,,10294.0
2012,Exportacion,socio,233,,166214.0
2012,Exportacion,socio,242,,92.0
2012,Exportacion,socio,246,,14394450.0
2012,Exportacion,socio,251,,101407409.0
2012,Exportacion,socio,258,,176647.0
2012,Exportacion,socio,266,,979290.0
2012,Exportacion,socio,268,,64714.0
2012,Exportacion,socio,276,,123350530.0
2012,Exportacion,socio,288,,535635.0
2012,Exportacion,socio,292,,25520.0
2012,Exportacion,socio,300,,6938911.0
2012,Exportacion,socio,308,,750855.0
2012,Exportacion,socio,316,,24741.0
2012,Exportacion,socio,320,,432467452.0
2012,Exportacion,socio,328,,6510498.0
2012,Exportacion,socio,332,,12727263.0
2012,Exportacion,socio,334,,7757.0
2012,Exportacion,socio,340,,349379862.0
2012,Exportacion,socio,344,,533407942.0
2012,Exportacion,socio,348,,86494.0
2012,Exportacion,socio,360,,1669061.0
2012,Exportacion,socio,364,,263418.0
2012,Exportacion,socio,372,,43121515.0
2012,Exportacion,socio,376,,6829358.0
2012,Exportacion,socio,380,,180303250.0
2012,Exportacion,socio,384,,478785.0
2012,Exportacion,socio,388,,53269665.0
2012,Exportacion,socio,392,,85639908.0
2012,Exportacion,socio,398,,3.0
2012,Exportacion,socio,400,,103734.0
2012,Exportacion,socio,404,,108374.0
2012,Exportacion,socio,408,,387.0
2012,Exportacion,socio,410,,47781938.0
2012,Exportacion,socio,414,,46219.0
2012,Exportacion,socio,422,,560058.0
2012,Exportacion,socio,428,,455611.0
2012,Exportacion,socio,434,,415260.0
2012,Exportacion,socio,440,,377289.0
2012,Exportacion,socio,454,,2461212.0
2012,Exportacion,socio,458,,219349137.0
2012,Exportacion,socio,470,,1700.0
2012,Exportacion,socio,478,,32923.0
2012,Exportacion,socio,480,,20320.0
2012,Exportacion,socio,484,,314872814.0
2012,Exportacion,socio,490,,190501414.0
2012,Exportacion,socio,504,,1655748.0
2012,Exportacion,socio,508,,19000.0
2012,Exportacion,socio,512,,56372.0
2012,Exportacion,socio,528,,850040414.0
2012,Exportacion,socio,531,,4545028.0
2012,Exportacion,socio,533,,13255543.0
2012,Exportacion,socio,534,,2367.0
2012,Exportacion,socio,540,,151137.0
2012,Exportacion,socio,554,,1352483.0
2012,Exportacion,socio,558,,501326930.0
2012,Exportacion,socio,566,,394555.0
2012,Exportacion,socio,579,,13645793.0
2012,Exportacion,socio,586,,48782.0
2012,Exportacion,socio,591,,583898983.0
2012,Exportacion,socio,600,,704270.0
2012,Exportacion,socio,604,,17614401.0
2012,Exportacion,socio,608,,3894692.0
2012,Exportacion,socio,612,,57846.0
2012,Exportacion,socio,616,,1453874.0
2012,Exportacion,socio,620,,33166819.0
2012,Exportacion,socio,634,,202646.0
2012,Exportacion,socio,642,,656611.0
2012,Exportacion,socio,643,,49026261.0
2012,Exportacion,socio,654,,324.0
2012,Exportacion,socio,659,,483193.0
2012,Exportacion,socio,660,,21088.0
2012,Exportacion,socio,662,,2013693.0
2012,Exportacion,socio,666,,62916.0
2012,Exportacion,socio,670,,412568.0
2012,Exportacion,socio,678,,98673.0
2012,Exportacion,socio,682,,8757940.0
2012,Exportacion,socio,694,,68509.0
2012,Exportacion,socio,699,,32455673.0
2012,Exportacion,socio,702,,61986200.0
2012,Exportacion,socio,703,,279740.0
2012,Exportacion,socio,704,,14259601.0
2012,Exportacion,socio,705,,83382.0
2012,Exportacion,socio,710,,1698700.0
2012,Exportacion,socio,724,,80581574.0
2012,Exportacion,socio,740,,7289450.0
2012,Exportacion,socio,752,,25482199.0
2012,Exportacion,socio,757,,4804056.0
2012,Exportacion,socio,762,,1202.0
2012,Exportacion,socio,764,,6107840.0
2012,Exportacion,socio,218,,48926764.0
2012,Exportacion,socio,780,,55305490.0
2012,Exportacion,socio,784,,4197219.0
2012,Exportacion,socio,788,,28500.0
2012,Exportacion,socio,792,,9287859.0
2012,Exportacion,socio,796,,40539.0
2012,Exportacion,socio,800,,23375.0
2012,Exportacion,socio,804,,337117.0
2012,Exportacion,socio,807,,34938.0
2012,Exportacion,socio,818,,644860.0
2012,Exportacion,socio,826,,242881900.0
2012,Exportacion,socio,834,,39584.0
2012,Exportacion,socio,842,,4306806171.0
2012,Exportacion,socio,854,,468.0
2012,Exportacion,socio,858,,1272221.0
2012,Exportacion,socio,860,,68.0
2012,Exportacion,socio,862,,68344887.0
2012,Exportacion,socio,882,,69.0
2012,Exportacion,socio,894,,75415.0
2012,Importacion,socio,8,,41520.0
2012,Importacion,socio,10,,38.0
2012,Importacion,socio,12,,94057.0
2012,Importacion,socio,16,,123869.0
2012,Importacion,socio,20,,1699.0
2012,Importacion,socio,24,,7825290.0
2012,Importacion,socio,28,,147.0
2012,Importacion,socio,4,,18237.0
2012,Importacion,socio,32,,92440441.0
2012,Importacion,socio,36,,14928018.0
2012,Importacion,socio,40,,32993770.0
2012,Importacion,socio,44,,2045310.0
2012,Importacion,socio,48,,61381.0
2012,Importacion,socio,50,,4931041.0
2012,Importacion,socio,51,,1098.0
2012,Importacion,socio,52,,175619.0
2012,Importacion,socio,56,,55299471.0
2012,Importacion,socio,60,,11.0
2012,Importacion,socio,64,,26.0
2012,Importacion,socio,68,,4584361.0
2012,Importacion,socio,70,,83520.0
2012,Importacion,socio,72,,17662.0
2012,Importacion,socio,76,,424196251.0
2012,Importacion,socio,84,,1920801.0
2012,Importacion,socio,86,,151800.0
2012,Importacion,socio,92,,497193.0
2012,Importacion,socio,96,,348.0
2012,Importacion,socio,100,,797673.0
2012,Importacion,socio,104,,125064.0
2012,Importacion,socio,116,,2808712.0
2012,Importacion,socio,120,,22081.0
2012,Importacion,socio,112,,676913.0
2012,Importacion,socio,124,,235724706.0
2012,Importacion,socio,136,,1318608.0
2012,Importacion,socio,140,,7489.0
2012,Importacion,socio,144,,2098752.0
2012,Importacion,socio,132,,39452.0
2012,Importacion,socio,152,,290949298.0
2012,Importacion,socio,156,,1446073360.0
2012,Importacion,socio,162,,12.0
2012,Importacion,socio,166,,90.0
2012,Importacion,socio,170,,342847834.0
2012,Importacion,socio,174,,406.0
2012,Importacion,socio,175,,4.0
2012,Importacion,socio,180,,338511.0
2012,Importacion,socio,184,,92380.0
2012,Importacion,socio,191,,358185.0
2012,Importacion,socio,192,,5657980.0
2012,Importacion,socio,196,,170444.0
2012,Importacion,socio,203,,3168478.0
2012,Importacion,socio,204,,5110.0
2012,Importacion,socio,208,,20955132.0
2012,Importacion,socio,212,,70077.0
2012,Importacion,socio,214,,39165434.0
2012,Importacion,socio,218,,26830118.0
2012,Importacion,socio,222,,228785073.0
2012,Importacion,socio,226,,1045923.0
2012,Importacion,socio,232,,607.0
2012,Importacion,socio,233,,665192.0
2012,Importacion,socio,242,,16497.0
2012,Importacion,socio,246,,10117009.0
2012,Importacion,socio,251,,91923502.0
2012,Importacion,socio,258,,64.0
2012,Importacion,socio,266,,560.0
2012,Importacion,socio,268,,8892.0
2012,Importacion,socio,270,,113670.0
2012,Importacion,socio,275,,15608.0
2012,Importacion,socio,276,,317516428.0
2012,Importacion,socio,288,,48836.0
2012,Importacion,socio,292,,64426.0
2012,Importacion,socio,296,,593.0
2012,Importacion,socio,300,,1100884.0
2012,Importacion,socio,304,,1904.0
2012,Importacion,socio,308,,2476.0
2012,Importacion,socio,320,,416945916.0
2012,Importacion,socio,328,,694528.0
2012,Importacion,socio,332,,1702686.0
2012,Importacion,socio,334,,24.0
2012,Importacion,socio,340,,146497110.0
2012,Importacion,socio,344,,53805789.0
2012,Importacion,socio,348,,3888950.0
2012,Importacion,socio,352,,41797.0
2012,Importacion,socio,360,,19467316.0
2012,Importacion,socio,364,,12784063.0
2012,Importacion,socio,368,,15336.0
2012,Importacion,socio,372,,28272216.0
2012,Importacion,socio,376,,43930891.0
2012,Importacion,socio,380,,159430576.0
2012,Importacion,socio,388,,1477752.0
2012,Importacion,socio,384,,2721.0
2012,Importacion,socio,392,,560594540.0
2012,Importacion,socio,398,,54492.0
2012,Importacion,socio,400,,222592.0
2012,Importacion,socio,404,,62025.0
2012,Importacion,socio,408,,5481862.0
2012,Importacion,socio,430,,20806.0
2012,Importacion,socio,410,,278748676.0
2012,Importacion,socio,414,,28281.0
2012,Importacion,socio,417,,1571.0
2012,Importacion,socio,418,,85283.0
2012,Importacion,socio,422,,34028.0
2012,Importacion,socio,426,,17228.0
2012,Importacion,socio,428,,955911.0
2012,Importacion,socio,440,,16392137.0
2012,Importacion,socio,442,,9346554.0
2012,Importacion,socio,446,,48641.0
2012,Importacion,socio,450,,53804.0
2012,Importacion,socio,454,,180062.0
2012,Importacion,socio,434,,203.0
2012,Importacion,socio,470,,52130.0
2012,Importacion,socio,458,,51659627.0
2012,Importacion,socio,480,,208727.0
2012,Importacion,socio,478,,13117305.0
2012,Importacion,socio,484,,1187066499.0
2012,Importacion,socio,498,,71060.0
2012,Importacion,socio,490,,106128549.0
2012,Importacion,socio,496,,416.0
2012,Importacion,socio,500,,745.0
2012,Importacion,socio,504,,2750018.0
2012,Importacion,socio,508,,209931.0
2012,Importacion,socio,512,,58881.0
2012,Importacion,socio,516,,2003.0
2012,Importacion,socio,520,,1000.0
2012,Importacion,socio,524,,854.0
2012,Importacion,socio,548,,2957.0
2012,Importacion,socio,531,,133204.0
2012,Importacion,socio,533,,251633.0
2012,Importacion,socio,540,,973.0
2012,Importacion,socio,528,,113914186.0
2012,Importacion,socio,554,,4587813.0
2012,Importacion,socio,558,,151026039.0
2012,Importacion,socio,579,,9471289.0
2012,Importacion,socio,580,,671.0
2012,Importacion,socio,584,,26.0
2012,Importacion,socio,585,,376.0
2012,Importacion,socio,566,,11656.0
2012,Importacion,socio,574,,60.0
2012,Importacion,socio,586,,4692905.0
2012,Importacion,socio,600,,1275823.0
2012,Importacion,socio,591,,530786316.0
2012,Importacion,socio,604,,140233126.0
2012,Importacion,socio,608,,21787438.0
2012,Importacion,socio,612,,72.0
2012,Importacion,socio,616,,7673184.0
2012,Importacion,socio,620,,8855258.0
2012,Importacion,socio,624,,77.0
2012,Importacion,socio,634,,1350327.0
2012,Importacion,socio,642,,939245.0
2012,Importacion,socio,662,,19268.0
2012,Importacion,socio,643,,46841634.0
2012,Importacion,socio,690,,60184.0
2012,Importacion,socio,694,,70.0
2012,Importacion,socio,686,,5856.0
2012,Importacion,socio,688,,125855.0
2012,Importacion,socio,699,,89863134.0
2012,Importacion,socio,702,,43503175.0
2012,Importacion,socio,703,,4235358.0
2012,Importacion,socio,704,,26836471.0
2012,Importacion,socio,705,,2269902.0
2012,Importacion,socio,706,,410.0
2012,Importacion,socio,710,,2924595.0
2012,Importacion,socio,724,,193361443.0
2012,Importacion,socio,728,,7619.0
2012,Importacion,socio,740,,35330.0
2012,Importacion,socio,748,,17933.0
2012,Importacion,socio,752,,101732226.0
2012,Importacion,socio,682,,5808936.0
2012,Importacion,socio,760,,17906.0
2012,Importacion,socio,762,,8188.0
2012,Importacion,socio,757,,132364933.0
2012,Importacion,socio,764,,93234569.0
2012,Importacion,socio,768,,552.0
2012,Importacion,socio,780,,72577939.0
2012,Importacion,socio,788,,865648.0
2012,Importacion,socio,784,,1348839.0
2012,Importacion,socio,792,,34711117.0
2012,Importacion,socio,795,,287.0
2012,Importacion,socio,796,,15650.0
2012,Importacion,socio,798,,15219.0
2012,Importacion,socio,800,,1932.0
2012,Importacion,socio,804,,5128961.0
2012,Importacion,socio,807,,54464.0
2012,Importacion,socio,818,,1507552.0
2012,Importacion,socio,826,,91421253.0
2012,Importacion,socio,834,,7927.0
2012,Importacion,socio,842,,9519474368.0
2012,Importacion,socio,854,,2088.0
2012,Importacion,socio,858,,12770532.0
2012,Importacion,socio,862,,39037051.0
2012,Importacion,socio,876,,410.0
2012,Importacion,socio,894,,3813.0
2012,Importacion,socio,899,,1.0
2013,Exportacion,socio,10,,57584.0
2013,Exportacion,socio,12,,7317021.0
2013,Exportacion,socio,28,,401246.0
2013,Exportacion,socio,20,,1073746.0
2013,Exportacion,socio,24,,96058.0
2013,Exportacion,socio,32,,6927452.0
2013,Exportacion,socio,36,,17348885.0
2013,Exportacion,socio,40,,144008.0
2013,Exportacion,socio,48,,33879.0
2013,Exportacion,socio,50,,26134.0
2013,Exportacion,socio,51,,957.0
2013,Exportacion,socio,52,,8222997.0
2013,Exportacion,socio,44,,7539043.0
2013,Exportacion,socio,56,,309594546.0
2013,Exportacion,socio,60,,298027.0
2013,Exportacion,socio,68,,1928337.0
2013,Exportacion,socio,72,,64385.0
2013,Exportacion,socio,76,,32469037.0
2013,Exportacion,socio,100,,17370.0
2013,Exportacion,socio,104,,500115.0
2013,Exportacion,socio,112,,5930.0
2013,Exportacion,socio,116,,42936.0
2013,Exportacion,socio,120,,4351183.0
2013,Exportacion,socio,84,,13114507.0
2013,Exportacion,socio,92,,125190.0
2013,Exportacion,socio,124,,80234651.0
2013,Exportacion,socio,136,,842470.0
2013,Exportacion,socio,144,,186430.0
2013,Exportacion,socio,152,,28616231.0
2013,Exportacion,socio,156,,377803764.0
2013,Exportacion,socio,191,,114730.0
2013,Exportacion,socio,170,,71389323.0
2013,Exportacion,socio,178,,23500.0
2013,Exportacion,socio,192,,32561675.0
2013,Exportacion,socio,196,,54758.0
2013,Exportacion,socio,203,,176080.0
2013,Exportacion,socio,208,,6580069.0
2013,Exportacion,socio,212,,1299401.0
2013,Exportacion,socio,214,,246165675.0
2013,Exportacion,socio,218,,55087530.0
2013,Exportacion,socio,222,,311687812.0
2013,Exportacion,socio,231,,15033.0
2013,Exportacion,socio,233,,109234.0
2013,Exportacion,socio,242,,26139.0
2013,Exportacion,socio,246,,17453805.0
2013,Exportacion,socio,251,,105188869.0
2013,Exportacion,socio,258,,15219.0
2013,Exportacion,socio,262,,1200.0
2013,Exportacion,socio,266,,509983.0
2013,Exportacion,socio,268,,294306.0
2013,Exportacion,socio,270,,6446.0
2013,Exportacion,socio,275,,73015.0
2013,Exportacion,socio,288,,1005196.0
2013,Exportacion,socio,300,,38098712.0
2013,Exportacion,socio,304,,54288.0
2013,Exportacion,socio,308,,659602.0
2013,Exportacion,socio,316,,24385.0
2013,Exportacion,socio,276,,114753393.0
2013,Exportacion,socio,320,,450997756.0
2013,Exportacion,socio,328,,8482311.0
2013,Exportacion,socio,332,,17499045.0
2013,Exportacion,socio,340,,322830287.0
2013,Exportacion,socio,344,,648030593.0
2013,Exportacion,socio,348,,23057.0
2013,Exportacion,socio,352,,2186.0
2013,Exportacion,socio,360,,19932043.0
2013,Exportacion,socio,364,,17.0
2013,Exportacion,socio,368,,1.0
2013,Exportacion,socio,372,,60318363.0
2013,Exportacion,socio,376,,6366361.0
2013,Exportacion,socio,380,,139197704.0
2013,Exportacion,socio,384,,3597132.0
2013,Exportacion,socio,388,,50090128.0
2013,Exportacion,socio,400,,185170.0
2013,Exportacion,socio,404,,128108.0
2013,Exportacion,socio,408,,110731.0
2013,Exportacion,socio,410,,39610024.0
2013,Exportacion,socio,414,,77557.0
2013,Exportacion,socio,422,,1220235.0
2013,Exportacion,socio,428,,462493.0
2013,Exportacion,socio,392,,90928853.0
2013,Exportacion,socio,398,,365.0
2013,Exportacion,socio,434,,6689739.0
2013,Exportacion,socio,440,,2583172.0
2013,Exportacion,socio,454,,28448.0
2013,Exportacion,socio,458,,291245037.0
2013,Exportacion,socio,466,,2400.0
2013,Exportacion,socio,470,,45955.0
2013,Exportacion,socio,478,,34654.0
2013,Exportacion,socio,480,,53530.0
2013,Exportacion,socio,490,,78633907.0
2013,Exportacion,socio,499,,190836.0
2013,Exportacion,socio,504,,1088347.0
2013,Exportacion,socio,484,,255321104.0
2013,Exportacion,socio,508,,200494.0
2013,Exportacion,socio,512,,158821.0
2013,Exportacion,socio,520,,59434.0
2013,Exportacion,socio,531,,1397826.0
2013,Exportacion,socio,528,,829672372.0
2013,Exportacion,socio,540,,128863.0
2013,Exportacion,socio,554,,1259889.0
2013,Exportacion,socio,533,,18140430.0
2013,Exportacion,socio,535,,13488.0
2013,Exportacion,socio,558,,498343715.0
2013,Exportacion,socio,566,,735104.0
2013,Exportacion,socio,579,,14367657.0
2013,Exportacion,socio,586,,44084.0
2013,Exportacion,socio,591,,580113833.0
2013,Exportacion,socio,598,,52477.0
2013,Exportacion,socio,600,,1057743.0
2013,Exportacion,socio,608,,1906557.0
2013,Exportacion,socio,616,,1910799.0
2013,Exportacion,socio,620,,42959062.0
2013,Exportacion,socio,604,,15674267.0
2013,Exportacion,socio,634,,204344.0
2013,Exportacion,socio,642,,202299.0
2013,Exportacion,socio,643,,18566571.0
2013,Exportacion,socio,654,,14344.0
2013,Exportacion,socio,659,,203990.0
2013,Exportacion,socio,660,,5630.0
2013,Exportacion,socio,682,,10829296.0
2013,Exportacion,socio,688,,599.0
2013,Exportacion,socio,694,,256099.0
2013,Exportacion,socio,699,,31744200.0
2013,Exportacion,socio,662,,2850026.0
2013,Exportacion,socio,670,,330618.0
2013,Exportacion,socio,686,,96788.0
2013,Exportacion,socio,702,,49600994.0
2013,Exportacion,socio,703,,342204.0
2013,Exportacion,socio,704,,10420573.0
2013,Exportacion,socio,705,,562787.0
2013,Exportacion,socio,710,,1788473.0
2013,Exportacion,socio,724,,77319854.0
2013,Exportacion,socio,729,,16034.0
2013,Exportacion,socio,740,,7498907.0
2013,Exportacion,socio,752,,43608526.0
2013,Exportacion,socio,757,,1571052.0
2013,Exportacion,socio,760,,659224.0
2013,Exportacion,socio,764,,3808735.0
2013,Exportacion,socio,768,,12339.0
2013,Exportacion,socio,780,,56542637.0
2013,Exportacion,socio,784,,5171681.0
2013,Exportacion,socio,788,,16152.0
2013,Exportacion,socio,792,,44178632.0
2013,Exportacion,socio,796,,30333.0
2013,Exportacion,socio,800,,23135.0
2013,Exportacion,socio,804,,1815183.0
2013,Exportacion,socio,818,,2479313.0
2013,Exportacion,socio,826,,231089125.0
2013,Exportacion,socio,834,,22770.0
2013,Exportacion,socio,837,,42589.0
2013,Exportacion,socio,858,,1382477.0
2013,Exportacion,socio,842,,4390841832.0
2013,Exportacion,socio,854,,15000.0
2013,Exportacion,socio,862,,68813593.0
2013,Exportacion,socio,882,,26.0
2013,Exportacion,socio,887,,34979.0
2013,Exportacion,socio,894,,31500.0
2013,Exportacion,socio,899,,1.0
2013,Importacion,socio,4,,25123.0
2013,Importacion,socio,12,,9114685.0
2013,Importacion,socio,16,,15790.0
2013,Importacion,socio,20,,223517.0
2013,Importacion,socio,24,,5729.0
2013,Importacion,socio,28,,80590.0
2013,Importacion,socio,8,,157394.0
2013,Importacion,socio,10,,126.0
2013,Importacion,socio,32,,165362722.0
2013,Importacion,socio,36,,7313534.0
2013,Importacion,socio,40,,36284748.0
2013,Importacion,socio,44,,1586447.0
2013,Importacion,socio,48,,41894.0
2013,Importacion,socio,50,,5237788.0
2013,Importacion,socio,51,,1344.0
2013,Importacion,socio,52,,140438.0
2013,Importacion,socio,68,,3273437.0
2013,Importacion,socio,56,,62723467.0
2013,Importacion,socio,60,,357.0
2013,Importacion,socio,64,,26929.0
2013,Importacion,socio,70,,54030.0
2013,Importacion,socio,72,,13244.0
2013,Importacion,socio,74,,10797.0
2013,Importacion,socio,76,,383383532.0
2013,Importacion,socio,84,,464974.0
2013,Importacion,socio,86,,97599.0
2013,Importacion,socio,90,,140.0
2013,Importacion,socio,92,,171983.0
2013,Importacion,socio,104,,53116.0
2013,Importacion,socio,112,,4014.0
2013,Importacion,socio,116,,3378560.0
2013,Importacion,socio,100,,1593146.0
2013,Importacion,socio,120,,6796.0
2013,Importacion,socio,124,,164028888.0
2013,Importacion,socio,136,,46985.0
2013,Importacion,socio,140,,16753.0
2013,Importacion,socio,144,,2149224.0
2013,Importacion,socio,148,,19192.0
2013,Importacion,socio,152,,271098937.0
2013,Importacion,socio,156,,1748359667.0
2013,Importacion,socio,166,,3538.0
2013,Importacion,socio,170,,358481551.0
2013,Importacion,socio,174,,3800.0
2013,Importacion,socio,175,,572.0
2013,Importacion,socio,178,,6106.0
2013,Importacion,socio,180,,53303.0
2013,Importacion,socio,184,,5910.0
2013,Importacion,socio,192,,5475582.0
2013,Importacion,socio,196,,167657.0
2013,Importacion,socio,191,,488644.0
2013,Importacion,socio,203,,3472738.0
2013,Importacion,socio,204,,2117.0
2013,Importacion,socio,208,,29566824.0
2013,Importacion,socio,212,,47476.0
2013,Importacion,socio,214,,30329867.0
2013,Importacion,socio,218,,38779479.0
2013,Importacion,socio,222,,248736026.0
2013,Importacion,socio,231,,32.0
2013,Importacion,socio,232,,10.0
2013,Importacion,socio,233,,6308327.0
2013,Importacion,socio,234,,4214.0
2013,Importacion,socio,238,,545.0
2013,Importacion,socio,242,,10742.0
2013,Importacion,socio,246,,10256902.0
2013,Importacion,socio,262,,1286.0
2013,Importacion,socio,266,,696.0
2013,Importacion,socio,268,,17669.0
2013,Importacion,socio,270,,12309.0
2013,Importacion,socio,275,,4478.0
2013,Importacion,socio,251,,95428882.0
2013,Importacion,socio,258,,15237.0
2013,Importacion,socio,260,,157.0
2013,Importacion,socio,292,,534.0
2013,Importacion,socio,296,,568.0
2013,Importacion,socio,276,,338874275.0
2013,Importacion,socio,300,,2889248.0
2013,Importacion,socio,308,,953.0
2013,Importacion,socio,304,,4756.0
2013,Importacion,socio,320,,387393484.0
2013,Importacion,socio,324,,75.0
2013,Importacion,socio,332,,682591.0
2013,Importacion,socio,336,,3238.0
2013,Importacion,socio,328,,1013749.0
2013,Importacion,socio,340,,127684376.0
2013,Importacion,socio,344,,59241826.0
2013,Importacion,socio,348,,3626085.0
2013,Importacion,socio,352,,116215.0
2013,Importacion,socio,360,,24850126.0
2013,Importacion,socio,364,,3732669.0
2013,Importacion,socio,368,,15554.0
2013,Importacion,socio,372,,30534341.0
2013,Importacion,socio,376,,61384017.0
2013,Importacion,socio,380,,178367753.0
2013,Importacion,socio,384,,10587.0
2013,Importacion,socio,388,,1795663.0
2013,Importacion,socio,392,,525856446.0
2013,Importacion,socio,398,,26089.0
2013,Importacion,socio,400,,365894.0
2013,Importacion,socio,404,,122067.0
2013,Importacion,socio,408,,3408848.0
2013,Importacion,socio,410,,329612712.0
2013,Importacion,socio,414,,2087.0
2013,Importacion,socio,417,,238.0
2013,Importacion,socio,418,,814.0
2013,Importacion,socio,422,,29888.0
2013,Importacion,socio,428,,1431698.0
2013,Importacion,socio,434,,1031.0
2013,Importacion,socio,440,,845942.0
2013,Importacion,socio,442,,1113341.0
2013,Importacion,socio,446,,98196.0
2013,Importacion,socio,450,,55423.0
2013,Importacion,socio,454,,634466.0
2013,Importacion,socio,426,,8904.0
2013,Importacion,socio,458,,46588527.0
2013,Importacion,socio,466,,5131.0
2013,Importacion,socio,470,,57429.0
2013,Importacion,socio,478,,7359.0
2013,Importacion,socio,480,,118355.0
2013,Importacion,socio,484,,1155030119.0
2013,Importacion,socio,490,,113696926.0
2013,Importacion,socio,496,,20686.0
2013,Importacion,socio,498,,170957.0
2013,Importacion,socio,500,,10100.0
2013,Importacion,socio,508,,878083.0
2013,Importacion,socio,512,,2100.0
2013,Importacion,socio,524,,1382.0
2013,Importacion,socio,504,,3946683.0
2013,Importacion,socio,516,,1181.0
2013,Importacion,socio,520,,1290.0
2013,Importacion,socio,528,,156246348.0
2013,Importacion,socio,531,,3832793.0
2013,Importacion,socio,533,,4841151.0
2013,Importacion,socio,540,,27233.0
2013,Importacion,socio,548,,115.0
2013,Importacion,socio,554,,3417218.0
2013,Importacion,socio,558,,141876330.0
2013,Importacion,socio,566,,8646.0
2013,Importacion,socio,585,,165.0
2013,Importacion,socio,579,,13876520.0
2013,Importacion,socio,581,,5763.0
2013,Importacion,socio,584,,2345.0
2013,Importacion,socio,586,,4333785.0
2013,Importacion,socio,598,,16017.0
2013,Importacion,socio,600,,75916634.0
2013,Importacion,socio,591,,342556891.0
2013,Importacion,socio,604,,44755061.0
2013,Importacion,socio,608,,8079453.0
2013,Importacion,socio,612,,69556.0
2013,Importacion,socio,616,,8767805.0
2013,Importacion,socio,620,,8709666.0
2013,Importacion,socio,626,,17.0
2013,Importacion,socio,634,,1636818.0
2013,Importacion,socio,642,,1411866.0
2013,Importacion,socio,643,,25151606.0
2013,Importacion,socio,646,,124.0
2013,Importacion,socio,654,,2147.0
2013,Importacion,socio,662,,15718.0
2013,Importacion,socio,670,,47.0
2013,Importacion,socio,674,,15090.0
2013,Importacion,socio,686,,8864.0
2013,Importacion,socio,688,,1989.0
2013,Importacion,socio,694,,1725.0
2013,Importacion,socio,682,,6555241.0
2013,Importacion,socio,699,,100918352.0
2013,Importacion,socio,702,,36129049.0
2013,Importacion,socio,703,,3165478.0
2013,Importacion,socio,704,,45765699.0
2013,Importacion,socio,710,,7725094.0
2013,Importacion,socio,705,,1173880.0
2013,Importacion,socio,706,,5530.0
2013,Importacion,socio,716,,1161.0
2013,Importacion,socio,724,,207781232.0
2013,Importacion,socio,728,,817593.0
2013,Importacion,socio,740,,84494.0
2013,Importacion,socio,748,,119491.0
2013,Importacion,socio,752,,56894789.0
2013,Importacion,socio,757,,153644165.0
2013,Importacion,socio,760,,36711.0
2013,Importacion,socio,762,,3301.0
2013,Importacion,socio,764,,146704023.0
2013,Importacion,socio,768,,973.0
2013,Importacion,socio,772,,1931.0
2013,Importacion,socio,780,,118964826.0
2013,Importacion,socio,784,,5827804.0
2013,Importacion,socio,788,,1102522.0
2013,Importacion,socio,792,,44281380.0
2013,Importacion,socio,795,,8917.0
2013,Importacion,socio,796,,18719.0
2013,Importacion,socio,800,,1144.0
2013,Importacion,socio,818,,6491029.0
2013,Importacion,socio,804,,5903820.0
2013,Importacion,socio,807,,253143.0
2013,Importacion,socio,834,,17828.0
2013,Importacion,socio,826,,95041098.0
2013,Importacion,socio,842,,9062536010.0
2013,Importacion,socio,854,,93.0
2013,Importacion,socio,858,,23294328.0
2013,Importacion,socio,860,,43268.0
2013,Importacion,socio,862,,46933226.0
2013,Importacion,socio,876,,6959.0
2013,Importacion,socio,882,,2567.0
2013,Importacion,socio,894,,3493.0
2014,Exportacion,socio,4,,38975.0
2014,Exportacion,socio,8,,39118.0
2014,Exportacion,socio,10,,23620.0
2014,Exportacion,socio,12,,88187.0
2014,Exportacion,socio,24,,430490.0
2014,Exportacion,socio,28,,449951.0
2014,Exportacion,socio,32,,5838954.0
2014,Exportacion,socio,36,,23080911.0
2014,Exportacion,socio,40,,380797.0
2014,Exportacion,socio,44,,9755542.0
2014,Exportacion,socio,48,,42743.0
2014,Exportacion,socio,51,,1187.0
2014,Exportacion,socio,52,,10040255.0
2014,Exportacion,socio,56,,368962483.0
2014,Exportacion,socio,60,,351738.0
2014,Exportacion,socio,68,,1734783.0
2014,Exportacion,socio,76,,26621741.0
2014,Exportacion,socio,84,,11909038.0
2014,Exportacion,socio,92,,6081.0
2014,Exportacion,socio,100,,870932.0
2014,Exportacion,socio,104,,128870.0
2014,Exportacion,socio,108,,7000.0
2014,Exportacion,socio,112,,22491.0
2014,Exportacion,socio,120,,4114272.0
2014,Exportacion,socio,124,,72308511.0
2014,Exportacion,socio,136,,332881.0
2014,Exportacion,socio,140,,12.0
2014,Exportacion,socio,144,,40293.0
2014,Exportacion,socio,152,,39650045.0
2014,Exportacion,socio,156,,339144698.0
2014,Exportacion,socio,170,,79848275.0
2014,Exportacion,socio,180,,54190.0
2014,Exportacion,socio,191,,607346.0
2014,Exportacion,socio,178,,52448.0
2014,Exportacion,socio,192,,37426136.0
2014,Exportacion,socio,196,,58180.0
2014,Exportacion,socio,203,,95243.0
2014,Exportacion,socio,208,,9419098.0
2014,Exportacion,socio,212,,1004925.0
2014,Exportacion,socio,214,,267169930.0
2014,Exportacion,socio,218,,53585549.0
2014,Exportacion,socio,222,,284788413.0
2014,Exportacion,socio,226,,5352.0
2014,Exportacion,socio,231,,360.0
2014,Exportacion,socio,233,,58998.0
2014,Exportacion,socio,242,,11381.0
2014,Exportacion,socio,246,,17814685.0
2014,Exportacion,socio,251,,87133897.0
2014,Exportacion,socio,258,,2820.0
2014,Exportacion,socio,262,,1200.0
2014,Exportacion,socio,266,,75516.0
2014,Exportacion,socio,268,,186585.0
2014,Exportacion,socio,275,,109436.0
2014,Exportacion,socio,276,,120647307.0
2014,Exportacion,socio,288,,87113.0
2014,Exportacion,socio,300,,34869119.0
2014,Exportacion,socio,308,,693589.0
2014,Exportacion,socio,316,,45700.0
2014,Exportacion,socio,328,,15107130.0
2014,Exportacion,socio,332,,16917225.0
2014,Exportacion,socio,320,,465482947.0
2014,Exportacion,socio,340,,319392106.0
2014,Exportacion,socio,344,,413448169.0
2014,Exportacion,socio,348,,92034.0
2014,Exportacion,socio,360,,682743.0
2014,Exportacion,socio,364,,98675.0
2014,Exportacion,socio,368,,25573.0
2014,Exportacion,socio,372,,83459976.0
2014,Exportacion,socio,376,,6097864.0
2014,Exportacion,socio,380,,149319272.0
2014,Exportacion,socio,384,,390275.0
2014,Exportacion,socio,388,,47721537.0
2014,Exportacion,socio,392,,92184573.0
2014,Exportacion,socio,400,,772952.0
2014,Exportacion,socio,404,,53298.0
2014,Exportacion,socio,408,,546196.0
2014,Exportacion,socio,410,,66666436.0
2014,Exportacion,socio,422,,1588694.0
2014,Exportacion,socio,428,,323121.0
2014,Exportacion,socio,430,,21421.0
2014,Exportacion,socio,434,,4280701.0
2014,Exportacion,socio,440,,5032006.0
2014,Exportacion,socio,442,,2339.0
2014,Exportacion,socio,414,,204389.0
2014,Exportacion,socio,458,,400827577.0
2014,Exportacion,socio,466,,19404.0
2014,Exportacion,socio,470,,647223.0
2014,Exportacion,socio,478,,36872.0
2014,Exportacion,socio,480,,558.0
2014,Exportacion,socio,484,,261878263.0
2014,Exportacion,socio,490,,54315161.0
2014,Exportacion,socio,499,,1096895.0
2014,Exportacion,socio,504,,1880375.0
2014,Exportacion,socio,508,,68865.0
2014,Exportacion,socio,512,,189119.0
2014,Exportacion,socio,528,,695672612.0
2014,Exportacion,socio,531,,1928028.0
2014,Exportacion,socio,533,,21576779.0
2014,Exportacion,socio,535,,177.0
2014,Exportacion,socio,554,,24690703.0
2014,Exportacion,socio,540,,60871.0
2014,Exportacion,socio,566,,185458.0
2014,Exportacion,socio,579,,22912288.0
2014,Exportacion,socio,558,,498018678.0
2014,Exportacion,socio,585,,3352.0
2014,Exportacion,socio,586,,252859.0
2014,Exportacion,socio,598,,8255.0
2014,Exportacion,socio,591,,593222716.0
2014,Exportacion,socio,600,,1094560.0
2014,Exportacion,socio,604,,16430302.0
2014,Exportacion,socio,608,,4923826.0
2014,Exportacion,socio,660,,13764.0
2014,Exportacion,socio,616,,5126294.0
2014,Exportacion,socio,620,,14607599.0
2014,Exportacion,socio,686,,1500.0
2014,Exportacion,socio,634,,178885.0
2014,Exportacion,socio,642,,273732.0
2014,Exportacion,socio,643,,23514901.0
2014,Exportacion,socio,654,,31725.0
2014,Exportacion,socio,659,,169380.0
2014,Exportacion,socio,662,,2631873.0
2014,Exportacion,socio,670,,886807.0
2014,Exportacion,socio,682,,7606302.0
2014,Exportacion,socio,688,,33236.0
2014,Exportacion,socio,690,,10.0
2014,Exportacion,socio,694,,21131.0
2014,Exportacion,socio,699,,17032392.0
2014,Exportacion,socio,702,,41341161.0
2014,Exportacion,socio,703,,357881.0
2014,Exportacion,socio,704,,41792331.0
2014,Exportacion,socio,705,,117384.0
2014,Exportacion,socio,710,,2385208.0
2014,Exportacion,socio,724,,116808504.0
2014,Exportacion,socio,764,,2155028.0
2014,Exportacion,socio,740,,9097562.0
2014,Exportacion,socio,752,,27174826.0
2014,Exportacion,socio,757,,4652397.0
2014,Exportacion,socio,760,,1281437.0
2014,Exportacion,socio,780,,59517103.0
2014,Exportacion,socio,784,,5367176.0
2014,Exportacion,socio,788,,263043.0
2014,Exportacion,socio,792,,35133213.0
2014,Exportacion,socio,796,,32204.0
2014,Exportacion,socio,800,,24695.0
2014,Exportacion,socio,804,,7589900.0
2014,Exportacion,socio,807,,2633.0
2014,Exportacion,socio,818,,1749592.0
2014,Exportacion,socio,826,,243064696.0
2014,Exportacion,socio,834,,217100.0
2014,Exportacion,socio,842,,4308664480.0
2014,Exportacion,socio,854,,52468.0
2014,Exportacion,socio,858,,2314298.0
2014,Exportacion,socio,860,,520.0
2014,Exportacion,socio,862,,55025657.0
2014,Exportacion,socio,887,,72258.0
2014,Exportacion,socio,894,,34025.0
2014,Exportacion,socio,899,,119926.0
2014,Importacion,socio,4,,25477.0
2014,Importacion,socio,8,,19081.0
2014,Importacion,socio,12,,42001.0
2014,Importacion,socio,16,,41595.0
2014,Importacion,socio,20,,488808.0
2014,Importacion,socio,24,,695.0
2014,Importacion,socio,28,,804.0
2014,Importacion,socio,32,,64434318.0
2014,Importacion,socio,36,,7819815.0
2014,Importacion,socio,40,,46712989.0
2014,Importacion,socio,44,,198562.0
2014,Importacion,socio,48,,84393.0
2014,Importacion,socio,50,,6307871.0
2014,Importacion,socio,51,,56.0
2014,Importacion,socio,52,,291897.0
2014,Importacion,socio,56,,77224576.0
2014,Importacion,socio,60,,7546.0
2014,Importacion,socio,68,,2626906.0
2014,Importacion,socio,72,,11536.0
2014,Importacion,socio,70,,89551.0
2014,Importacion,socio,74,,4689.0
2014,Importacion,socio,76,,272704627.0
2014,Importacion,socio,84,,605576.0
2014,Importacion,socio,86,,28.0
2014,Importacion,socio,92,,222989.0
2014,Importacion,socio,100,,1408976.0
2014,Importacion,socio,104,,160466.0
2014,Importacion,socio,112,,1740046.0
2014,Importacion,socio,116,,2536561.0
2014,Importacion,socio,120,,5853.0
2014,Importacion,socio,124,,186720470.0
2014,Importacion,socio,132,,166394.0
2014,Importacion,socio,140,,229579.0
2014,Importacion,socio,144,,2823579.0
2014,Importacion,socio,136,,14091.0
2014,Importacion,socio,152,,277397583.0
2014,Importacion,socio,156,,1715659781.0
2014,Importacion,socio,166,,2348.0
2014,Importacion,socio,170,,316703975.0
2014,Importacion,socio,174,,40.0
2014,Importacion,socio,178,,6525.0
2014,Importacion,socio,180,,152756.0
2014,Importacion,socio,184,,2430.0
2014,Importacion,socio,191,,282425.0
2014,Importacion,socio,192,,1023074.0
2014,Importacion,socio,196,,84941.0
2014,Importacion,socio,203,,7852644.0
2014,Importacion,socio,204,,493.0
2014,Importacion,socio,208,,40789018.0
2014,Importacion,socio,212,,17109.0
2014,Importacion,socio,214,,49465669.0
2014,Importacion,socio,218,,33332479.0
2014,Importacion,socio,222,,221682419.0
2014,Importacion,socio,232,,4225.0
2014,Importacion,socio,233,,273293.0
2014,Importacion,socio,242,,13654.0
2014,Importacion,socio,246,,8061491.0
2014,Importacion,socio,251,,105796644.0
2014,Importacion,socio,258,,59325.0
2014,Importacion,socio,260,,127.0
2014,Importacion,socio,262,,730.0
2014,Importacion,socio,266,,1162.0
2014,Importacion,socio,268,,6762.0
2014,Importacion,socio,270,,11908.0
2014,Importacion,socio,275,,29782.0
2014,Importacion,socio,276,,360384912.0
2014,Importacion,socio,288,,1425.0
2014,Importacion,socio,292,,7399.0
2014,Importacion,socio,300,,1241321.0
2014,Importacion,socio,304,,4133.0
2014,Importacion,socio,308,,33454.0
2014,Importacion,socio,328,,68735.0
2014,Importacion,socio,320,,408973383.0
2014,Importacion,socio,324,,57.0
2014,Importacion,socio,332,,611275.0
2014,Importacion,socio,340,,108488736.0
2014,Importacion,socio,344,,99947432.0
2014,Importacion,socio,348,,8436655.0
2014,Importacion,socio,352,,49364.0
2014,Importacion,socio,360,,34812905.0
2014,Importacion,socio,364,,947.0
2014,Importacion,socio,372,,39890068.0
2014,Importacion,socio,376,,259453092.0
2014,Importacion,socio,380,,206491460.0
2014,Importacion,socio,384,,6377.0
2014,Importacion,socio,388,,1030493.0
2014,Importacion,socio,392,,475323884.0
2014,Importacion,socio,398,,139.0
2014,Importacion,socio,400,,253195.0
2014,Importacion,socio,404,,59315.0
2014,Importacion,socio,408,,3613710.0
2014,Importacion,socio,418,,8238.0
2014,Importacion,socio,410,,326413265.0
2014,Importacion,socio,422,,183266.0
2014,Importacion,socio,426,,27115.0
2014,Importacion,socio,428,,626021.0
2014,Importacion,socio,430,,3646.0
2014,Importacion,socio,446,,44248.0
2014,Importacion,socio,414,,386702.0
2014,Importacion,socio,417,,7383.0
2014,Importacion,socio,440,,1447718.0
2014,Importacion,socio,442,,965897.0
2014,Importacion,socio,450,,85231.0
2014,Importacion,socio,454,,555756.0
2014,Importacion,socio,458,,51583631.0
2014,Importacion,socio,470,,120269.0
2014,Importacion,socio,478,,9846.0
2014,Importacion,socio,480,,54505.0
2014,Importacion,socio,484,,1147125898.0
2014,Importacion,socio,490,,159388467.0
2014,Importacion,socio,498,,160.0
2014,Importacion,socio,500,,85054.0
2014,Importacion,socio,504,,3798351.0
2014,Importacion,socio,508,,669998.0
2014,Importacion,socio,512,,19512.0
2014,Importacion,socio,516,,8.0
2014,Importacion,socio,520,,1363.0
2014,Importacion,socio,524,,8691.0
2014,Importacion,socio,528,,115085851.0
2014,Importacion,socio,531,,3391203.0
2014,Importacion,socio,533,,61657.0
2014,Importacion,socio,534,,4332.0
2014,Importacion,socio,540,,548.0
2014,Importacion,socio,548,,9465.0
2014,Importacion,socio,554,,5056592.0
2014,Importacion,socio,558,,155242250.0
2014,Importacion,socio,581,,19541.0
2014,Importacion,socio,566,,13111.0
2014,Importacion,socio,579,,11458576.0
2014,Importacion,socio,580,,87.0
2014,Importacion,socio,585,,226.0
2014,Importacion,socio,586,,6464739.0
2014,Importacion,socio,591,,355633979.0
2014,Importacion,socio,598,,4065.0
2014,Importacion,socio,600,,54115067.0
2014,Importacion,socio,604,,52054504.0
2014,Importacion,socio,608,,14172126.0
2014,Importacion,socio,612,,97437.0
2014,Importacion,socio,616,,12804419.0
2014,Importacion,socio,620,,12832897.0
2014,Importacion,socio,624,,164.0
2014,Importacion,socio,626,,6.0
2014,Importacion,socio,634,,2960361.0
2014,Importacion,socio,642,,2058711.0
2014,Importacion,socio,688,,17000.0
2014,Importacion,socio,643,,34215977.0
2014,Importacion,socio,660,,217.0
2014,Importacion,socio,662,,99.0
2014,Importacion,socio,670,,1646.0
2014,Importacion,socio,674,,24941.0
2014,Importacion,socio,682,,7442619.0
2014,Importacion,socio,686,,32753.0
2014,Importacion,socio,690,,96986.0
2014,Importacion,socio,694,,275.0
2014,Importacion,socio,699,,114833137.0
2014,Importacion,socio,702,,74963228.0
2014,Importacion,socio,703,,3650745.0
2014,Importacion,socio,704,,46249903.0
2014,Importacion,socio,705,,1420074.0
2014,Importacion,socio,706,,3545.0
2014,Importacion,socio,710,,7041700.0
2014,Importacion,socio,724,,206000204.0
2014,Importacion,socio,729,,21124.0
2014,Importacion,socio,732,,152.0
2014,Importacion,socio,740,,10830.0
2014,Importacion,socio,748,,40852.0
2014,Importacion,socio,752,,50450543.0
2014,Importacion,socio,757,,116823458.0
2014,Importacion,socio,760,,2128.0
2014,Importacion,socio,762,,11422.0
2014,Importacion,socio,764,,155011810.0
2014,Importacion,socio,768,,9747.0
2014,Importacion,socio,772,,2250.0
2014,Importacion,socio,776,,125.0
2014,Importacion,socio,780,,68252079.0
2014,Importacion,socio,784,,5465066.0
2014,Importacion,socio,788,,1354842.0
2014,Importacion,socio,792,,60618724.0
2014,Importacion,socio,795,,67387.0
2014,Importacion,socio,796,,4203.0
2014,Importacion,socio,798,,78.0
2014,Importacion,socio,800,,923.0
2014,Importacion,socio,804,,1898175.0
2014,Importacion,socio,807,,227422.0
2014,Importacion,socio,818,,1372034.0
2014,Importacion,socio,826,,102048233.0
2014,Importacion,socio,834,,18195.0
2014,Importacion,socio,842,,7632705276.0
2014,Importacion,socio,854,,95.0
2014,Importacion,socio,858,,25741568.0
2014,Importacion,socio,860,,9.0
2014,Importacion,socio,862,,44525235.0
2014,Importacion,socio,882,,48371.0
2014,Importacion,socio,894,,9322.0
2014,Importacion,socio,899,,461342719.0
2015,Exportacion,socio,4,,195842.0
2015,Exportacion,socio,8,,311112.0
2015,Exportacion,socio,12,,92342.0
2015,Exportacion,socio,28,,404417.0
2015,Exportacion,socio,32,,9734233.0
2015,Exportacion,socio,36,,31182523.0
2015,Exportacion,socio,40,,184497.0
2015,Exportacion,socio,44,,6819035.0
2015,Exportacion,socio,48,,38325.0
2015,Exportacion,socio,51,,661.0
2015,Exportacion,socio,52,,7668047.0
2015,Exportacion,socio,56,,430357380.0
2015,Exportacion,socio,60,,279475.0
2015,Exportacion,socio,68,,1325563.0
2015,Exportacion,socio,72,,187803.0
2015,Exportacion,socio,76,,21075547.0
2015,Exportacion,socio,84,,11770727.0
2015,Exportacion,socio,92,,40147.0
2015,Exportacion,socio,100,,33630.0
2015,Exportacion,socio,104,,295888.0
2015,Exportacion,socio,112,,1605.0
2015,Exportacion,socio,120,,3918995.0
2015,Exportacion,socio,124,,108632923.0
2015,Exportacion,socio,132,,9233.0
2015,Exportacion,socio,136,,862477.0
2015,Exportacion,socio,144,,359.0
2015,Exportacion,socio,152,,37441468.0
2015,Exportacion,socio,156,,80174769.0
2015,Exportacion,socio,170,,71815576.0
2015,Exportacion,socio,191,,927431.0
2015,Exportacion,socio,192,,29281749.0
2015,Exportacion,socio,196,,47225.0
2015,Exportacion,socio,203,,60672.0
2015,Exportacion,socio,208,,5941199.0
2015,Exportacion,socio,212,,1166095.0
2015,Exportacion,socio,214,,265836363.0
2015,Exportacion,socio,218,,43945746.0
2015,Exportacion,socio,233,,102722.0
2015,Exportacion,socio,242,,31023.0
2015,Exportacion,socio,246,,26038285.0
2015,Exportacion,socio,222,,285428682.0
2015,Exportacion,socio,231,,7688.0
2015,Exportacion,socio,251,,119626395.0
2015,Exportacion,socio,258,,2690.0
2015,Exportacion,socio,266,,445707.0
2015,Exportacion,socio,268,,2567.0
2015,Exportacion,socio,276,,148191463.0
2015,Exportacion,socio,288,,257124.0
2015,Exportacion,socio,308,,559724.0
2015,Exportacion,socio,316,,56127.0
2015,Exportacion,socio,300,,30108733.0
2015,Exportacion,socio,328,,11427248.0
2015,Exportacion,socio,332,,19014834.0
2015,Exportacion,socio,320,,523862138.0
2015,Exportacion,socio,324,,7233.0
2015,Exportacion,socio,340,,332821026.0
2015,Exportacion,socio,344,,66428206.0
2015,Exportacion,socio,348,,599064.0
2015,Exportacion,socio,360,,104647.0
2015,Exportacion,socio,364,,119698.0
2015,Exportacion,socio,368,,49543.0
2015,Exportacion,socio,376,,8923325.0
2015,Exportacion,socio,372,,71319236.0
2015,Exportacion,socio,380,,170745660.0
2015,Exportacion,socio,388,,45676011.0
2015,Exportacion,socio,384,,182335.0
2015,Exportacion,socio,392,,97305807.0
2015,Exportacion,socio,398,,263828.0
2015,Exportacion,socio,400,,204218.0
2015,Exportacion,socio,404,,60564.0
2015,Exportacion,socio,408,,71310.0
2015,Exportacion,socio,410,,51486332.0
2015,Exportacion,socio,414,,2536917.0
2015,Exportacion,socio,422,,1658469.0
2015,Exportacion,socio,428,,279743.0
2015,Exportacion,socio,430,,32655.0
2015,Exportacion,socio,434,,805898.0
2015,Exportacion,socio,440,,9466682.0
2015,Exportacion,socio,442,,29029.0
2015,Exportacion,socio,450,,1009.0
2015,Exportacion,socio,458,,5340350.0
2015,Exportacion,socio,466,,63000.0
2015,Exportacion,socio,470,,566634.0
2015,Exportacion,socio,484,,239525417.0
2015,Exportacion,socio,490,,18085256.0
2015,Exportacion,socio,499,,2349509.0
2015,Exportacion,socio,504,,3009385.0
2015,Exportacion,socio,512,,98299.0
2015,Exportacion,socio,528,,440009480.0
2015,Exportacion,socio,531,,2193128.0
2015,Exportacion,socio,533,,21175209.0
2015,Exportacion,socio,540,,1051419.0
2015,Exportacion,socio,554,,4362387.0
2015,Exportacion,socio,558,,522651156.0
2015,Exportacion,socio,566,,161633.0
2015,Exportacion,socio,579,,26256524.0
2015,Exportacion,socio,581,,480939.0
2015,Exportacion,socio,585,,3127.0
2015,Exportacion,socio,586,,266041.0
2015,Exportacion,socio,591,,558579995.0
2015,Exportacion,socio,600,,1678771.0
2015,Exportacion,socio,604,,18225641.0
2015,Exportacion,socio,608,,3602332.0
2015,Exportacion,socio,616,,5173903.0
2015,Exportacion,socio,620,,19131592.0
2015,Exportacion,socio,624,,41994.0
2015,Exportacion,socio,643,,19544337.0
2015,Exportacion,socio,654,,1825.0
2015,Exportacion,socio,659,,212297.0
2015,Exportacion,socio,660,,22735.0
2015,Exportacion,socio,662,,1606821.0
2015,Exportacion,socio,670,,1154278.0
2015,Exportacion,socio,634,,217748.0
2015,Exportacion,socio,682,,9373597.0
2015,Exportacion,socio,694,,121583.0
2015,Exportacion,socio,642,,751315.0
2015,Exportacion,socio,699,,14049619.0
2015,Exportacion,socio,702,,28888377.0
2015,Exportacion,socio,703,,326600.0
2015,Exportacion,socio,688,,30694.0
2015,Exportacion,socio,705,,1908178.0
2015,Exportacion,socio,710,,3318842.0
2015,Exportacion,socio,716,,336.0
2015,Exportacion,socio,704,,7457133.0
2015,Exportacion,socio,724,,127098857.0
2015,Exportacion,socio,732,,150.0
2015,Exportacion,socio,740,,10210381.0
2015,Exportacion,socio,752,,12131707.0
2015,Exportacion,socio,757,,6447253.0
2015,Exportacion,socio,760,,329573.0
2015,Exportacion,socio,768,,50845.0
2015,Exportacion,socio,764,,3833000.0
2015,Exportacion,socio,780,,61749024.0
2015,Exportacion,socio,784,,2601874.0
2015,Exportacion,socio,788,,358346.0
2015,Exportacion,socio,792,,32346017.0
2015,Exportacion,socio,796,,60.0
2015,Exportacion,socio,800,,48600.0
2015,Exportacion,socio,804,,2937529.0
2015,Exportacion,socio,818,,659204.0
2015,Exportacion,socio,826,,177502203.0
2015,Exportacion,socio,834,,68012.0
2015,Exportacion,socio,837,,96956.0
2015,Exportacion,socio,842,,3903662102.0
2015,Exportacion,socio,854,,246075.0
2015,Exportacion,socio,858,,1908667.0
2015,Exportacion,socio,860,,49300.0
2015,Exportacion,socio,862,,52325878.0
2015,Exportacion,socio,894,,92063.0
2015,Exportacion,socio,899,,111994.0
2015,Importacion,socio,4,,40424.0
2015,Importacion,socio,8,,11466.0
2015,Importacion,socio,31,,5990.0
2015,Importacion,socio,16,,17240.0
2015,Importacion,socio,20,,28382.0
2015,Importacion,socio,24,,2969.0
2015,Importacion,socio,28,,6219.0
2015,Importacion,socio,32,,61392634.0
2015,Importacion,socio,36,,8234135.0
2015,Importacion,socio,40,,27070729.0
2015,Importacion,socio,44,,40844.0
2015,Importacion,socio,48,,148763.0
2015,Importacion,socio,50,,8536142.0
2015,Importacion,socio,51,,23866.0
2015,Importacion,socio,52,,333298.0
2015,Importacion,socio,56,,48859160.0
2015,Importacion,socio,60,,3690.0
2015,Importacion,socio,68,,1210503.0
2015,Importacion,socio,70,,79391.0
2015,Importacion,socio,72,,7572.0
2015,Importacion,socio,84,,582147.0
2015,Importacion,socio,76,,296025974.0
2015,Importacion,socio,86,,1724.0
2015,Importacion,socio,92,,328684.0
2015,Importacion,socio,100,,1488805.0
2015,Importacion,socio,104,,151114.0
2015,Importacion,socio,112,,1622148.0
2015,Importacion,socio,116,,3065709.0
2015,Importacion,socio,120,,3431.0
2015,Importacion,socio,124,,164937811.0
2015,Importacion,socio,144,,2003029.0
2015,Importacion,socio,136,,51338.0
2015,Importacion,socio,140,,43634.0
2015,Importacion,socio,152,,268441317.0
2015,Importacion,socio,156,,1947535997.0
2015,Importacion,socio,162,,164.0
2015,Importacion,socio,166,,649.0
2015,Importacion,socio,170,,306993434.0
2015,Importacion,socio,174,,567.0
2015,Importacion,socio,178,,4219.0
2015,Importacion,socio,180,,1922514.0
2015,Importacion,socio,184,,995.0
2015,Importacion,socio,192,,640620.0
2015,Importacion,socio,191,,6449400.0
2015,Importacion,socio,196,,157771.0
2015,Importacion,socio,203,,27661517.0
2015,Importacion,socio,204,,1896.0
2015,Importacion,socio,208,,58303860.0
2015,Importacion,socio,212,,13467.0
2015,Importacion,socio,214,,37196743.0
2015,Importacion,socio,218,,33722352.0
2015,Importacion,socio,222,,235046729.0
2015,Importacion,socio,226,,2590.0
2015,Importacion,socio,231,,24693.0
2015,Importacion,socio,233,,695747.0
2015,Importacion,socio,242,,6507.0
2015,Importacion,socio,246,,9470421.0
2015,Importacion,socio,251,,120158520.0
2015,Importacion,socio,258,,18239.0
2015,Importacion,socio,260,,1937.0
2015,Importacion,socio,275,,5859.0
2015,Importacion,socio,266,,11.0
2015,Importacion,socio,268,,3224666.0
2015,Importacion,socio,270,,35301.0
2015,Importacion,socio,276,,378493137.0
2015,Importacion,socio,292,,287.0
2015,Importacion,socio,296,,2907.0
2015,Importacion,socio,300,,1363151.0
2015,Importacion,socio,304,,41268.0
2015,Importacion,socio,308,,376905.0
2015,Importacion,socio,316,,858.0
2015,Importacion,socio,320,,399176770.0
2015,Importacion,socio,324,,2473.0
2015,Importacion,socio,328,,335162.0
2015,Importacion,socio,332,,97903.0
2015,Importacion,socio,340,,103525769.0
2015,Importacion,socio,344,,107602418.0
2015,Importacion,socio,352,,140890.0
2015,Importacion,socio,348,,19140478.0
2015,Importacion,socio,360,,28778830.0
2015,Importacion,socio,364,,5932.0
2015,Importacion,socio,368,,646.0
2015,Importacion,socio,372,,49819808.0
2015,Importacion,socio,376,,44122250.0
2015,Importacion,socio,380,,179293185.0
2015,Importacion,socio,384,,47209.0
2015,Importacion,socio,388,,1271381.0
2015,Importacion,socio,392,,418780252.0
2015,Importacion,socio,400,,377559.0
2015,Importacion,socio,404,,67690.0
2015,Importacion,socio,408,,2311043.0
2015,Importacion,socio,410,,391010704.0
2015,Importacion,socio,414,,28219.0
2015,Importacion,socio,417,,105.0
2015,Importacion,socio,418,,20.0
2015,Importacion,socio,422,,2080.0
2015,Importacion,socio,426,,400.0
2015,Importacion,socio,428,,6644576.0
2015,Importacion,socio,442,,1048491.0
2015,Importacion,socio,446,,12195.0
2015,Importacion,socio,450,,91326.0
2015,Importacion,socio,440,,2393707.0
2015,Importacion,socio,454,,178642.0
2015,Importacion,socio,458,,38257366.0
2015,Importacion,socio,462,,712.0
2015,Importacion,socio,466,,101.0
2015,Importacion,socio,470,,396249.0
2015,Importacion,socio,478,,4646.0
2015,Importacion,socio,480,,2099736.0
2015,Importacion,socio,484,,1153294267.0
2015,Importacion,socio,490,,122390598.0
2015,Importacion,socio,496,,7412.0
2015,Importacion,socio,498,,412.0
2015,Importacion,socio,499,,618.0
2015,Importacion,socio,500,,410.0
2015,Importacion,socio,504,,3184016.0
2015,Importacion,socio,508,,161582.0
2015,Importacion,socio,512,,42968.0
2015,Importacion,socio,516,,320.0
2015,Importacion,socio,520,,4581.0
2015,Importacion,socio,524,,9269.0
2015,Importacion,socio,528,,89808739.0
2015,Importacion,socio,531,,1927356.0
2015,Importacion,socio,540,,151077.0
2015,Importacion,socio,548,,6633.0
2015,Importacion,socio,554,,7167530.0
2015,Importacion,socio,533,,44077.0
2015,Importacion,socio,558,,129849907.0
2015,Importacion,socio,566,,512.0
2015,Importacion,socio,570,,990.0
2015,Importacion,socio,579,,23662627.0
2015,Importacion,socio,580,,90.0
2015,Importacion,socio,581,,45263.0
2015,Importacion,socio,584,,54527.0
2015,Importacion,socio,585,,26.0
2015,Importacion,socio,586,,7357548.0
2015,Importacion,socio,591,,285579660.0
2015,Importacion,socio,600,,5655753.0
2015,Importacion,socio,604,,57279290.0
2015,Importacion,socio,608,,5945093.0
2015,Importacion,socio,612,,522.0
2015,Importacion,socio,616,,9751857.0
2015,Importacion,socio,620,,11679189.0
2015,Importacion,socio,634,,6019329.0
2015,Importacion,socio,624,,12698.0
2015,Importacion,socio,626,,3.0
2015,Importacion,socio,642,,2289897.0
2015,Importacion,socio,643,,40553871.0
2015,Importacion,socio,646,,308.0
2015,Importacion,socio,659,,301.0
2015,Importacion,socio,660,,11828.0
2015,Importacion,socio,662,,708.0
2015,Importacion,socio,682,,5028370.0
2015,Importacion,socio,686,,1271.0
2015,Importacion,socio,688,,8462.0
2015,Importacion,socio,690,,236139.0
2015,Importacion,socio,694,,35.0
2015,Importacion,socio,699,,139310492.0
2015,Importacion,socio,702,,46345434.0
2015,Importacion,socio,703,,5204994.0
2015,Importacion,socio,704,,56188618.0
2015,Importacion,socio,705,,3417066.0
2015,Importacion,socio,706,,452.0
2015,Importacion,socio,710,,6175219.0
2015,Importacion,socio,716,,3402.0
2015,Importacion,socio,724,,218071130.0
2015,Importacion,socio,729,,27.0
2015,Importacion,socio,732,,938.0
2015,Importacion,socio,740,,414668.0
2015,Importacion,socio,748,,684.0
2015,Importacion,socio,752,,32209683.0
2015,Importacion,socio,757,,114963630.0
2015,Importacion,socio,760,,8127.0
2015,Importacion,socio,762,,308.0
2015,Importacion,socio,764,,180001964.0
2015,Importacion,socio,768,,1590.0
2015,Importacion,socio,772,,134.0
2015,Importacion,socio,780,,44234610.0
2015,Importacion,socio,784,,5937501.0
2015,Importacion,socio,788,,764144.0
2015,Importacion,socio,792,,62409926.0
2015,Importacion,socio,795,,52197.0
2015,Importacion,socio,796,,296.0
2015,Importacion,socio,798,,94.0
2015,Importacion,socio,800,,3749.0
2015,Importacion,socio,804,,13330882.0
2015,Importacion,socio,807,,113919.0
2015,Importacion,socio,818,,1857310.0
2015,Importacion,socio,826,,133065353.0
2015,Importacion,socio,834,,22891.0
2015,Importacion,socio,842,,6164438077.0
2015,Importacion,socio,854,,2040.0
2015,Importacion,socio,858,,24032266.0
2015,Importacion,socio,862,,64968050.0
2015,Importacion,socio,876,,451.0
2015,Importacion,socio,894,,2268.0
2015,Importacion,socio,899,,356197128.0
2016,Exportacion,socio,8,,121267.0
2016,Exportacion,socio,12,,16001.0
2016,Exportacion,socio,28,,495345.0
2016,Exportacion,socio,32,,7625719.0
2016,Exportacion,socio,40,,549368.0
2016,Exportacion,socio,44,,6692706.0
2016,Exportacion,socio,48,,40868.0
2016,Exportacion,socio,50,,98150.0
2016,Exportacion,socio,36,,24131666.0
2016,Exportacion,socio,52,,9044067.0
2016,Exportacion,socio,56,,532214175.0
2016,Exportacion,socio,60,,335673.0
2016,Exportacion,socio,68,,2231916.0
2016,Exportacion,socio,70,,13747.0
2016,Exportacion,socio,76,,34430925.0
2016,Exportacion,socio,84,,10840560.0
2016,Exportacion,socio,92,,2176.0
2016,Exportacion,socio,100,,184606.0
2016,Exportacion,socio,104,,123336.0
2016,Exportacion,socio,112,,3.0
2016,Exportacion,socio,120,,3400419.0
2016,Exportacion,socio,124,,85472277.0
2016,Exportacion,socio,136,,520593.0
2016,Exportacion,socio,144,,267803.0
2016,Exportacion,socio,152,,34574082.0
2016,Exportacion,socio,156,,45501509.0
2016,Exportacion,socio,170,,70226654.0
2016,Exportacion,socio,191,,331224.0
2016,Exportacion,socio,192,,32397216.0
2016,Exportacion,socio,196,,84880.0
2016,Exportacion,socio,203,,29688.0
2016,Exportacion,socio,208,,4450212.0
2016,Exportacion,socio,212,,1043843.0
2016,Exportacion,socio,214,,258907565.0
2016,Exportacion,socio,218,,36152117.0
2016,Exportacion,socio,222,,274153745.0
2016,Exportacion,socio,231,,3300.0
2016,Exportacion,socio,233,,61983.0
2016,Exportacion,socio,242,,105483.0
2016,Exportacion,socio,246,,38076720.0
2016,Exportacion,socio,251,,82691259.0
2016,Exportacion,socio,258,,10392.0
2016,Exportacion,socio,266,,124139.0
2016,Exportacion,socio,268,,71371.0
2016,Exportacion,socio,288,,909523.0
2016,Exportacion,socio,300,,11778405.0
2016,Exportacion,socio,308,,1077985.0
2016,Exportacion,socio,316,,27666.0
2016,Exportacion,socio,276,,130848070.0
2016,Exportacion,socio,320,,516339788.0
2016,Exportacion,socio,324,,1650.0
2016,Exportacion,socio,332,,16346516.0
2016,Exportacion,socio,334,,5987.0
2016,Exportacion,socio,328,,14979374.0
2016,Exportacion,socio,340,,334816183.0
2016,Exportacion,socio,344,,32103718.0
2016,Exportacion,socio,348,,85269.0
2016,Exportacion,socio,360,,4912505.0
2016,Exportacion,socio,364,,88707.0
2016,Exportacion,socio,368,,4464542.0
2016,Exportacion,socio,376,,8218166.0
2016,Exportacion,socio,372,,87218776.0
2016,Exportacion,socio,380,,207836033.0
2016,Exportacion,socio,384,,296629.0
2016,Exportacion,socio,388,,51131184.0
2016,Exportacion,socio,392,,112861956.0
2016,Exportacion,socio,398,,2.0
2016,Exportacion,socio,404,,29279.0
2016,Exportacion,socio,408,,11260.0
2016,Exportacion,socio,418,,89911.0
2016,Exportacion,socio,410,,33572477.0
2016,Exportacion,socio,400,,330129.0
2016,Exportacion,socio,414,,620267.0
2016,Exportacion,socio,417,,15411.0
2016,Exportacion,socio,440,,11363181.0
2016,Exportacion,socio,442,,3740.0
2016,Exportacion,socio,446,,14025.0
2016,Exportacion,socio,450,,1000.0
2016,Exportacion,socio,478,,6470.0
2016,Exportacion,socio,480,,480.0
2016,Exportacion,socio,422,,1923389.0
2016,Exportacion,socio,428,,584113.0
2016,Exportacion,socio,434,,285589.0
2016,Exportacion,socio,458,,1007762.0
2016,Exportacion,socio,470,,434389.0
2016,Exportacion,socio,484,,257203621.0
2016,Exportacion,socio,490,,16851631.0
2016,Exportacion,socio,499,,1798589.0
2016,Exportacion,socio,504,,2634019.0
2016,Exportacion,socio,508,,7950.0
2016,Exportacion,socio,512,,71662.0
2016,Exportacion,socio,531,,3154197.0
2016,Exportacion,socio,528,,575437869.0
2016,Exportacion,socio,533,,19426234.0
2016,Exportacion,socio,534,,11516.0
2016,Exportacion,socio,540,,70758.0
2016,Exportacion,socio,554,,18874468.0
2016,Exportacion,socio,558,,517296834.0
2016,Exportacion,socio,566,,363515.0
2016,Exportacion,socio,579,,20463271.0
2016,Exportacion,socio,581,,9103.0
2016,Exportacion,socio,586,,305915.0
2016,Exportacion,socio,591,,561017178.0
2016,Exportacion,socio,600,,1725814.0
2016,Exportacion,socio,604,,19438242.0
2016,Exportacion,socio,608,,3311120.0
2016,Exportacion,socio,616,,6073414.0
2016,Exportacion,socio,620,,24643611.0
2016,Exportacion,socio,634,,39308.0
2016,Exportacion,socio,642,,558630.0
2016,Exportacion,socio,643,,23482540.0
2016,Exportacion,socio,654,,2648.0
2016,Exportacion,socio,659,,204839.0
2016,Exportacion,socio,660,,3600.0
2016,Exportacion,socio,662,,2070396.0
2016,Exportacion,socio,670,,1167275.0
2016,Exportacion,socio,694,,2138.0
2016,Exportacion,socio,699,,19693327.0
2016,Exportacion,socio,682,,6373282.0
2016,Exportacion,socio,688,,542.0
2016,Exportacion,socio,702,,17454546.0
2016,Exportacion,socio,703,,285277.0
2016,Exportacion,socio,704,,6212674.0
2016,Exportacion,socio,705,,5784252.0
2016,Exportacion,socio,710,,1986181.0
2016,Exportacion,socio,724,,153625597.0
2016,Exportacion,socio,740,,8049189.0
2016,Exportacion,socio,752,,21758955.0
2016,Exportacion,socio,757,,5485740.0
2016,Exportacion,socio,760,,23840.0
2016,Exportacion,socio,762,,15411.0
2016,Exportacion,socio,764,,2700259.0
2016,Exportacion,socio,768,,38135.0
2016,Exportacion,socio,780,,59390724.0
2016,Exportacion,socio,788,,795324.0
2016,Exportacion,socio,792,,53415104.0
2016,Exportacion,socio,796,,13002.0
2016,Exportacion,socio,800,,62287.0
2016,Exportacion,socio,804,,6238340.0
2016,Exportacion,socio,818,,636710.0
2016,Exportacion,socio,784,,2297226.0
2016,Exportacion,socio,826,,180904418.0
2016,Exportacion,socio,834,,369151.0
2016,Exportacion,socio,858,,1239113.0
2016,Exportacion,socio,842,,4058038120.0
2016,Exportacion,socio,854,,104783.0
2016,Exportacion,socio,862,,32540557.0
2016,Exportacion,socio,894,,43112.0
2016,Exportacion,socio,899,,84484.0
2016,Importacion,socio,8,,39604.0
2016,Importacion,socio,10,,84.0
2016,Importacion,socio,12,,193.0
2016,Importacion,socio,16,,41787.0
2016,Importacion,socio,20,,46958.0
2016,Importacion,socio,24,,12106.0
2016,Importacion,socio,31,,13619.0
2016,Importacion,socio,4,,2923.0
2016,Importacion,socio,32,,62233560.0
2016,Importacion,socio,36,,8465781.0
2016,Importacion,socio,40,,21966623.0
2016,Importacion,socio,44,,8879721.0
2016,Importacion,socio,48,,59014.0
2016,Importacion,socio,52,,80693.0
2016,Importacion,socio,50,,11793642.0
2016,Importacion,socio,51,,92100.0
2016,Importacion,socio,56,,66388337.0
2016,Importacion,socio,60,,7433.0
2016,Importacion,socio,68,,1111275.0
2016,Importacion,socio,70,,81642.0
2016,Importacion,socio,72,,1481.0
2016,Importacion,socio,74,,1171.0
2016,Importacion,socio,76,,330051746.0
2016,Importacion,socio,84,,223239.0
2016,Importacion,socio,86,,7580.0
2016,Importacion,socio,92,,479860.0
2016,Importacion,socio,96,,5.0
2016,Importacion,socio,112,,1908431.0
2016,Importacion,socio,100,,1962473.0
2016,Importacion,socio,104,,209841.0
2016,Importacion,socio,108,,5193.0
2016,Importacion,socio,120,,10225.0
2016,Importacion,socio,116,,3901476.0
2016,Importacion,socio,124,,154103624.0
2016,Importacion,socio,136,,1912605.0
2016,Importacion,socio,140,,1781.0
2016,Importacion,socio,144,,3714642.0
2016,Importacion,socio,148,,2984.0
2016,Importacion,socio,152,,282376334.0
2016,Importacion,socio,156,,2082231063.0
2016,Importacion,socio,166,,866.0
2016,Importacion,socio,170,,292704329.0
2016,Importacion,socio,174,,79572.0
2016,Importacion,socio,178,,464.0
2016,Importacion,socio,180,,2864493.0
2016,Importacion,socio,191,,48566.0
2016,Importacion,socio,192,,318844.0
2016,Importacion,socio,196,,130208.0
2016,Importacion,socio,203,,5683080.0
2016,Importacion,socio,204,,2637.0
2016,Importacion,socio,208,,37445061.0
2016,Importacion,socio,212,,49904.0
2016,Importacion,socio,214,,37906053.0
2016,Importacion,socio,218,,27843618.0
2016,Importacion,socio,222,,236078685.0
2016,Importacion,socio,231,,1142.0
2016,Importacion,socio,233,,1137443.0
2016,Importacion,socio,242,,181094.0
2016,Importacion,socio,246,,10936445.0
2016,Importacion,socio,251,,113777811.0
2016,Importacion,socio,258,,28879.0
2016,Importacion,socio,260,,682.0
2016,Importacion,socio,262,,72012.0
2016,Importacion,socio,266,,756.0
2016,Importacion,socio,268,,988672.0
2016,Importacion,socio,275,,3683.0
2016,Importacion,socio,270,,19405.0
2016,Importacion,socio,276,,388285759.0
2016,Importacion,socio,288,,127.0
2016,Importacion,socio,292,,4232.0
2016,Importacion,socio,296,,1837.0
2016,Importacion,socio,300,,1878303.0
2016,Importacion,socio,308,,399.0
2016,Importacion,socio,316,,174.0
2016,Importacion,socio,304,,39968.0
2016,Importacion,socio,334,,2486.0
2016,Importacion,socio,336,,6786.0
2016,Importacion,socio,320,,416693417.0
2016,Importacion,socio,324,,94.0
2016,Importacion,socio,332,,178322.0
2016,Importacion,socio,328,,319583.0
2016,Importacion,socio,340,,106064670.0
2016,Importacion,socio,344,,186732757.0
2016,Importacion,socio,348,,41439153.0
2016,Importacion,socio,352,,65356.0
2016,Importacion,socio,360,,69659687.0
2016,Importacion,socio,364,,3226.0
2016,Importacion,socio,368,,668.0
2016,Importacion,socio,372,,54599620.0
2016,Importacion,socio,376,,36657549.0
2016,Importacion,socio,380,,198979980.0
2016,Importacion,socio,384,,12143.0
2016,Importacion,socio,388,,1379932.0
2016,Importacion,socio,392,,415049859.0
2016,Importacion,socio,398,,9222.0
2016,Importacion,socio,400,,546620.0
2016,Importacion,socio,408,,1421106.0
2016,Importacion,socio,404,,65797.0
2016,Importacion,socio,410,,256938899.0
2016,Importacion,socio,414,,7146.0
2016,Importacion,socio,417,,418.0
2016,Importacion,socio,418,,36500.0
2016,Importacion,socio,428,,5262794.0
2016,Importacion,socio,430,,202.0
2016,Importacion,socio,440,,1613376.0
2016,Importacion,socio,422,,29875.0
2016,Importacion,socio,426,,17947.0
2016,Importacion,socio,442,,9904679.0
2016,Importacion,socio,446,,142991.0
2016,Importacion,socio,450,,108341.0
2016,Importacion,socio,454,,134419.0
2016,Importacion,socio,458,,36767844.0
2016,Importacion,socio,462,,548.0
2016,Importacion,socio,466,,101.0
2016,Importacion,socio,470,,222805.0
2016,Importacion,socio,478,,3878.0
2016,Importacion,socio,480,,50261.0
2016,Importacion,socio,484,,1067139860.0
2016,Importacion,socio,490,,110632078.0
2016,Importacion,socio,498,,679.0
2016,Importacion,socio,504,,5411662.0
2016,Importacion,socio,508,,288036.0
2016,Importacion,socio,499,,5.0
2016,Importacion,socio,500,,736.0
2016,Importacion,socio,516,,8708.0
2016,Importacion,socio,520,,1607.0
2016,Importacion,socio,524,,7697.0
2016,Importacion,socio,512,,90152.0
2016,Importacion,socio,528,,96605203.0
2016,Importacion,socio,531,,556643.0
2016,Importacion,socio,533,,1589.0
2016,Importacion,socio,540,,1301.0
2016,Importacion,socio,548,,4835.0
2016,Importacion,socio,554,,9392498.0
2016,Importacion,socio,558,,141682638.0
2016,Importacion,socio,562,,2939.0
2016,Importacion,socio,566,,61.0
2016,Importacion,socio,583,,567.0
2016,Importacion,socio,584,,4517.0
2016,Importacion,socio,585,,237.0
2016,Importacion,socio,579,,7784484.0
2016,Importacion,socio,580,,368.0
2016,Importacion,socio,586,,8457053.0
2016,Importacion,socio,591,,290874521.0
2016,Importacion,socio,600,,23032301.0
2016,Importacion,socio,604,,61111003.0
2016,Importacion,socio,608,,9675367.0
2016,Importacion,socio,612,,8098.0
2016,Importacion,socio,616,,12402335.0
2016,Importacion,socio,620,,13483657.0
2016,Importacion,socio,624,,986.0
2016,Importacion,socio,634,,6974842.0
2016,Importacion,socio,642,,2512736.0
2016,Importacion,socio,643,,48838550.0
2016,Importacion,socio,646,,120.0
2016,Importacion,socio,660,,93.0
2016,Importacion,socio,662,,29762.0
2016,Importacion,socio,674,,344.0
2016,Importacion,socio,682,,4003949.0
2016,Importacion,socio,686,,28845.0
2016,Importacion,socio,688,,1262130.0
2016,Importacion,socio,690,,18715.0
2016,Importacion,socio,694,,110.0
2016,Importacion,socio,699,,179396192.0
2016,Importacion,socio,702,,32212553.0
2016,Importacion,socio,703,,7119369.0
2016,Importacion,socio,704,,71687078.0
2016,Importacion,socio,705,,2291336.0
2016,Importacion,socio,706,,1854.0
2016,Importacion,socio,710,,6528413.0
2016,Importacion,socio,716,,1075.0
2016,Importacion,socio,724,,222736740.0
2016,Importacion,socio,729,,4390.0
2016,Importacion,socio,740,,1568.0
2016,Importacion,socio,748,,465.0
2016,Importacion,socio,752,,39158214.0
2016,Importacion,socio,757,,145244634.0
2016,Importacion,socio,760,,1998.0
2016,Importacion,socio,762,,17444.0
2016,Importacion,socio,764,,184056633.0
2016,Importacion,socio,768,,23.0
2016,Importacion,socio,780,,15889637.0
2016,Importacion,socio,784,,3595682.0
2016,Importacion,socio,788,,977599.0
2016,Importacion,socio,792,,56348235.0
2016,Importacion,socio,796,,1552.0
2016,Importacion,socio,800,,6061.0
2016,Importacion,socio,795,,41429.0
2016,Importacion,socio,818,,1922536.0
2016,Importacion,socio,804,,14840686.0
2016,Importacion,socio,807,,62370.0
2016,Importacion,socio,826,,124463353.0
2016,Importacion,socio,834,,21904.0
2016,Importacion,socio,842,,5711167765.0
2016,Importacion,socio,854,,59.0
2016,Importacion,socio,858,,30841024.0
2016,Importacion,socio,862,,18942356.0
2016,Importacion,socio,876,,3523.0
2016,Importacion,socio,882,,383963.0
2016,Importacion,socio,894,,40528.0
2016,Importacion,socio,899,,485098323.0
2017,Exportacion,socio,8,,89952.851
2017,Exportacion,socio,12,,650797.147
2017,Exportacion,socio,24,,31968.834
2017,Exportacion,socio,48,,22298.262
2017,Exportacion,socio,50,,568719.19
2017,Exportacion,socio,60,,485002.297
2017,Exportacion,socio,70,,17199.872
2017,Exportacion,socio,72,,58293.677
2017,Exportacion,socio,84,,9791448.519
2017,Exportacion,socio,90,,13320.348
2017,Exportacion,socio,92,,8596.803
2017,Exportacion,socio,100,,316860.294
2017,Exportacion,socio,120,,265403.877
2017,Exportacion,socio,136,,157363.145
2017,Exportacion,socio,144,,72119.346
2017,Exportacion,socio,191,,938729.632
2017,Exportacion,socio,180,,761.924
2017,Exportacion,socio,178,,124891.579
2017,Exportacion,socio,203,,140533.184
2017,Exportacion,socio,196,,94076.394
2017,Exportacion,socio,266,,339748.787
2017,Exportacion,socio,242,,10912.029
2017,Exportacion,socio,233,,52056.451
2017,Exportacion,socio,246,,40644085.591
2017,Exportacion,socio,268,,327764.949
2017,Exportacion,socio,288,,345005.859
2017,Exportacion,socio,316,,27504.919
2017,Exportacion,socio,334,,8969.816
2017,Exportacion,socio,332,,20232118.837
2017,Exportacion,socio,360,,13116243.221
2017,Exportacion,socio,364,,744200.309
2017,Exportacion,socio,368,,10339962.043
2017,Exportacion,socio,384,,38629.029
2017,Exportacion,socio,398,,4007.826
2017,Exportacion,socio,400,,117395.058
2017,Exportacion,socio,404,,16639.778
2017,Exportacion,socio,408,,98088.109
2017,Exportacion,socio,414,,46488.333
2017,Exportacion,socio,422,,671334.906
2017,Exportacion,socio,430,,1525.681
2017,Exportacion,socio,434,,1356948.448
2017,Exportacion,socio,440,,6018143.383
2017,Exportacion,socio,442,,575.439
2017,Exportacion,socio,446,,10379.215
2017,Exportacion,socio,466,,6905.268
2017,Exportacion,socio,470,,505445.002
2017,Exportacion,socio,520,,31386.181
2017,Exportacion,socio,512,,25575.067
2017,Exportacion,socio,508,,4705.013
2017,Exportacion,socio,504,,1475066.609
2017,Exportacion,socio,499,,2949836.942
2017,Exportacion,socio,498,,195.01
2017,Exportacion,socio,534,,141141.189
2017,Exportacion,socio,540,,82417.019
2017,Exportacion,socio,548,,2185.134
2017,Exportacion,socio,554,,18689969.498
2017,Exportacion,socio,566,,251488.163
2017,Exportacion,socio,586,,782611.13
2017,Exportacion,socio,612,,16607.543
2017,Exportacion,socio,620,,47207559.86
2017,Exportacion,socio,634,,1620459.866
2017,Exportacion,socio,643,,30638672.028
2017,Exportacion,socio,660,,7672.52
2017,Exportacion,socio,678,,2581.164
2017,Exportacion,socio,682,,3465365.394
2017,Exportacion,socio,686,,3464.356
2017,Exportacion,socio,688,,5.328
2017,Exportacion,socio,690,,149614.145
2017,Exportacion,socio,694,,11498.124
2017,Exportacion,socio,703,,327899.953
2017,Exportacion,socio,705,,7468098.217
2017,Exportacion,socio,710,,1721063.848
2017,Exportacion,socio,760,,26423.733
2017,Exportacion,socio,764,,7929776.861
2017,Exportacion,socio,784,,3891853.31
2017,Exportacion,socio,788,,1238091.977
2017,Exportacion,socio,792,,42199874.551
2017,Exportacion,socio,800,,45951.683
2017,Exportacion,socio,804,,21671037.179
2017,Exportacion,socio,854,,306752.591
2017,Exportacion,socio,899,,72576.745
2017,Exportacion,socio,894,,62707.721
2017,Exportacion,socio,28,,272134.413
2017,Exportacion,socio,32,,16824692.712
2017,Exportacion,socio,36,,35261451.376
2017,Exportacion,socio,40,,231578.538
2017,Exportacion,socio,44,,9356936.233
2017,Exportacion,socio,52,,9274350.204
2017,Exportacion,socio,56,,728923066.238
2017,Exportacion,socio,68,,1277337.759
2017,Exportacion,socio,76,,44640284.524
2017,Exportacion,socio,124,,82212303.537
2017,Exportacion,socio,152,,36485550.718
2017,Exportacion,socio,156,,119116429.611
2017,Exportacion,socio,170,,61154039.109
2017,Exportacion,socio,192,,33922657.772
2017,Exportacion,socio,208,,4235622.306
2017,Exportacion,socio,212,,1090637.913
2017,Exportacion,socio,214,,245493338.854
2017,Exportacion,socio,218,,38135443.788
2017,Exportacion,socio,251,,71073598.158
2017,Exportacion,socio,222,,305258099.005
2017,Exportacion,socio,276,,134845917.853
2017,Exportacion,socio,300,,14111982.737
2017,Exportacion,socio,308,,1709395.564
2017,Exportacion,socio,320,,560374798.1
2017,Exportacion,socio,328,,11599111.315
2017,Exportacion,socio,340,,389995853.52
2017,Exportacion,socio,344,,41163446.784
2017,Exportacion,socio,348,,135802.958
2017,Exportacion,socio,372,,82111011.827
2017,Exportacion,socio,376,,13970218.112
2017,Exportacion,socio,380,,167430642.42
2017,Exportacion,socio,388,,90794052.934
2017,Exportacion,socio,392,,183219993.927
2017,Exportacion,socio,410,,40202518.421
2017,Exportacion,socio,428,,988103.973
2017,Exportacion,socio,458,,6116846.22
2017,Exportacion,socio,484,,292367175.857
2017,Exportacion,socio,490,,15513714.17
2017,Exportacion,socio,528,,633855823.409
2017,Exportacion,socio,531,,3055566.069
2017,Exportacion,socio,533,,21752033.862
2017,Exportacion,socio,558,,572925799.291
2017,Exportacion,socio,579,,22634684.162
2017,Exportacion,socio,584,,21779.162
2017,Exportacion,socio,591,,611417919.754
2017,Exportacion,socio,600,,1439441.487
2017,Exportacion,socio,604,,23012845.384
2017,Exportacion,socio,608,,5136830.842
2017,Exportacion,socio,616,,8297556.871
2017,Exportacion,socio,642,,2113497.539
2017,Exportacion,socio,659,,279679.059
2017,Exportacion,socio,662,,2652549.992
2017,Exportacion,socio,670,,978164.553
2017,Exportacion,socio,699,,42532927.379
2017,Exportacion,socio,702,,7146885.641
2017,Exportacion,socio,704,,21738173.563
2017,Exportacion,socio,724,,169107675.545
2017,Exportacion,socio,740,,7979807.832
2017,Exportacion,socio,752,,25250839.672
2017,Exportacion,socio,757,,4430230.101
2017,Exportacion,socio,780,,64234745.956
2017,Exportacion,socio,818,,632963.972
2017,Exportacion,socio,826,,219288744.868
2017,Exportacion,socio,834,,5984.353
2017,Exportacion,socio,858,,1432364.866
2017,Exportacion,socio,842,,4616173282.101
2017,Exportacion,socio,862,,12769890.882
2017,Importacion,socio,8,,12295.815
2017,Importacion,socio,16,,26479.733
2017,Importacion,socio,32,,120463634.752
2017,Importacion,socio,36,,7024592.239
2017,Importacion,socio,40,,24459044.558
2017,Importacion,socio,44,,331956.88
2017,Importacion,socio,48,,28470.571
2017,Importacion,socio,50,,14391935.645
2017,Importacion,socio,51,,190121.891
2017,Importacion,socio,52,,66936.248
2017,Importacion,socio,56,,56700948.392
2017,Importacion,socio,68,,1173227.485
2017,Importacion,socio,70,,59274.119
2017,Importacion,socio,72,,8222.881
2017,Importacion,socio,74,,957.416
2017,Importacion,socio,76,,315161030.223
2017,Importacion,socio,84,,196742.729
2017,Importacion,socio,86,,3287.793
2017,Importacion,socio,92,,701713.389
2017,Importacion,socio,100,,3132657.418
2017,Importacion,socio,104,,422872.394
2017,Importacion,socio,120,,8018.692
2017,Importacion,socio,116,,4565812.236
2017,Importacion,socio,124,,161071359.843
2017,Importacion,socio,132,,37.593
2017,Importacion,socio,136,,3590.416
2017,Importacion,socio,140,,3709.428
2017,Importacion,socio,144,,4447144.733
2017,Importacion,socio,152,,287728209.34
2017,Importacion,socio,156,,2142616943.166
2017,Importacion,socio,166,,11067.578
2017,Importacion,socio,170,,307482875.862
2017,Importacion,socio,174,,29571.49
2017,Importacion,socio,178,,5176.409
2017,Importacion,socio,180,,6874.872
2017,Importacion,socio,191,,315311.085
2017,Importacion,socio,192,,4669777.861
2017,Importacion,socio,196,,38454.082
2017,Importacion,socio,204,,113103.689
2017,Importacion,socio,203,,8542562.13
2017,Importacion,socio,208,,35967081.185
2017,Importacion,socio,212,,24321.487
2017,Importacion,socio,214,,61571047.092
2017,Importacion,socio,218,,31988905.641
2017,Importacion,socio,234,,2.957
2017,Importacion,socio,233,,5572530.924
2017,Importacion,socio,231,,17722.17
2017,Importacion,socio,222,,257477529.6
2017,Importacion,socio,246,,9347740.401
2017,Importacion,socio,258,,13233.762
2017,Importacion,socio,251,,132672312.557
2017,Importacion,socio,268,,11757.673
2017,Importacion,socio,270,,6156.641
2017,Importacion,socio,275,,30251.533
2017,Importacion,socio,276,,415365876.098
2017,Importacion,socio,292,,501.997
2017,Importacion,socio,296,,9760.52
2017,Importacion,socio,300,,1665134.489
2017,Importacion,socio,304,,1731.425
2017,Importacion,socio,308,,4265.735
2017,Importacion,socio,320,,433341961.752
2017,Importacion,socio,332,,382040.546
2017,Importacion,socio,340,,103776730.254
2017,Importacion,socio,344,,169820283.614
2017,Importacion,socio,352,,2670132.834
2017,Importacion,socio,348,,39273806.897
2017,Importacion,socio,360,,34065115.563
2017,Importacion,socio,364,,17658.649
2017,Importacion,socio,368,,2026.152
2017,Importacion,socio,372,,60796225.556
2017,Importacion,socio,376,,53201316.991
2017,Importacion,socio,380,,212243883.769
2017,Importacion,socio,384,,11665.944
2017,Importacion,socio,388,,1467065.59
2017,Importacion,socio,392,,397506601.132
2017,Importacion,socio,400,,393055.989
2017,Importacion,socio,404,,82697.849
2017,Importacion,socio,408,,1452628.913
2017,Importacion,socio,410,,238467416.37
2017,Importacion,socio,418,,8182.506
2017,Importacion,socio,426,,48715.51
2017,Importacion,socio,428,,2718167.305
2017,Importacion,socio,440,,7031421.155
2017,Importacion,socio,442,,26661336.816
2017,Importacion,socio,446,,431530.94
2017,Importacion,socio,450,,114634.939
2017,Importacion,socio,458,,73925027.525
2017,Importacion,socio,466,,737.444
2017,Importacion,socio,470,,51612.535
2017,Importacion,socio,478,,1183.631
2017,Importacion,socio,480,,84949.027
2017,Importacion,socio,484,,1152362474.527
2017,Importacion,socio,490,,108083484.591
2017,Importacion,socio,498,,19516.059
2017,Importacion,socio,512,,92282.676
2017,Importacion,socio,524,,5817.523
2017,Importacion,socio,504,,6017598.692
2017,Importacion,socio,508,,867843.013
2017,Importacion,socio,516,,841.474
2017,Importacion,socio,528,,93045236.392
2017,Importacion,socio,531,,1947413.044
2017,Importacion,socio,533,,817.517
2017,Importacion,socio,554,,9363068.89
2017,Importacion,socio,558,,155832546.651
2017,Importacion,socio,566,,45042.073
2017,Importacion,socio,579,,3523396.344
2017,Importacion,socio,586,,8578946.354
2017,Importacion,socio,591,,275899659.359
2017,Importacion,socio,600,,6544919.65
2017,Importacion,socio,604,,66088595.41
2017,Importacion,socio,608,,11924873.781
2017,Importacion,socio,616,,15509643.536
2017,Importacion,socio,620,,11285993.108
2017,Importacion,socio,626,,4.99
2017,Importacion,socio,634,,13217952.438
2017,Importacion,socio,642,,4497790.627
2017,Importacion,socio,643,,40510618.001
2017,Importacion,socio,686,,3704.674
2017,Importacion,socio,688,,1096066.787
2017,Importacion,socio,699,,190564071.218
2017,Importacion,socio,703,,3119109.861
2017,Importacion,socio,702,,58186721.823
2017,Importacion,socio,704,,87272276.281
2017,Importacion,socio,705,,3182983.598
2017,Importacion,socio,710,,6810462.117
2017,Importacion,socio,724,,289491369.261
2017,Importacion,socio,740,,37034.389
2017,Importacion,socio,748,,26160.27
2017,Importacion,socio,752,,47801642.509
2017,Importacion,socio,757,,156966114.648
2017,Importacion,socio,764,,157431090.078
2017,Importacion,socio,780,,10064233.123
2017,Importacion,socio,784,,4079959.11
2017,Importacion,socio,788,,1013712.118
2017,Importacion,socio,792,,70480967.244
2017,Importacion,socio,804,,14180636.956
2017,Importacion,socio,800,,5742.45
2017,Importacion,socio,818,,2131970.012
2017,Importacion,socio,807,,108960.005
2017,Importacion,socio,834,,42295.492
2017,Importacion,socio,826,,129694699.215
2017,Importacion,socio,842,,6273654592.593
2017,Importacion,socio,858,,35299265.801
2017,Importacion,socio,862,,26865101.057
2017,Importacion,socio,894,,11392.34
2017,Importacion,socio,899,,509739825.292
2017,Importacion,socio,4,,5259.214
2017,Importacion,socio,10,,107.624
2017,Importacion,socio,12,,46510.614
2017,Importacion,socio,20,,116380.618
2017,Importacion,socio,24,,783.313
2017,Importacion,socio,28,,36205.463
2017,Importacion,socio,31,,305.56
2017,Importacion,socio,60,,6723.894
2017,Importacion,socio,96,,227.304
2017,Importacion,socio,108,,1314.062
2017,Importacion,socio,112,,5200790.343
2017,Importacion,socio,148,,58.274
2017,Importacion,socio,162,,2252.255
2017,Importacion,socio,184,,903.147
2017,Importacion,socio,238,,785.264
2017,Importacion,socio,232,,135.452
2017,Importacion,socio,242,,11279.438
2017,Importacion,socio,239,,106.998
2017,Importacion,socio,266,,176.957
2017,Importacion,socio,260,,1560.331
2017,Importacion,socio,288,,7198.084
2017,Importacion,socio,324,,1126.271
2017,Importacion,socio,328,,245410.627
2017,Importacion,socio,398,,62946.746
2017,Importacion,socio,414,,25775.775
2017,Importacion,socio,422,,62211.458
2017,Importacion,socio,454,,1373.28
2017,Importacion,socio,462,,61518.652
2017,Importacion,socio,520,,12751.861
2017,Importacion,socio,540,,310.869
2017,Importacion,socio,548,,28.926
2017,Importacion,socio,574,,1776.607
2017,Importacion,socio,581,,16676.065
2017,Importacion,socio,584,,1818.862
2017,Importacion,socio,585,,1634.152
2017,Importacion,socio,598,,103.979
2017,Importacion,socio,612,,13692.159
2017,Importacion,socio,624,,137.988
2017,Importacion,socio,659,,916.023
2017,Importacion,socio,660,,28.7
2017,Importacion,socio,662,,47299.903
2017,Importacion,socio,674,,367.428
2017,Importacion,socio,682,,3616484.689
2017,Importacion,socio,690,,33.157
2017,Importacion,socio,694,,1333.418
2017,Importacion,socio,706,,2823.348
2017,Importacion,socio,716,,186.733
2017,Importacion,socio,728,,3225.699
2017,Importacion,socio,729,,15079.312
2017,Importacion,socio,732,,4.21
2017,Importacion,socio,760,,48802.351
2017,Importacion,socio,762,,235.457
2017,Importacion,socio,768,,13020.998
2017,Importacion,socio,772,,426.913
2017,Importacion,socio,796,,6710.956
2017,Importacion,socio,795,,2034.665
2017,Importacion,socio,860,,774.236
2018,Exportacion,socio,24,,384929.0
2018,Exportacion,socio,8,,240305.89
2018,Exportacion,socio,48,,9480.0
2018,Exportacion,socio,50,,190142.22
2018,Exportacion,socio,51,,6840.0
2018,Exportacion,socio,52,,8056354.65
2018,Exportacion,socio,60,,475788.58
2018,Exportacion,socio,68,,932004.0
2018,Exportacion,socio,70,,8400.0
2018,Exportacion,socio,84,,9667622.98
2018,Exportacion,socio,90,,10000.0
2018,Exportacion,socio,92,,30787.88
2018,Exportacion,socio,100,,24162.9
2018,Exportacion,socio,112,,2330.0
2018,Exportacion,socio,136,,395772.62
2018,Exportacion,socio,144,,243.0
2018,Exportacion,socio,191,,5178311.4
2018,Exportacion,socio,180,,6590.0
2018,Exportacion,socio,178,,9688.0
2018,Exportacion,socio,196,,46285.01
2018,Exportacion,socio,203,,55117.18
2018,Exportacion,socio,233,,44324.28
2018,Exportacion,socio,242,,9720.0
2018,Exportacion,socio,258,,1924.0
2018,Exportacion,socio,266,,1476.0
2018,Exportacion,socio,268,,219005.48
2018,Exportacion,socio,270,,300.0
2018,Exportacion,socio,288,,36494.63
2018,Exportacion,socio,300,,20603143.32
2018,Exportacion,socio,316,,19989.78
2018,Exportacion,socio,348,,121761.47
2018,Exportacion,socio,360,,365043.23
2018,Exportacion,socio,364,,183592.86
2018,Exportacion,socio,368,,585353.4
2018,Exportacion,socio,384,,102756.68
2018,Exportacion,socio,398,,12900.0
2018,Exportacion,socio,400,,112379.67
2018,Exportacion,socio,408,,440.0
2018,Exportacion,socio,414,,10212.38
2018,Exportacion,socio,418,,312681.2
2018,Exportacion,socio,422,,1228522.44
2018,Exportacion,socio,434,,1740503.04
2018,Exportacion,socio,440,,5202947.61
2018,Exportacion,socio,442,,2928041.83
2018,Exportacion,socio,450,,1641.4
2018,Exportacion,socio,466,,27601.16
2018,Exportacion,socio,470,,414205.22
2018,Exportacion,socio,480,,42246.07
2018,Exportacion,socio,498,,1.0
2018,Exportacion,socio,499,,1970072.47
2018,Exportacion,socio,504,,2550880.19
2018,Exportacion,socio,512,,223694.61
2018,Exportacion,socio,534,,531767.61
2018,Exportacion,socio,535,,2185.0
2018,Exportacion,socio,548,,1910.7
2018,Exportacion,socio,554,,2864951.7
2018,Exportacion,socio,566,,146733.0
2018,Exportacion,socio,586,,1111084.77
2018,Exportacion,socio,583,,1120.0
2018,Exportacion,socio,579,,19955747.22
2018,Exportacion,socio,598,,14509.0
2018,Exportacion,socio,600,,428859.24
2018,Exportacion,socio,616,,7322872.51
2018,Exportacion,socio,624,,4624.02
2018,Exportacion,socio,634,,231175.78
2018,Exportacion,socio,660,,7420.0
2018,Exportacion,socio,662,,1887763.88
2018,Exportacion,socio,674,,10600.0
2018,Exportacion,socio,682,,4173586.93
2018,Exportacion,socio,688,,151697.72
2018,Exportacion,socio,694,,11010.0
2018,Exportacion,socio,703,,420458.94
2018,Exportacion,socio,705,,12565440.99
2018,Exportacion,socio,710,,2182704.23
2018,Exportacion,socio,740,,7891078.73
2018,Exportacion,socio,748,,297612.0
2018,Exportacion,socio,757,,3860816.48
2018,Exportacion,socio,760,,12398.2
2018,Exportacion,socio,764,,19125580.19
2018,Exportacion,socio,768,,10535.0
2018,Exportacion,socio,788,,1734231.89
2018,Exportacion,socio,792,,24243215.94
2018,Exportacion,socio,800,,6427.5
2018,Exportacion,socio,804,,23975317.93
2018,Exportacion,socio,818,,38746.5
2018,Exportacion,socio,834,,28890.0
2018,Exportacion,socio,854,,437065.9
2018,Exportacion,socio,894,,106747.0
2018,Exportacion,socio,899,,79020.59
2018,Exportacion,socio,28,,495497.06
2018,Exportacion,socio,32,,11061481.47
2018,Exportacion,socio,36,,27372554.56
2018,Exportacion,socio,40,,217849.25
2018,Exportacion,socio,44,,10160447.2
2018,Exportacion,socio,56,,675369117.51
2018,Exportacion,socio,76,,41596879.91
2018,Exportacion,socio,120,,117306.48
2018,Exportacion,socio,124,,80371161.44
2018,Exportacion,socio,152,,33012782.64
2018,Exportacion,socio,156,,198687836.74
2018,Exportacion,socio,170,,55754586.98
2018,Exportacion,socio,192,,31481403.35
2018,Exportacion,socio,208,,8237787.48
2018,Exportacion,socio,212,,657448.77
2018,Exportacion,socio,214,,242284369.76
2018,Exportacion,socio,218,,40344845.55
2018,Exportacion,socio,222,,295756381.55
2018,Exportacion,socio,246,,34929572.32
2018,Exportacion,socio,251,,64177935.16
2018,Exportacion,socio,276,,128820196.6
2018,Exportacion,socio,308,,2197819.54
2018,Exportacion,socio,320,,570941866.79
2018,Exportacion,socio,328,,9763039.14
2018,Exportacion,socio,332,,28146041.94
2018,Exportacion,socio,340,,394184975.89
2018,Exportacion,socio,344,,83255141.26
2018,Exportacion,socio,372,,88799830.72
2018,Exportacion,socio,376,,8402988.2
2018,Exportacion,socio,380,,178723611.28
2018,Exportacion,socio,388,,59715199.57
2018,Exportacion,socio,392,,240770435.82
2018,Exportacion,socio,404,,416808.8
2018,Exportacion,socio,410,,36241175.6
2018,Exportacion,socio,428,,465925.86
2018,Exportacion,socio,458,,5232501.2
2018,Exportacion,socio,484,,284997910.57
2018,Exportacion,socio,490,,29784986.31
2018,Exportacion,socio,531,,4478899.11
2018,Exportacion,socio,528,,679000695.92
2018,Exportacion,socio,533,,19842029.79
2018,Exportacion,socio,540,,35386.24
2018,Exportacion,socio,558,,481188823.49
2018,Exportacion,socio,584,,12273.29
2018,Exportacion,socio,591,,580683324.74
2018,Exportacion,socio,604,,20662188.81
2018,Exportacion,socio,608,,2837484.28
2018,Exportacion,socio,620,,52549610.96
2018,Exportacion,socio,642,,729089.27
2018,Exportacion,socio,643,,31694435.46
2018,Exportacion,socio,659,,212443.15
2018,Exportacion,socio,670,,185726.82
2018,Exportacion,socio,699,,36014596.69
2018,Exportacion,socio,702,,20854099.06
2018,Exportacion,socio,704,,14567348.28
2018,Exportacion,socio,724,,176617922.43
2018,Exportacion,socio,752,,35872353.81
2018,Exportacion,socio,780,,53597046.9
2018,Exportacion,socio,784,,2820668.76
2018,Exportacion,socio,826,,202205604.84
2018,Exportacion,socio,842,,4624930971.97
2018,Exportacion,socio,858,,1590876.46
2018,Exportacion,socio,862,,4968929.57
2018,Importacion,socio,4,,6563.84
2018,Importacion,socio,8,,109103.45
2018,Importacion,socio,20,,33189.67
2018,Importacion,socio,16,,136738.04
2018,Importacion,socio,32,,110626045.58
2018,Importacion,socio,36,,6923691.72
2018,Importacion,socio,40,,25879458.33
2018,Importacion,socio,44,,6418655.86
2018,Importacion,socio,48,,1347472.43
2018,Importacion,socio,51,,49071.8
2018,Importacion,socio,52,,289131.42
2018,Importacion,socio,50,,16291432.64
2018,Importacion,socio,56,,66852642.47
2018,Importacion,socio,60,,1048.55
2018,Importacion,socio,68,,3345371.24
2018,Importacion,socio,70,,99628.39
2018,Importacion,socio,76,,349801074.12
2018,Importacion,socio,84,,247171.6
2018,Importacion,socio,86,,3237.63
2018,Importacion,socio,90,,216.06
2018,Importacion,socio,92,,12403496.47
2018,Importacion,socio,100,,2806809.88
2018,Importacion,socio,104,,844766.24
2018,Importacion,socio,116,,5314549.91
2018,Importacion,socio,124,,152353804.71
2018,Importacion,socio,132,,460.05
2018,Importacion,socio,136,,412248.21
2018,Importacion,socio,148,,2208.51
2018,Importacion,socio,144,,4516947.82
2018,Importacion,socio,152,,279287083.55
2018,Importacion,socio,156,,2271148007.92
2018,Importacion,socio,162,,22.17
2018,Importacion,socio,170,,307671797.99
2018,Importacion,socio,174,,4234.91
2018,Importacion,socio,180,,1814570.51
2018,Importacion,socio,191,,196786.41
2018,Importacion,socio,192,,250999.35
2018,Importacion,socio,196,,54672.78
2018,Importacion,socio,203,,10352837.98
2018,Importacion,socio,208,,36233249.74
2018,Importacion,socio,212,,97150.91
2018,Importacion,socio,214,,36116805.97
2018,Importacion,socio,218,,35115186.8
2018,Importacion,socio,231,,22412.94
2018,Importacion,socio,233,,1896996.27
2018,Importacion,socio,222,,242259429.33
2018,Importacion,socio,246,,14455060.57
2018,Importacion,socio,251,,125215564.18
2018,Importacion,socio,258,,16340.13
2018,Importacion,socio,275,,2496.82
2018,Importacion,socio,268,,772296.1
2018,Importacion,socio,266,,65.91
2018,Importacion,socio,270,,12209.95
2018,Importacion,socio,276,,414751836.67
2018,Importacion,socio,288,,3862.64
2018,Importacion,socio,300,,2507018.36
2018,Importacion,socio,308,,3.04
2018,Importacion,socio,320,,415226096.54
2018,Importacion,socio,324,,1623.49
2018,Importacion,socio,332,,460447.19
2018,Importacion,socio,340,,109741750.91
2018,Importacion,socio,344,,290057017.45
2018,Importacion,socio,348,,33032906.43
2018,Importacion,socio,352,,1208232.62
2018,Importacion,socio,360,,35104001.28
2018,Importacion,socio,372,,57518284.77
2018,Importacion,socio,376,,45386847.91
2018,Importacion,socio,380,,214566430.88
2018,Importacion,socio,384,,4618.59
2018,Importacion,socio,388,,1321462.7
2018,Importacion,socio,392,,372114334.29
2018,Importacion,socio,398,,134565.72
2018,Importacion,socio,400,,456658.12
2018,Importacion,socio,404,,113449.45
2018,Importacion,socio,408,,1243390.51
2018,Importacion,socio,426,,26953.7
2018,Importacion,socio,428,,2013816.19
2018,Importacion,socio,418,,40576.46
2018,Importacion,socio,410,,189182932.55
2018,Importacion,socio,440,,7563478.67
2018,Importacion,socio,442,,14207363.82
2018,Importacion,socio,446,,821049.7
2018,Importacion,socio,450,,90369.67
2018,Importacion,socio,470,,359761.64
2018,Importacion,socio,478,,283.44
2018,Importacion,socio,466,,144.14
2018,Importacion,socio,458,,67948014.58
2018,Importacion,socio,480,,21878237.28
2018,Importacion,socio,484,,1166907275.26
2018,Importacion,socio,504,,4643746.16
2018,Importacion,socio,498,,14409.07
2018,Importacion,socio,490,,110933072.02
2018,Importacion,socio,508,,68142.98
2018,Importacion,socio,512,,2434379.44
2018,Importacion,socio,516,,1163.23
2018,Importacion,socio,524,,7586.29
2018,Importacion,socio,531,,144148.64
2018,Importacion,socio,528,,89875551.3
2018,Importacion,socio,533,,11276.73
2018,Importacion,socio,540,,5898.0
2018,Importacion,socio,554,,12043411.28
2018,Importacion,socio,558,,149060099.87
2018,Importacion,socio,566,,101421.81
2018,Importacion,socio,579,,4753366.3
2018,Importacion,socio,586,,8040880.52
2018,Importacion,socio,591,,219765719.99
2018,Importacion,socio,600,,7687422.74
2018,Importacion,socio,604,,66008383.1
2018,Importacion,socio,608,,12604398.69
2018,Importacion,socio,616,,16585369.97
2018,Importacion,socio,620,,18188204.39
2018,Importacion,socio,634,,11752073.31
2018,Importacion,socio,642,,3245848.48
2018,Importacion,socio,643,,78668769.83
2018,Importacion,socio,674,,2935.96
2018,Importacion,socio,678,,14.89
2018,Importacion,socio,682,,5418755.48
2018,Importacion,socio,686,,2238.97
2018,Importacion,socio,688,,1152038.94
2018,Importacion,socio,690,,1024046.67
2018,Importacion,socio,699,,177250254.11
2018,Importacion,socio,703,,2734392.03
2018,Importacion,socio,702,,65236064.03
2018,Importacion,socio,704,,65149405.92
2018,Importacion,socio,705,,3780071.13
2018,Importacion,socio,706,,3149.05
2018,Importacion,socio,710,,5830574.92
2018,Importacion,socio,740,,78.01
2018,Importacion,socio,724,,259688957.29
2018,Importacion,socio,748,,46524.29
2018,Importacion,socio,752,,47292083.76
2018,Importacion,socio,757,,156041935.99
2018,Importacion,socio,760,,15936.63
2018,Importacion,socio,762,,3256.35
2018,Importacion,socio,764,,107956957.66
2018,Importacion,socio,780,,9170507.46
2018,Importacion,socio,784,,40581947.47
2018,Importacion,socio,788,,657895.28
2018,Importacion,socio,792,,84804746.47
2018,Importacion,socio,795,,134.5
2018,Importacion,socio,804,,31970561.38
2018,Importacion,socio,818,,2137320.19
2018,Importacion,socio,826,,125192338.89
2018,Importacion,socio,834,,32713.61
2018,Importacion,socio,842,,6476089799.56
2018,Importacion,socio,858,,38960906.44
2018,Importacion,socio,862,,17136443.69
2018,Importacion,socio,894,,12071.45
2018,Importacion,socio,899,,412006858.64
2018,Importacion,socio,10,,160.32
2018,Importacion,socio,12,,1311633.16
2018,Importacion,socio,31,,245.19
2018,Importacion,socio,28,,10554.63
2018,Importacion,socio,24,,14702.8
2018,Importacion,socio,72,,49697.85
2018,Importacion,socio,112,,7194461.87
2018,Importacion,socio,120,,7473.94
2018,Importacion,socio,140,,32779.86
2018,Importacion,socio,166,,17722.71
2018,Importacion,socio,178,,1611.38
2018,Importacion,socio,184,,52197.03
2018,Importacion,socio,242,,60825.37
2018,Importacion,socio,232,,405.14
2018,Importacion,socio,238,,199810.07
2018,Importacion,socio,260,,58839.12
2018,Importacion,socio,262,,25000.0
2018,Importacion,socio,292,,21486.39
2018,Importacion,socio,296,,376.43
2018,Importacion,socio,304,,891.91
2018,Importacion,socio,328,,2957100.82
2018,Importacion,socio,334,,3905.7
2018,Importacion,socio,368,,1134.27
2018,Importacion,socio,364,,151068.63
2018,Importacion,socio,422,,55846.47
2018,Importacion,socio,417,,379.63
2018,Importacion,socio,414,,6995.46
2018,Importacion,socio,454,,35924.78
2018,Importacion,socio,462,,244609.03
2018,Importacion,socio,496,,69712.23
2018,Importacion,socio,520,,658.04
2018,Importacion,socio,535,,643.67
2018,Importacion,socio,574,,1845.55
2018,Importacion,socio,585,,2267.87
2018,Importacion,socio,598,,25663.6
2018,Importacion,socio,646,,69.22
2018,Importacion,socio,659,,42.96
2018,Importacion,socio,670,,75948.75
2018,Importacion,socio,694,,4974.39
2018,Importacion,socio,716,,34029.34
2018,Importacion,socio,728,,1355.85
2018,Importacion,socio,772,,3386.2
2018,Importacion,socio,796,,1040.56
2018,Importacion,socio,800,,1452.24
2018,Importacion,socio,854,,1018.64
2018,Importacion,socio,860,,141005.7
2018,Importacion,socio,882,,27.18
2019,Exportacion,socio,8,,1081230.44
2019,Exportacion,socio,152,,28252020.21
2019,Exportacion,socio,104,,46724.0
2019,Exportacion,socio,208,,6908581.53
2019,Exportacion,socio,60,,1211105.93
2019,Exportacion,socio,48,,39314.0
2019,Exportacion,socio,203,,549331.45
2019,Exportacion,socio,12,,54541.08
2019,Exportacion,socio,170,,62297476.77
2019,Exportacion,socio,52,,9447024.85
2019,Exportacion,socio,92,,115792.2
2019,Exportacion,socio,68,,965039.9
2019,Exportacion,socio,156,,122060086.76
2019,Exportacion,socio,218,,37613861.69
2019,Exportacion,socio,116,,7340.0
2019,Exportacion,socio,40,,393028.57
2019,Exportacion,socio,28,,609552.6
2019,Exportacion,socio,196,,32624.0
2019,Exportacion,socio,136,,516698.08
2019,Exportacion,socio,36,,27453588.29
2019,Exportacion,socio,16,,281.28
2019,Exportacion,socio,76,,19992308.96
2019,Exportacion,socio,214,,233785002.57
2019,Exportacion,socio,144,,19240.0
2019,Exportacion,socio,212,,900400.51
2019,Exportacion,socio,191,,1203437.5
2019,Exportacion,socio,32,,13681358.61
2019,Exportacion,socio,24,,72882.25
2019,Exportacion,socio,124,,105314635.23
2019,Exportacion,socio,204,,5400.0
2019,Exportacion,socio,178,,10443.95
2019,Exportacion,socio,56,,706370052.65
2019,Exportacion,socio,70,,18024.0
2019,Exportacion,socio,108,,720.0
2019,Exportacion,socio,120,,101305.5
2019,Exportacion,socio,112,,9147.92
2019,Exportacion,socio,44,,12892855.21
2019,Exportacion,socio,50,,552212.93
2019,Exportacion,socio,84,,8034188.89
2019,Exportacion,socio,51,,17400.0
2019,Exportacion,socio,192,,34532139.28
2019,Exportacion,socio,100,,20570.6
2019,Exportacion,socio,528,,720812583.99
2019,Exportacion,socio,428,,526969.45
2019,Exportacion,socio,604,,17259903.32
2019,Exportacion,socio,862,,6448014.44
2019,Exportacion,socio,740,,7430390.22
2019,Exportacion,socio,512,,49985.0
2019,Exportacion,socio,410,,32900674.88
2019,Exportacion,socio,804,,24606302.1
2019,Exportacion,socio,340,,394846531.39
2019,Exportacion,socio,531,,4064162.04
2019,Exportacion,socio,434,,1613121.8
2019,Exportacion,socio,800,,28770.0
2019,Exportacion,socio,616,,8603897.58
2019,Exportacion,socio,332,,16337218.09
2019,Exportacion,socio,308,,2291362.81
2019,Exportacion,socio,380,,165060438.4
2019,Exportacion,socio,266,,1420.0
2019,Exportacion,socio,534,,236770.94
2019,Exportacion,socio,508,,79450.91
2019,Exportacion,socio,458,,6657325.52
2019,Exportacion,socio,344,,87767416.86
2019,Exportacion,socio,682,,8842132.17
2019,Exportacion,socio,646,,720.0
2019,Exportacion,socio,258,,205818.0
2019,Exportacion,socio,826,,222184291.73
2019,Exportacion,socio,364,,163820.6
2019,Exportacion,socio,702,,52121775.91
2019,Exportacion,socio,300,,11618440.17
2019,Exportacion,socio,231,,27689.8
2019,Exportacion,socio,246,,16859114.39
2019,Exportacion,socio,328,,11475634.42
2019,Exportacion,socio,414,,20137.57
2019,Exportacion,socio,368,,2875968.43
2019,Exportacion,socio,724,,175965468.3
2019,Exportacion,socio,558,,453334193.35
2019,Exportacion,socio,442,,14961.68
2019,Exportacion,socio,768,,11304.0
2019,Exportacion,socio,400,,108761.17
2019,Exportacion,socio,842,,4849088225.97
2019,Exportacion,socio,540,,61262.54
2019,Exportacion,socio,688,,191041.5
2019,Exportacion,socio,233,,118923.11
2019,Exportacion,socio,275,,133.2
2019,Exportacion,socio,398,,8768.73
2019,Exportacion,socio,662,,2137919.33
2019,Exportacion,socio,608,,4144957.77
2019,Exportacion,socio,788,,4077667.58
2019,Exportacion,socio,818,,13861.78
2019,Exportacion,socio,392,,243809850.91
2019,Exportacion,socio,504,,3166656.9
2019,Exportacion,socio,533,,21605793.12
2019,Exportacion,socio,699,,33486381.67
2019,Exportacion,socio,752,,16345537.24
2019,Exportacion,socio,242,,26355.0
2019,Exportacion,socio,376,,11185230.58
2019,Exportacion,socio,899,,65814.0
2019,Exportacion,socio,222,,309334634.61
2019,Exportacion,socio,251,,50504878.93
2019,Exportacion,socio,598,,122248.76
2019,Exportacion,socio,703,,190361.21
2019,Exportacion,socio,704,,9912197.16
2019,Exportacion,socio,430,,1933.48
2019,Exportacion,socio,600,,700676.89
2019,Exportacion,socio,579,,21171549.11
2019,Exportacion,socio,499,,2358085.23
2019,Exportacion,socio,591,,591617066.34
2019,Exportacion,socio,643,,27890608.99
2019,Exportacion,socio,854,,287812.68
2019,Exportacion,socio,858,,1760887.26
2019,Exportacion,socio,566,,468175.0
2019,Exportacion,socio,882,,6660.0
2019,Exportacion,socio,659,,173498.03
2019,Exportacion,socio,784,,1673487.3
2019,Exportacion,socio,710,,4207772.13
2019,Exportacion,socio,388,,64590127.85
2019,Exportacion,socio,454,,7800.0
2019,Exportacion,socio,620,,51368304.39
2019,Exportacion,socio,670,,325574.63
2019,Exportacion,socio,372,,79587955.99
2019,Exportacion,socio,660,,3600.0
2019,Exportacion,socio,348,,4108953.19
2019,Exportacion,socio,586,,152210.68
2019,Exportacion,socio,834,,179600.0
2019,Exportacion,socio,757,,6562400.24
2019,Exportacion,socio,276,,167647760.43
2019,Exportacion,socio,360,,524003.13
2019,Exportacion,socio,705,,7026452.69
2019,Exportacion,socio,404,,550548.96
2019,Exportacion,socio,470,,385465.78
2019,Exportacion,socio,860,,4997.0
2019,Exportacion,socio,764,,15758245.58
2019,Exportacion,socio,288,,94539.8
2019,Exportacion,socio,316,,26571.07
2019,Exportacion,socio,422,,1067991.52
2019,Exportacion,socio,694,,25526.0
2019,Exportacion,socio,554,,3133655.46
2019,Exportacion,socio,686,,272959.0
2019,Exportacion,socio,642,,648410.8
2019,Exportacion,socio,894,,108350.0
2019,Exportacion,socio,384,,346064.4
2019,Exportacion,socio,484,,225730519.95
2019,Exportacion,socio,792,,36959267.03
2019,Exportacion,socio,634,,225776.12
2019,Exportacion,socio,490,,26608961.7
2019,Exportacion,socio,268,,167993.6
2019,Exportacion,socio,320,,595427859.37
2019,Exportacion,socio,440,,1835598.07
2019,Exportacion,socio,780,,57970206.78
2019,Importacion,socio,74,,2216.3
2019,Importacion,socio,51,,578.44
2019,Importacion,socio,104,,1097322.49
2019,Importacion,socio,112,,6374414.01
2019,Importacion,socio,44,,1242416.59
2019,Importacion,socio,120,,830.43
2019,Importacion,socio,84,,155171.52
2019,Importacion,socio,100,,2441471.45
2019,Importacion,socio,68,,1214795.73
2019,Importacion,socio,20,,6486.8
2019,Importacion,socio,132,,690.04
2019,Importacion,socio,76,,348364439.38
2019,Importacion,socio,40,,24570058.07
2019,Importacion,socio,166,,3726.55
2019,Importacion,socio,52,,41632.74
2019,Importacion,socio,124,,159798902.95
2019,Importacion,socio,108,,6.73
2019,Importacion,socio,31,,1159.35
2019,Importacion,socio,36,,6208745.61
2019,Importacion,socio,28,,3967.93
2019,Importacion,socio,70,,99924.08
2019,Importacion,socio,16,,39713.46
2019,Importacion,socio,48,,20292.19
2019,Importacion,socio,60,,25528.5
2019,Importacion,socio,32,,130201605.84
2019,Importacion,socio,148,,12.14
2019,Importacion,socio,140,,3791.04
2019,Importacion,socio,56,,62224144.03
2019,Importacion,socio,24,,134.88
2019,Importacion,socio,144,,5239258.92
2019,Importacion,socio,12,,4102761.87
2019,Importacion,socio,72,,26191.06
2019,Importacion,socio,96,,10076.6
2019,Importacion,socio,50,,17377520.1
2019,Importacion,socio,152,,198993909.52
2019,Importacion,socio,8,,124213.69
2019,Importacion,socio,92,,485009.23
2019,Importacion,socio,4,,11388.49
2019,Importacion,socio,86,,332.57
2019,Importacion,socio,116,,6664324.55
2019,Importacion,socio,64,,15740.51
2019,Importacion,socio,156,,2123512275.39
2019,Importacion,socio,136,,4067845.38
2019,Importacion,socio,214,,35274575.48
2019,Importacion,socio,352,,334867.2
2019,Importacion,socio,634,,8770561.83
2019,Importacion,socio,642,,3595276.22
2019,Importacion,socio,757,,164488534.83
2019,Importacion,socio,760,,21341.58
2019,Importacion,socio,752,,47170884.11
2019,Importacion,socio,180,,24155.63
2019,Importacion,socio,222,,232323303.12
2019,Importacion,socio,296,,7.44
2019,Importacion,socio,316,,1078.51
2019,Importacion,socio,466,,244.7
2019,Importacion,socio,434,,69.98
2019,Importacion,socio,600,,10032036.62
2019,Importacion,socio,800,,6312.18
2019,Importacion,socio,768,,36152.56
2019,Importacion,socio,876,,355.72
2019,Importacion,socio,724,,258465253.82
2019,Importacion,socio,212,,114993.73
2019,Importacion,socio,184,,26.41
2019,Importacion,socio,246,,13753338.4
2019,Importacion,socio,300,,3773495.03
2019,Importacion,socio,426,,11635.16
2019,Importacion,socio,586,,7667931.65
2019,Importacion,socio,704,,86658893.96
2019,Importacion,socio,702,,65171426.1
2019,Importacion,socio,740,,20275.58
2019,Importacion,socio,288,,489522.82
2019,Importacion,socio,251,,123390081.01
2019,Importacion,socio,308,,920.23
2019,Importacion,socio,364,,10220.92
2019,Importacion,socio,520,,638.62
2019,Importacion,socio,670,,21098.4
2019,Importacion,socio,792,,70467962.41
2019,Importacion,socio,729,,10675.0
2019,Importacion,socio,858,,41051819.87
2019,Importacion,socio,616,,14615249.73
2019,Importacion,socio,268,,74972.25
2019,Importacion,socio,174,,10578.94
2019,Importacion,socio,458,,79091241.53
2019,Importacion,socio,533,,1419.88
2019,Importacion,socio,659,,1683.86
2019,Importacion,socio,705,,3364971.35
2019,Importacion,socio,748,,8262.25
2019,Importacion,socio,772,,1163.13
2019,Importacion,socio,348,,40715123.59
2019,Importacion,socio,332,,411747.46
2019,Importacion,socio,344,,227310600.72
2019,Importacion,socio,388,,1235559.95
2019,Importacion,socio,528,,242467034.24
2019,Importacion,socio,608,,10912805.93
2019,Importacion,socio,804,,60646389.83
2019,Importacion,socio,826,,122971132.82
2019,Importacion,socio,899,,506161148.19
2019,Importacion,socio,699,,175769087.23
2019,Importacion,socio,340,,116812690.64
2019,Importacion,socio,368,,205.92
2019,Importacion,socio,422,,36955.31
2019,Importacion,socio,764,,105212420.74
2019,Importacion,socio,417,,14.38
2019,Importacion,socio,454,,29267.15
2019,Importacion,socio,178,,42608.68
2019,Importacion,socio,508,,30898.46
2019,Importacion,socio,620,,13781469.52
2019,Importacion,socio,762,,10114.03
2019,Importacion,socio,780,,8241306.06
2019,Importacion,socio,480,,114579.76
2019,Importacion,socio,579,,11379761.93
2019,Importacion,socio,690,,15296.59
2019,Importacion,socio,626,,773.8
2019,Importacion,socio,276,,384581628.86
2019,Importacion,socio,238,,66628.73
2019,Importacion,socio,380,,195475288.15
2019,Importacion,socio,410,,165983979.78
2019,Importacion,socio,580,,12188.82
2019,Importacion,socio,554,,7149130.18
2019,Importacion,socio,558,,157053004.1
2019,Importacion,socio,706,,2753.41
2019,Importacion,socio,196,,12209.18
2019,Importacion,socio,275,,47423.59
2019,Importacion,socio,574,,2345.68
2019,Importacion,socio,894,,233180.78
2019,Importacion,socio,204,,3.54
2019,Importacion,socio,624,,13817.71
2019,Importacion,socio,404,,126163.87
2019,Importacion,socio,442,,1492493.98
2019,Importacion,socio,462,,830750.27
2019,Importacion,socio,446,,14235.75
2019,Importacion,socio,440,,79395896.67
2019,Importacion,socio,548,,8.94
2019,Importacion,socio,384,,816.05
2019,Importacion,socio,682,,2784934.16
2019,Importacion,socio,408,,7578158.78
2019,Importacion,socio,328,,810625.06
2019,Importacion,socio,643,,65404708.29
2019,Importacion,socio,428,,1274787.17
2019,Importacion,socio,203,,9680313.27
2019,Importacion,socio,233,,2507162.07
2019,Importacion,socio,504,,5265041.45
2019,Importacion,socio,688,,1053459.16
2019,Importacion,socio,360,,32468905.58
2019,Importacion,socio,218,,28460403.48
2019,Importacion,socio,170,,318160612.92
2019,Importacion,socio,376,,43975350.93
2019,Importacion,socio,470,,228900.39
2019,Importacion,socio,400,,539841.36
2019,Importacion,socio,531,,13011374.22
2019,Importacion,socio,498,,15884.49
2019,Importacion,socio,796,,2970.95
2019,Importacion,socio,882,,1720.71
2019,Importacion,socio,418,,46784.41
2019,Importacion,socio,524,,13003.02
2019,Importacion,socio,208,,38801120.32
2019,Importacion,socio,694,,1359.45
2019,Importacion,socio,686,,1245.81
2019,Importacion,socio,660,,15602.55
2019,Importacion,socio,258,,1673.9
2019,Importacion,socio,392,,353553331.6
2019,Importacion,socio,478,,7528.34
2019,Importacion,socio,292,,5936.47
2019,Importacion,socio,242,,54378.3
2019,Importacion,socio,484,,1087646194.67
2019,Importacion,socio,516,,10653.92
2019,Importacion,socio,784,,8883537.6
2019,Importacion,socio,842,,6190668468.56
2019,Importacion,socio,795,,1022.26
2019,Importacion,socio,818,,2214213.67
2019,Importacion,socio,834,,32386.74
2019,Importacion,socio,703,,2439174.47
2019,Importacion,socio,450,,89813.93
2019,Importacion,socio,583,,116.77
2019,Importacion,socio,591,,200255647.11
2019,Importacion,socio,512,,3385181.01
2019,Importacion,socio,566,,9196.1
2019,Importacion,socio,372,,68553198.99
2019,Importacion,socio,584,,322.27
2019,Importacion,socio,270,,30665.71
2019,Importacion,socio,191,,556044.66
2019,Importacion,socio,231,,65164.37
2019,Importacion,socio,398,,1805.12
2019,Importacion,socio,710,,5175172.85
2019,Importacion,socio,716,,2958.05
2019,Importacion,socio,732,,61355.88
2019,Importacion,socio,862,,19210595.91
2019,Importacion,socio,788,,1094114.62
2019,Importacion,socio,604,,60084866.01
2019,Importacion,socio,320,,398643699.45
2019,Importacion,socio,192,,626669.01
2019,Importacion,socio,490,,118897546.13
2020,Exportacion,socio,76,,15839751.02
2020,Exportacion,socio,372,,68001603.52
2020,Exportacion,socio,682,,20910295.52
2020,Exportacion,socio,558,,461343180.11
2020,Exportacion,socio,268,,65567.0
2020,Exportacion,socio,533,,23049415.22
2020,Exportacion,socio,4,,25920.0
2020,Exportacion,socio,72,,780.0
2020,Exportacion,socio,504,,5773985.45
2020,Exportacion,socio,442,,3796.0
2020,Exportacion,socio,899,,137215.92
2020,Exportacion,socio,276,,116687384.35
2020,Exportacion,socio,251,,51173793.91
2020,Exportacion,socio,214,,231487464.77
2020,Exportacion,socio,360,,603170.07
2020,Exportacion,socio,616,,17323782.74
2020,Exportacion,socio,428,,658254.78
2020,Exportacion,socio,328,,13784126.44
2020,Exportacion,socio,231,,103286.3
2020,Exportacion,socio,688,,290252.0
2020,Exportacion,socio,414,,258129.65
2020,Exportacion,socio,887,,1029.03
2020,Exportacion,socio,826,,231286909.26
2020,Exportacion,socio,12,,201309.46
2020,Exportacion,socio,60,,1280602.92
2020,Exportacion,socio,152,,30039459.77
2020,Exportacion,socio,388,,53897544.9
2020,Exportacion,socio,580,,4500.0
2020,Exportacion,socio,752,,11680445.86
2020,Exportacion,socio,800,,1132.3
2020,Exportacion,socio,600,,1022853.04
2020,Exportacion,socio,28,,385098.73
2020,Exportacion,socio,466,,98.0
2020,Exportacion,socio,531,,4074426.0
2020,Exportacion,socio,380,,152655104.82
2020,Exportacion,socio,74,,40569.6
2020,Exportacion,socio,740,,8507829.51
2020,Exportacion,socio,704,,6628386.37
2020,Exportacion,socio,404,,85160.92
2020,Exportacion,socio,699,,22845127.16
2020,Exportacion,socio,218,,38161444.38
2020,Exportacion,socio,196,,78581.5
2020,Exportacion,socio,170,,62621216.53
2020,Exportacion,socio,233,,74199.25
2020,Exportacion,socio,344,,17649062.47
2020,Exportacion,socio,368,,2303523.75
2020,Exportacion,socio,512,,74252.03
2020,Exportacion,socio,579,,22270226.84
2020,Exportacion,socio,56,,613658354.7
2020,Exportacion,socio,212,,401342.94
2020,Exportacion,socio,156,,182565906.61
2020,Exportacion,socio,376,,8484032.17
2020,Exportacion,socio,586,,1284735.84
2020,Exportacion,socio,796,,25093.27
2020,Exportacion,socio,860,,61875.0
2020,Exportacion,socio,842,,5054527599.39
2020,Exportacion,socio,398,,10920.0
2020,Exportacion,socio,32,,15697227.95
2020,Exportacion,socio,792,,33273165.21
2020,Exportacion,socio,643,,35055964.79
2020,Exportacion,socio,208,,1949761.93
2020,Exportacion,socio,8,,664019.4
2020,Exportacion,socio,458,,6593355.62
2020,Exportacion,socio,340,,371708825.63
2020,Exportacion,socio,332,,19596664.45
2020,Exportacion,socio,757,,5066202.73
2020,Exportacion,socio,642,,6745281.11
2020,Exportacion,socio,724,,179119106.75
2020,Exportacion,socio,598,,9973.8
2020,Exportacion,socio,203,,198448.39
2020,Exportacion,socio,258,,36636.6
2020,Exportacion,socio,316,,22199.3
2020,Exportacion,socio,320,,596434642.17
2020,Exportacion,socio,136,,414668.63
2020,Exportacion,socio,222,,313292171.7
2020,Exportacion,socio,508,,14856.8
2020,Exportacion,socio,478,,5000.0
2020,Exportacion,socio,480,,64677.65
2020,Exportacion,socio,834,,21332.5
2020,Exportacion,socio,410,,80774739.35
2020,Exportacion,socio,854,,715819.7
2020,Exportacion,socio,710,,3854749.02
2020,Exportacion,socio,300,,6202336.85
2020,Exportacion,socio,662,,1448809.45
2020,Exportacion,socio,112,,741.0
2020,Exportacion,socio,384,,718640.54
2020,Exportacion,socio,36,,15617486.42
2020,Exportacion,socio,484,,254228627.74
2020,Exportacion,socio,400,,624169.0
2020,Exportacion,socio,705,,15721435.62
2020,Exportacion,socio,608,,7118567.46
2020,Exportacion,socio,591,,485341645.84
2020,Exportacion,socio,540,,5079.8
2020,Exportacion,socio,246,,18717648.13
2020,Exportacion,socio,270,,9000.0
2020,Exportacion,socio,192,,28704299.0
2020,Exportacion,socio,499,,1733798.63
2020,Exportacion,socio,440,,2889437.3
2020,Exportacion,socio,566,,309418.95
2020,Exportacion,socio,804,,20808092.51
2020,Exportacion,socio,858,,1618915.21
2020,Exportacion,socio,528,,895904602.64
2020,Exportacion,socio,392,,258153743.86
2020,Exportacion,socio,818,,78204.15
2020,Exportacion,socio,620,,52949776.28
2020,Exportacion,socio,50,,286777.45
2020,Exportacion,socio,44,,11394071.74
2020,Exportacion,socio,660,,2280.0
2020,Exportacion,socio,242,,14958.5
2020,Exportacion,socio,703,,19691.5
2020,Exportacion,socio,191,,875460.1
2020,Exportacion,socio,470,,359231.76
2020,Exportacion,socio,784,,1856244.52
2020,Exportacion,socio,308,,1023777.17
2020,Exportacion,socio,659,,111400.77
2020,Exportacion,socio,178,,20158.0
2020,Exportacion,socio,634,,255644.15
2020,Exportacion,socio,422,,684953.29
2020,Exportacion,socio,348,,11910384.58
2020,Exportacion,socio,490,,22107991.35
2020,Exportacion,socio,702,,49439529.98
2020,Exportacion,socio,670,,785428.86
2020,Exportacion,socio,548,,5500.0
2020,Exportacion,socio,554,,1291387.47
2020,Exportacion,socio,788,,5609388.65
2020,Exportacion,socio,288,,14310.12
2020,Exportacion,socio,418,,3200.0
2020,Exportacion,socio,40,,57970.35
2020,Exportacion,socio,48,,12931.0
2020,Exportacion,socio,862,,4180594.65
2020,Exportacion,socio,780,,51287759.86
2020,Exportacion,socio,124,,75832481.07
2020,Exportacion,socio,52,,8178839.57
2020,Exportacion,socio,434,,4282129.69
2020,Exportacion,socio,100,,52308.7
2020,Exportacion,socio,120,,110559.99
2020,Exportacion,socio,84,,9123319.52
2020,Exportacion,socio,92,,67717.1
2020,Exportacion,socio,534,,352127.91
2020,Exportacion,socio,764,,13555391.57
2020,Exportacion,socio,364,,128203.69
2020,Exportacion,socio,144,,608.2
2020,Exportacion,socio,694,,552283.33
2020,Exportacion,socio,604,,49498309.5
2020,Exportacion,socio,68,,764771.11
2020,Importacion,socio,376,,31552609.71
2020,Importacion,socio,504,,5684791.59
2020,Importacion,socio,642,,3033639.13
2020,Importacion,socio,703,,2695288.68
2020,Importacion,socio,344,,119988957.78
2020,Importacion,socio,180,,694.35
2020,Importacion,socio,716,,8134.9
2020,Importacion,socio,170,,281634057.68
2020,Importacion,socio,52,,220036.97
2020,Importacion,socio,757,,159273839.8
2020,Importacion,socio,44,,80643.84
2020,Importacion,socio,214,,38595480.15
2020,Importacion,socio,204,,8195.98
2020,Importacion,socio,440,,3221070.78
2020,Importacion,socio,540,,949.96
2020,Importacion,socio,646,,13.31
2020,Importacion,socio,818,,1786392.68
2020,Importacion,socio,266,,5790.84
2020,Importacion,socio,446,,158493.88
2020,Importacion,socio,862,,6932432.05
2020,Importacion,socio,899,,274520249.04
2020,Importacion,socio,320,,408058927.71
2020,Importacion,socio,398,,6430.12
2020,Importacion,socio,480,,207271.75
2020,Importacion,socio,508,,22438.0
2020,Importacion,socio,554,,11567322.61
2020,Importacion,socio,410,,147005258.82
2020,Importacion,socio,792,,68029354.68
2020,Importacion,socio,574,,133706.0
2020,Importacion,socio,251,,133647797.27
2020,Importacion,socio,670,,41.45
2020,Importacion,socio,705,,2829452.19
2020,Importacion,socio,162,,76565.68
2020,Importacion,socio,270,,22394.23
2020,Importacion,socio,156,,2091009286.12
2020,Importacion,socio,258,,9283.68
2020,Importacion,socio,372,,67017351.53
2020,Importacion,socio,417,,4929.64
2020,Importacion,socio,798,,28.44
2020,Importacion,socio,776,,2986.13
2020,Importacion,socio,620,,10822651.21
2020,Importacion,socio,804,,81600034.51
2020,Importacion,socio,643,,47337981.25
2020,Importacion,socio,392,,303088601.82
2020,Importacion,socio,524,,17219.93
2020,Importacion,socio,124,,171758303.41
2020,Importacion,socio,4,,5728.9
2020,Importacion,socio,36,,7614237.32
2020,Importacion,socio,184,,982.31
2020,Importacion,socio,292,,11813.3
2020,Importacion,socio,238,,715273.16
2020,Importacion,socio,764,,107623658.52
2020,Importacion,socio,384,,1392.59
2020,Importacion,socio,203,,7903450.81
2020,Importacion,socio,76,,305761617.99
2020,Importacion,socio,86,,36236.71
2020,Importacion,socio,208,,33817504.53
2020,Importacion,socio,192,,108094.18
2020,Importacion,socio,144,,4321203.69
2020,Importacion,socio,174,,190.65
2020,Importacion,socio,352,,242641.0
2020,Importacion,socio,662,,53322.85
2020,Importacion,socio,724,,248950132.14
2020,Importacion,socio,598,,994.94
2020,Importacion,socio,496,,19.07
2020,Importacion,socio,191,,282901.27
2020,Importacion,socio,104,,1564740.46
2020,Importacion,socio,100,,2282057.49
2020,Importacion,socio,64,,4489.47
2020,Importacion,socio,239,,963.91
2020,Importacion,socio,242,,44982.45
2020,Importacion,socio,276,,382555625.45
2020,Importacion,socio,340,,115731372.39
2020,Importacion,socio,140,,15142.66
2020,Importacion,socio,218,,29699207.33
2020,Importacion,socio,760,,202.8
2020,Importacion,socio,780,,12216758.01
2020,Importacion,socio,212,,841109.16
2020,Importacion,socio,500,,19698.71
2020,Importacion,socio,40,,24879112.31
2020,Importacion,socio,442,,2923566.67
2020,Importacion,socio,466,,321.2
2020,Importacion,socio,586,,6808477.9
2020,Importacion,socio,688,,1156985.24
2020,Importacion,socio,752,,51749061.37
2020,Importacion,socio,772,,2450.73
2020,Importacion,socio,478,,2246.76
2020,Importacion,socio,328,,574110.87
2020,Importacion,socio,70,,65343.57
2020,Importacion,socio,231,,40411.33
2020,Importacion,socio,516,,529.95
2020,Importacion,socio,699,,151856171.84
2020,Importacion,socio,288,,4155.68
2020,Importacion,socio,31,,240.65
2020,Importacion,socio,8,,575676.28
2020,Importacion,socio,48,,263417.7
2020,Importacion,socio,74,,4177.28
2020,Importacion,socio,324,,201.68
2020,Importacion,socio,388,,948487.86
2020,Importacion,socio,404,,69656.85
2020,Importacion,socio,533,,5708.84
2020,Importacion,socio,795,,11167.28
2020,Importacion,socio,826,,106182904.35
2020,Importacion,socio,136,,3061924.44
2020,Importacion,socio,498,,6688.5
2020,Importacion,socio,894,,14363.63
2020,Importacion,socio,364,,170.06
2020,Importacion,socio,233,,5982456.24
2020,Importacion,socio,246,,10567874.31
2020,Importacion,socio,348,,29432692.57
2020,Importacion,socio,512,,1599542.45
2020,Importacion,socio,72,,7329.57
2020,Importacion,socio,116,,4822995.38
2020,Importacion,socio,380,,193043813.21
2020,Importacion,socio,408,,2360966.3
2020,Importacion,socio,608,,13867232.71
2020,Importacion,socio,842,,5401426379.11
2020,Importacion,socio,660,,2323.07
2020,Importacion,socio,32,,102745352.38
2020,Importacion,socio,112,,7979136.36
2020,Importacion,socio,120,,21195.97
2020,Importacion,socio,762,,51095.55
2020,Importacion,socio,222,,205197291.13
2020,Importacion,socio,148,,304.95
2020,Importacion,socio,418,,36952.41
2020,Importacion,socio,400,,673158.01
2020,Importacion,socio,686,,16508.96
2020,Importacion,socio,788,,1183701.77
2020,Importacion,socio,450,,53997.38
2020,Importacion,socio,490,,118584163.77
2020,Importacion,socio,579,,13631226.8
2020,Importacion,socio,300,,3179638.8
2020,Importacion,socio,28,,5297.94
2020,Importacion,socio,484,,976557469.64
2020,Importacion,socio,674,,20679.07
2020,Importacion,socio,414,,48100.57
2020,Importacion,socio,499,,284684.72
2020,Importacion,socio,566,,50076.8
2020,Importacion,socio,858,,42826150.59
2020,Importacion,socio,604,,58400848.64
2020,Importacion,socio,704,,117634887.68
2020,Importacion,socio,51,,6368.6
2020,Importacion,socio,68,,2499978.47
2020,Importacion,socio,268,,17101.95
2020,Importacion,socio,462,,1203238.68
2020,Importacion,socio,428,,1217750.26
2020,Importacion,socio,748,,42184.22
2020,Importacion,socio,24,,395.03
2020,Importacion,socio,56,,61592457.17
2020,Importacion,socio,60,,31146.46
2020,Importacion,socio,784,,7127731.47
2020,Importacion,socio,854,,855.73
2020,Importacion,socio,729,,11352.8
2020,Importacion,socio,50,,12690106.03
2020,Importacion,socio,166,,15855.48
2020,Importacion,socio,275,,13185.32
2020,Importacion,socio,422,,83538.93
2020,Importacion,socio,558,,145076563.76
2020,Importacion,socio,702,,94502424.94
2020,Importacion,socio,531,,10806347.67
2020,Importacion,socio,600,,10658943.58
2020,Importacion,socio,706,,6251.35
2020,Importacion,socio,800,,6927.35
2020,Importacion,socio,882,,214.22
2020,Importacion,socio,591,,195199619.88
2020,Importacion,socio,690,,141855.58
2020,Importacion,socio,360,,28651521.45
2020,Importacion,socio,16,,26769.1
2020,Importacion,socio,796,,86.48
2020,Importacion,socio,152,,201647199.15
2020,Importacion,socio,92,,100418.75
2020,Importacion,socio,84,,158305.75
2020,Importacion,socio,196,,84866.85
2020,Importacion,socio,368,,657.72
2020,Importacion,socio,528,,103024084.39
2020,Importacion,socio,534,,2307.63
2020,Importacion,socio,458,,152566287.84
2020,Importacion,socio,682,,1868141.99
2020,Importacion,socio,20,,2852.0
2020,Importacion,socio,332,,286620.53
2020,Importacion,socio,308,,11446.94
2020,Importacion,socio,634,,2608529.18
2020,Importacion,socio,740,,11421.21
2020,Importacion,socio,834,,8102.37
2020,Importacion,socio,616,,18222384.09
2020,Importacion,socio,694,,507.77
2020,Importacion,socio,470,,126752.27
2020,Importacion,socio,454,,49.51
2020,Importacion,socio,426,,51781.68
2020,Importacion,socio,548,,2207.79
2020,Importacion,socio,710,,4104922.5
2021,Exportacion,socio,12,,69643.28
2021,Exportacion,socio,8,,2515802.19
2021,Exportacion,socio,20,,7646.21
2021,Exportacion,socio,28,,477983.84
2021,Exportacion,socio,32,,14673774.35
2021,Exportacion,socio,36,,19180607.52
2021,Exportacion,socio,40,,207710.35
2021,Exportacion,socio,44,,12578319.75
2021,Exportacion,socio,48,,1541865.0
2021,Exportacion,socio,50,,658883.21
2021,Exportacion,socio,52,,9842484.93
2021,Exportacion,socio,56,,748487403.41
2021,Exportacion,socio,60,,251487.86
2021,Exportacion,socio,70,,39.56
2021,Exportacion,socio,84,,10767710.04
2021,Exportacion,socio,92,,49688.18
2021,Exportacion,socio,100,,182139.03
2021,Exportacion,socio,116,,700.0
2021,Exportacion,socio,120,,273984.5
2021,Exportacion,socio,136,,855879.69
2021,Exportacion,socio,144,,8254.59
2021,Exportacion,socio,152,,47864673.18
2021,Exportacion,socio,174,,22449.71
2021,Exportacion,socio,191,,1048151.56
2021,Exportacion,socio,192,,28976246.63
2021,Exportacion,socio,196,,28665.0
2021,Exportacion,socio,203,,168378.37
2021,Exportacion,socio,212,,814423.75
2021,Exportacion,socio,214,,313840262.58
2021,Exportacion,socio,218,,48954111.54
2021,Exportacion,socio,222,,366919379.27
2021,Exportacion,socio,231,,51426.3
2021,Exportacion,socio,233,,87804.75
2021,Exportacion,socio,242,,18446.0
2021,Exportacion,socio,246,,23922077.31
2021,Exportacion,socio,251,,70768478.45
2021,Exportacion,socio,258,,3712.3
2021,Exportacion,socio,262,,62259.87
2021,Exportacion,socio,266,,188114.0
2021,Exportacion,socio,268,,40737.87
2021,Exportacion,socio,288,,41275.2
2021,Exportacion,socio,300,,8995314.77
2021,Exportacion,socio,304,,235941.0
2021,Exportacion,socio,308,,2401378.52
2021,Exportacion,socio,316,,2062.8
2021,Exportacion,socio,328,,14892944.19
2021,Exportacion,socio,332,,25037183.87
2021,Exportacion,socio,344,,41402172.03
2021,Exportacion,socio,348,,15268894.86
2021,Exportacion,socio,352,,600.0
2021,Exportacion,socio,364,,14814.35
2021,Exportacion,socio,380,,177376672.34
2021,Exportacion,socio,384,,199856.25
2021,Exportacion,socio,388,,62554469.59
2021,Exportacion,socio,392,,258321451.16
2021,Exportacion,socio,400,,180776.0
2021,Exportacion,socio,404,,312813.45
2021,Exportacion,socio,408,,28788.36
2021,Exportacion,socio,414,,770233.1
2021,Exportacion,socio,422,,1034081.57
2021,Exportacion,socio,428,,492763.17
2021,Exportacion,socio,434,,9360974.44
2021,Exportacion,socio,440,,1366109.23
2021,Exportacion,socio,442,,10054552.49
2021,Exportacion,socio,450,,26568.0
2021,Exportacion,socio,458,,19508530.23
2021,Exportacion,socio,466,,268284.13
2021,Exportacion,socio,470,,1057723.98
2021,Exportacion,socio,490,,36451746.46
2021,Exportacion,socio,496,,28164.0
2021,Exportacion,socio,499,,2546081.76
2021,Exportacion,socio,504,,4217015.55
2021,Exportacion,socio,512,,818499.87
2021,Exportacion,socio,520,,246760.0
2021,Exportacion,socio,528,,1036715625.63
2021,Exportacion,socio,531,,5597704.87
2021,Exportacion,socio,533,,21581672.18
2021,Exportacion,socio,534,,336755.68
2021,Exportacion,socio,540,,13012.9
2021,Exportacion,socio,548,,2750.0
2021,Exportacion,socio,554,,8209311.84
2021,Exportacion,socio,562,,3081644.54
2021,Exportacion,socio,566,,9062061.1
2021,Exportacion,socio,579,,22371200.23
2021,Exportacion,socio,580,,7200.0
2021,Exportacion,socio,586,,1990459.79
2021,Exportacion,socio,598,,8800.0
2021,Exportacion,socio,600,,1507050.42
2021,Exportacion,socio,604,,90527152.17
2021,Exportacion,socio,616,,16451868.73
2021,Exportacion,socio,620,,55017681.74
2021,Exportacion,socio,634,,1197615.7
2021,Exportacion,socio,642,,10573014.59
2021,Exportacion,socio,643,,36742503.25
2021,Exportacion,socio,659,,185930.41
2021,Exportacion,socio,660,,2240.0
2021,Exportacion,socio,662,,1522490.0
2021,Exportacion,socio,670,,788612.22
2021,Exportacion,socio,682,,27485177.33
2021,Exportacion,socio,686,,365994.7
2021,Exportacion,socio,688,,584154.0
2021,Exportacion,socio,694,,841196.19
2021,Exportacion,socio,699,,34356509.34
2021,Exportacion,socio,702,,26929133.79
2021,Exportacion,socio,703,,66756.1
2021,Exportacion,socio,704,,12716088.64
2021,Exportacion,socio,705,,591987.48
2021,Exportacion,socio,710,,3787450.63
2021,Exportacion,socio,716,,25.0
2021,Exportacion,socio,724,,211241322.34
2021,Exportacion,socio,740,,4448021.85
2021,Exportacion,socio,752,,6388642.73
2021,Exportacion,socio,764,,35178267.97
2021,Exportacion,socio,768,,1360.0
2021,Exportacion,socio,784,,4732341.29
2021,Exportacion,socio,788,,5131461.6
2021,Exportacion,socio,792,,45726997.42
2021,Exportacion,socio,796,,71782.0
2021,Exportacion,socio,800,,33980.92
2021,Exportacion,socio,804,,15463387.43
2021,Exportacion,socio,818,,1371931.71
2021,Exportacion,socio,834,,36675.03
2021,Exportacion,socio,854,,527115.97
2021,Exportacion,socio,860,,20250.0
2021,Exportacion,socio,862,,6405670.15
2021,Exportacion,socio,899,,66906.48
2021,Exportacion,socio,68,,892005.59
2021,Exportacion,socio,76,,43917082.89
2021,Exportacion,socio,124,,98612500.29
2021,Exportacion,socio,156,,308630801.72
2021,Exportacion,socio,170,,91750094.25
2021,Exportacion,socio,208,,4890842.88
2021,Exportacion,socio,276,,143745859.29
2021,Exportacion,socio,320,,701070047.47
2021,Exportacion,socio,340,,478310581.15
2021,Exportacion,socio,360,,1923896.82
2021,Exportacion,socio,368,,579132.94
2021,Exportacion,socio,372,,87264554.16
2021,Exportacion,socio,376,,11861191.14
2021,Exportacion,socio,410,,87638045.94
2021,Exportacion,socio,484,,355288322.14
2021,Exportacion,socio,558,,579914529.63
2021,Exportacion,socio,591,,582801717.98
2021,Exportacion,socio,608,,5636364.23
2021,Exportacion,socio,757,,6026502.1
2021,Exportacion,socio,780,,61092525.84
2021,Exportacion,socio,826,,230508969.53
2021,Exportacion,socio,842,,6269772002.04
2021,Exportacion,socio,858,,3275746.47
2021,Importacion,socio,12,,46435.41
2021,Importacion,socio,10,,2103.16
2021,Importacion,socio,8,,15067.75
2021,Importacion,socio,4,,23831.72
2021,Importacion,socio,16,,27520.58
2021,Importacion,socio,20,,13148.49
2021,Importacion,socio,24,,1925.33
2021,Importacion,socio,28,,3360.28
2021,Importacion,socio,32,,124770628.28
2021,Importacion,socio,36,,8599834.7
2021,Importacion,socio,40,,29973627.3
2021,Importacion,socio,44,,887828.49
2021,Importacion,socio,48,,175907.82
2021,Importacion,socio,50,,19730051.77
2021,Importacion,socio,51,,14985.37
2021,Importacion,socio,52,,99691.44
2021,Importacion,socio,56,,119102439.9
2021,Importacion,socio,60,,19034.74
2021,Importacion,socio,64,,463.26
2021,Importacion,socio,68,,15930208.67
2021,Importacion,socio,70,,158796.39
2021,Importacion,socio,72,,1693.19
2021,Importacion,socio,74,,24494.65
2021,Importacion,socio,76,,408688875.59
2021,Importacion,socio,84,,844636.13
2021,Importacion,socio,86,,8376.32
2021,Importacion,socio,90,,17957.83
2021,Importacion,socio,92,,96976.46
2021,Importacion,socio,96,,15.67
2021,Importacion,socio,100,,3022284.01
2021,Importacion,socio,104,,1211248.44
2021,Importacion,socio,112,,9725098.92
2021,Importacion,socio,116,,6715623.78
2021,Importacion,socio,120,,2406.02
2021,Importacion,socio,124,,198629279.36
2021,Importacion,socio,132,,306.12
2021,Importacion,socio,136,,22344.26
2021,Importacion,socio,140,,1435.89
2021,Importacion,socio,144,,4225065.68
2021,Importacion,socio,148,,623.59
2021,Importacion,socio,152,,274167841.51
2021,Importacion,socio,156,,2937920958.72
2021,Importacion,socio,162,,8.62
2021,Importacion,socio,166,,16250.08
2021,Importacion,socio,170,,342334578.99
2021,Importacion,socio,174,,737.71
2021,Importacion,socio,178,,29467.17
2021,Importacion,socio,180,,82890.69
2021,Importacion,socio,184,,31630.54
2021,Importacion,socio,188,,266073595.15
2021,Importacion,socio,191,,330824.18
2021,Importacion,socio,192,,644004.33
2021,Importacion,socio,196,,47205.97
2021,Importacion,socio,203,,9077034.71
2021,Importacion,socio,204,,3228.93
2021,Importacion,socio,208,,41743751.98
2021,Importacion,socio,212,,165213.54
2021,Importacion,socio,214,,52727028.91
2021,Importacion,socio,218,,24792885.67
2021,Importacion,socio,222,,240208567.34
2021,Importacion,socio,231,,77062.89
2021,Importacion,socio,233,,2889388.11
2021,Importacion,socio,238,,199945.71
2021,Importacion,socio,242,,67407.66
2021,Importacion,socio,246,,17145513.75
2021,Importacion,socio,251,,136459645.89
2021,Importacion,socio,258,,2262.49
2021,Importacion,socio,260,,62.62
2021,Importacion,socio,268,,90757.56
2021,Importacion,socio,270,,45680.18
2021,Importacion,socio,275,,3594.1
2021,Importacion,socio,276,,417410355.02
2021,Importacion,socio,288,,485.31
2021,Importacion,socio,292,,20.29
2021,Importacion,socio,296,,1530.89
2021,Importacion,socio,300,,4592996.15
2021,Importacion,socio,308,,662.02
2021,Importacion,socio,316,,9624.72
2021,Importacion,socio,320,,500399065.25
2021,Importacion,socio,324,,1050.46
2021,Importacion,socio,328,,1356065.47
2021,Importacion,socio,332,,322251.74
2021,Importacion,socio,340,,155789004.4
2021,Importacion,socio,344,,151071840.78
2021,Importacion,socio,348,,50521784.97
2021,Importacion,socio,352,,466608.29
2021,Importacion,socio,360,,43190173.32
2021,Importacion,socio,364,,60044.68
2021,Importacion,socio,368,,498.35
2021,Importacion,socio,372,,73185593.04
2021,Importacion,socio,376,,28872564.65
2021,Importacion,socio,380,,217939843.83
2021,Importacion,socio,384,,485.13
2021,Importacion,socio,388,,1117841.6
2021,Importacion,socio,392,,369048058.56
2021,Importacion,socio,398,,1088.23
2021,Importacion,socio,400,,851445.82
2021,Importacion,socio,404,,145194.31
2021,Importacion,socio,408,,388382.1
2021,Importacion,socio,410,,225834523.44
2021,Importacion,socio,414,,372131.43
2021,Importacion,socio,417,,895.98
2021,Importacion,socio,418,,294919.27
2021,Importacion,socio,422,,98637.63
2021,Importacion,socio,426,,48508.18
2021,Importacion,socio,428,,1930156.65
2021,Importacion,socio,430,,1786.82
2021,Importacion,socio,440,,6061235.31
2021,Importacion,socio,442,,4016065.96
2021,Importacion,socio,446,,264992.55
2021,Importacion,socio,450,,60979.89
2021,Importacion,socio,454,,363824.83
2021,Importacion,socio,458,,110652680.52
2021,Importacion,socio,462,,64952.68
2021,Importacion,socio,470,,243227.66
2021,Importacion,socio,478,,12574.24
2021,Importacion,socio,480,,460364.88
2021,Importacion,socio,484,,1183216303.46
2021,Importacion,socio,490,,141014247.21
2021,Importacion,socio,496,,35800.03
2021,Importacion,socio,498,,4189.65
2021,Importacion,socio,499,,281791.17
2021,Importacion,socio,500,,375468.37
2021,Importacion,socio,504,,4561785.57
2021,Importacion,socio,508,,24014.95
2021,Importacion,socio,512,,9642646.86
2021,Importacion,socio,516,,245.83
2021,Importacion,socio,524,,5001.07
2021,Importacion,socio,528,,113338714.69
2021,Importacion,socio,531,,44388801.57
2021,Importacion,socio,533,,73891.01
2021,Importacion,socio,534,,941.66
2021,Importacion,socio,540,,3754.09
2021,Importacion,socio,548,,93.97
2021,Importacion,socio,554,,7261321.37
2021,Importacion,socio,558,,179237565.03
2021,Importacion,socio,562,,3663.17
2021,Importacion,socio,566,,109687.07
2021,Importacion,socio,570,,617.96
2021,Importacion,socio,579,,18455768.53
2021,Importacion,socio,580,,2873.99
2021,Importacion,socio,583,,19.03
2021,Importacion,socio,586,,5981714.42
2021,Importacion,socio,591,,221105094.48
2021,Importacion,socio,600,,7653563.83
2021,Importacion,socio,604,,66222515.94
2021,Importacion,socio,608,,12823890.21
2021,Importacion,socio,616,,27021089.87
2021,Importacion,socio,620,,17782388.59
2021,Importacion,socio,624,,308.9
2021,Importacion,socio,634,,6663875.36
2021,Importacion,socio,642,,4499415.33
2021,Importacion,socio,643,,83310647.53
2021,Importacion,socio,646,,11530.66
2021,Importacion,socio,659,,1134.25
2021,Importacion,socio,662,,30755.64
2021,Importacion,socio,670,,89934.73
2021,Importacion,socio,674,,40965.88
2021,Importacion,socio,678,,87.86
2021,Importacion,socio,682,,14526099.29
2021,Importacion,socio,686,,29862.88
2021,Importacion,socio,688,,1196938.33
2021,Importacion,socio,694,,244.38
2021,Importacion,socio,699,,193369777.31
2021,Importacion,socio,702,,76096535.42
2021,Importacion,socio,703,,3695278.48
2021,Importacion,socio,704,,179368098.6
2021,Importacion,socio,705,,4723471.14
2021,Importacion,socio,706,,220.89
2021,Importacion,socio,710,,6509099.38
2021,Importacion,socio,724,,353552382.04
2021,Importacion,socio,740,,31541.92
2021,Importacion,socio,748,,26246.27
2021,Importacion,socio,752,,54225253.41
2021,Importacion,socio,757,,163847158.55
2021,Importacion,socio,760,,2284.37
2021,Importacion,socio,762,,685.46
2021,Importacion,socio,764,,108917955.9
2021,Importacion,socio,768,,269.45
2021,Importacion,socio,772,,2446.15
2021,Importacion,socio,776,,111.57
2021,Importacion,socio,780,,13296156.39
2021,Importacion,socio,784,,10918524.61
2021,Importacion,socio,788,,1368382.56
2021,Importacion,socio,792,,106947038.94
2021,Importacion,socio,795,,202.75
2021,Importacion,socio,796,,796.06
2021,Importacion,socio,800,,2129.3
2021,Importacion,socio,804,,176406947.18
2021,Importacion,socio,818,,5717854.25
2021,Importacion,socio,826,,119562162.99
2021,Importacion,socio,834,,15821.34
2021,Importacion,socio,842,,6957320955.07
2021,Importacion,socio,854,,1180.28
2021,Importacion,socio,858,,39469102.66
2021,Importacion,socio,860,,6314.87
2021,Importacion,socio,862,,13825390.77
2021,Importacion,socio,876,,125.95
2021,Importacion,socio,882,,62088.72
2021,Importacion,socio,894,,46935.35
2021,Importacion,socio,899,,3972.8
2022,Exportacion,socio,288,,44884.3
2022,Exportacion,socio,300,,15804515.78
2022,Exportacion,socio,784,,3211836.75
2022,Exportacion,socio,804,,2360343.11
2022,Exportacion,socio,466,,206477.11
2022,Exportacion,socio,470,,3104907.55
2022,Exportacion,socio,478,,2240.0
2022,Exportacion,socio,40,,396589.18
2022,Exportacion,socio,258,,122150.0
2022,Exportacion,socio,266,,15.8
2022,Exportacion,socio,268,,937926.49
2022,Exportacion,socio,270,,145.0
2022,Exportacion,socio,152,,39734494.81
2022,Exportacion,socio,442,,22812.2
2022,Exportacion,socio,92,,106679.79
2022,Exportacion,socio,100,,151922.45
2022,Exportacion,socio,48,,6900.0
2022,Exportacion,socio,50,,1375368.31
2022,Exportacion,socio,818,,1237685.71
2022,Exportacion,socio,634,,131839.53
2022,Exportacion,socio,579,,21881987.46
2022,Exportacion,socio,580,,14550.0
2022,Exportacion,socio,586,,3598552.61
2022,Exportacion,socio,654,,9741.45
2022,Exportacion,socio,659,,289203.41
2022,Exportacion,socio,660,,7814.0
2022,Exportacion,socio,662,,2625216.26
2022,Exportacion,socio,670,,537133.77
2022,Exportacion,socio,682,,35322267.73
2022,Exportacion,socio,686,,655871.42
2022,Exportacion,socio,688,,709431.06
2022,Exportacion,socio,348,,41106889.12
2022,Exportacion,socio,729,,18425.6
2022,Exportacion,socio,740,,4600562.89
2022,Exportacion,socio,368,,6797167.02
2022,Exportacion,socio,764,,27696116.953
2022,Exportacion,socio,788,,3458405.58
2022,Exportacion,socio,598,,90850.95
2022,Exportacion,socio,600,,597508.96
2022,Exportacion,socio,608,,5462609.49
2022,Exportacion,socio,882,,26000.0
2022,Exportacion,socio,894,,9369.0
2022,Exportacion,socio,834,,2342.47
2022,Exportacion,socio,212,,588498.86
2022,Exportacion,socio,51,,1755.0
2022,Exportacion,socio,52,,12303040.35
2022,Exportacion,socio,702,,46471639.74
2022,Exportacion,socio,706,,3764.0
2022,Exportacion,socio,710,,4421225.96
2022,Exportacion,socio,643,,24397168.0
2022,Exportacion,socio,757,,6530882.05
2022,Exportacion,socio,533,,16390585.3
2022,Exportacion,socio,174,,26716.0
2022,Exportacion,socio,184,,5880.88
2022,Exportacion,socio,780,,58941408.68
2022,Exportacion,socio,384,,552462.69
2022,Exportacion,socio,12,,21922.32
2022,Exportacion,socio,8,,1300777.23
2022,Exportacion,socio,24,,450.0
2022,Exportacion,socio,28,,826198.96
2022,Exportacion,socio,191,,824115.56
2022,Exportacion,socio,192,,26530893.11
2022,Exportacion,socio,242,,35640.6
2022,Exportacion,socio,246,,21784316.08
2022,Exportacion,socio,512,,1264.0
2022,Exportacion,socio,520,,3000.0
2022,Exportacion,socio,414,,345583.03
2022,Exportacion,socio,418,,10884.0
2022,Exportacion,socio,422,,1819869.94
2022,Exportacion,socio,854,,15214.8
2022,Exportacion,socio,703,,263822.6
2022,Exportacion,socio,704,,15299965.94
2022,Exportacion,socio,534,,341609.28
2022,Exportacion,socio,540,,162936.44
2022,Exportacion,socio,554,,1979602.31
2022,Exportacion,socio,795,,2459.13
2022,Exportacion,socio,796,,50916.14
2022,Exportacion,socio,800,,270615.99
2022,Exportacion,socio,84,,18093167.69
2022,Exportacion,socio,32,,13145891.679
2022,Exportacion,socio,196,,143298.58
2022,Exportacion,socio,203,,132240.73
2022,Exportacion,socio,531,,5906303.85
2022,Exportacion,socio,404,,1266898.43
2022,Exportacion,socio,408,,6446.44
2022,Exportacion,socio,410,,79817801.97
2022,Exportacion,socio,428,,616737.41
2022,Exportacion,socio,430,,1611.42
2022,Exportacion,socio,434,,8471650.14
2022,Exportacion,socio,440,,1556638.97
2022,Exportacion,socio,858,,4169094.68
2022,Exportacion,socio,44,,15092837.023
2022,Exportacion,socio,616,,7606560.2
2022,Exportacion,socio,642,,13549724.84
2022,Exportacion,socio,694,,1452808.79
2022,Exportacion,socio,60,,423698.49
2022,Exportacion,socio,68,,904807.79
2022,Exportacion,socio,36,,20855304.03
2022,Exportacion,socio,324,,8868.05
2022,Exportacion,socio,328,,17341210.3
2022,Exportacion,socio,332,,18834447.14
2022,Exportacion,socio,496,,47920.0
2022,Exportacion,socio,498,,146.93
2022,Exportacion,socio,499,,8725852.4
2022,Exportacion,socio,504,,5934092.53
2022,Exportacion,socio,132,,1900.0
2022,Exportacion,socio,136,,1440943.48
2022,Exportacion,socio,144,,245.74
2022,Exportacion,socio,388,,80432514.45
2022,Exportacion,socio,398,,5250.0
2022,Exportacion,socio,400,,1346982.18
2022,Exportacion,socio,120,,1215893.64
2022,Exportacion,socio,116,,3310.0
2022,Exportacion,socio,562,,3181220.0
2022,Exportacion,socio,566,,6273863.15
2022,Exportacion,socio,705,,97174.88
2022,Exportacion,socio,231,,60703.5
2022,Exportacion,socio,233,,101288.31
2022,Exportacion,socio,308,,2144688.78
2022,Exportacion,socio,316,,43311.0
2022,Exportacion,socio,360,,1430775.87
2022,Exportacion,socio,364,,10345.34
2022,Exportacion,socio,490,,39995043.35
2022,Exportacion,socio,276,,129876623.58
2022,Exportacion,socio,826,,225044417.197
2022,Exportacion,socio,76,,59147579.67
2022,Exportacion,socio,620,,49563062.3
2022,Exportacion,socio,699,,30388617.81
2022,Exportacion,socio,752,,9295351.44
2022,Exportacion,socio,344,,31238774.15
2022,Exportacion,socio,724,,208419861.51
2022,Exportacion,socio,170,,93010727.978
2022,Exportacion,socio,484,,348300784.816
2022,Exportacion,socio,604,,94471783.75
2022,Exportacion,socio,528,,1183244234.28
2022,Exportacion,socio,458,,19706894.49
2022,Exportacion,socio,862,,7239894.99
2022,Exportacion,socio,218,,67735267.65
2022,Exportacion,socio,372,,89552787.8
2022,Exportacion,socio,208,,1649740.68
2022,Exportacion,socio,251,,75425503.77
2022,Exportacion,socio,558,,593427034.08
2022,Exportacion,socio,380,,160735269.4
2022,Exportacion,socio,340,,517325872.789
2022,Exportacion,socio,392,,255573440.958
2022,Exportacion,socio,899,,104304655.14
2022,Exportacion,socio,842,,6704065665.414
2022,Exportacion,socio,214,,341997172.57
2022,Exportacion,socio,222,,385793419.284
2022,Exportacion,socio,376,,12997762.29
2022,Exportacion,socio,792,,42652157.95
2022,Exportacion,socio,156,,344411382.41
2022,Exportacion,socio,591,,588407694.726
2022,Exportacion,socio,124,,88219655.87
2022,Exportacion,socio,56,,792443932.86
2022,Exportacion,socio,320,,815131695.65
2022,Importacion,socio,344,,153674763.53
2022,Importacion,socio,490,,154610042.83
2022,Importacion,socio,276,,498931566.33
2022,Importacion,socio,300,,6007695.92
2022,Importacion,socio,784,,31531801.79
2022,Importacion,socio,826,,122969618.49
2022,Importacion,socio,84,,611597.99
2022,Importacion,socio,40,,34406090.97
2022,Importacion,socio,203,,13305254.85
2022,Importacion,socio,410,,244280661.31
2022,Importacion,socio,442,,2317777.44
2022,Importacion,socio,842,,8198695978.781
2022,Importacion,socio,100,,3969401.17
2022,Importacion,socio,620,,17592626.66
2022,Importacion,socio,558,,215947115.22
2022,Importacion,socio,699,,233667156.25
2022,Importacion,socio,752,,64747359.03
2022,Importacion,socio,757,,175070810.76
2022,Importacion,socio,380,,231479553.405
2022,Importacion,socio,104,,1325023.27
2022,Importacion,socio,704,,182411273.52
2022,Importacion,socio,586,,7840777.3
2022,Importacion,socio,348,,47066787.33
2022,Importacion,socio,188,,255938070.01
2022,Importacion,socio,372,,92650020.78
2022,Importacion,socio,764,,152306480.7
2022,Importacion,socio,792,,134225656.272
2022,Importacion,socio,76,,546889053.892
2022,Importacion,socio,208,,50980789.42
2022,Importacion,socio,340,,159123935.37
2022,Importacion,socio,528,,125080594.13
2022,Importacion,socio,152,,356620583.01
2022,Importacion,socio,458,,114211497.93
2022,Importacion,socio,702,,106742398.1
2022,Importacion,socio,710,,9734524.47
2022,Importacion,socio,616,,34293627.66
2022,Importacion,socio,643,,112736896.28
2022,Importacion,socio,591,,235053292.43
2022,Importacion,socio,180,,992.5
2022,Importacion,socio,604,,83805049.141
2022,Importacion,socio,246,,23262706.81
2022,Importacion,socio,392,,434236459.82
2022,Importacion,socio,858,,55369531.71
2022,Importacion,socio,56,,117440668.08
2022,Importacion,socio,724,,376269114.16
2022,Importacion,socio,554,,12338268.68
2022,Importacion,socio,484,,1318374863.78
2022,Importacion,socio,32,,165379616.77
2022,Importacion,socio,428,,2386048.48
2022,Importacion,socio,124,,254906112.268
2022,Importacion,socio,251,,147456939.29
2022,Importacion,socio,218,,34758979.33
2022,Importacion,socio,705,,6513476.51
2022,Importacion,socio,156,,3186227318.46
2022,Importacion,socio,170,,408511124.81
2022,Importacion,socio,222,,277575337.72
2022,Importacion,socio,233,,1094624.7
2022,Importacion,socio,320,,570176776.27
2022,Importacion,socio,288,,1562.45
2022,Importacion,socio,292,,10531.44
2022,Importacion,socio,807,,42471.81
2022,Importacion,socio,818,,8183877.44
2022,Importacion,socio,462,,219547.27
2022,Importacion,socio,466,,229.5
2022,Importacion,socio,470,,236050.31
2022,Importacion,socio,478,,2262.76
2022,Importacion,socio,480,,101320.375
2022,Importacion,socio,258,,1507.54
2022,Importacion,socio,260,,37.35
2022,Importacion,socio,266,,1889.02
2022,Importacion,socio,268,,362442.17
2022,Importacion,socio,270,,2876.54
2022,Importacion,socio,275,,573.0
2022,Importacion,socio,860,,57.74
2022,Importacion,socio,862,,12321596.53
2022,Importacion,socio,86,,59.51
2022,Importacion,socio,92,,293847.41
2022,Importacion,socio,96,,145.22
2022,Importacion,socio,44,,4567.88
2022,Importacion,socio,48,,4544981.87
2022,Importacion,socio,50,,24460524.28
2022,Importacion,socio,646,,1489.55
2022,Importacion,socio,760,,20182.13
2022,Importacion,socio,762,,14278.92
2022,Importacion,socio,788,,2223863.49
2022,Importacion,socio,446,,135004.01
2022,Importacion,socio,450,,94242.83
2022,Importacion,socio,454,,253054.37
2022,Importacion,socio,214,,66087098.12
2022,Importacion,socio,624,,1501.15
2022,Importacion,socio,626,,173.38
2022,Importacion,socio,634,,5085059.47
2022,Importacion,socio,579,,31655097.66
2022,Importacion,socio,580,,629.27
2022,Importacion,socio,584,,124980.23
2022,Importacion,socio,585,,1029.7
2022,Importacion,socio,654,,18.27
2022,Importacion,socio,659,,6431.3
2022,Importacion,socio,674,,109038.39
2022,Importacion,socio,678,,12499.72
2022,Importacion,socio,682,,12765004.97
2022,Importacion,socio,686,,11018.02
2022,Importacion,socio,688,,2632606.8
2022,Importacion,socio,728,,59.9
2022,Importacion,socio,729,,4804.72
2022,Importacion,socio,732,,8.15
2022,Importacion,socio,598,,751011.89
2022,Importacion,socio,882,,9279.36
2022,Importacion,socio,894,,50950.39
2022,Importacion,socio,834,,62656.7
2022,Importacion,socio,212,,238883.42
2022,Importacion,socio,51,,57322.84
2022,Importacion,socio,706,,38264.0
2022,Importacion,socio,740,,100941.03
2022,Importacion,socio,748,,240572.35
2022,Importacion,socio,174,,2240.27
2022,Importacion,socio,184,,238.77
2022,Importacion,socio,768,,23.17
2022,Importacion,socio,772,,928.64
2022,Importacion,socio,384,,146650.61
2022,Importacion,socio,388,,1087402.39
2022,Importacion,socio,70,,139074.34
2022,Importacion,socio,72,,618.44
2022,Importacion,socio,74,,1221.57
2022,Importacion,socio,12,,21246769.14
2022,Importacion,socio,10,,77.02
2022,Importacion,socio,8,,40862.23
2022,Importacion,socio,4,,232.19
2022,Importacion,socio,20,,21408.28
2022,Importacion,socio,24,,1159.7
2022,Importacion,socio,28,,10028.94
2022,Importacion,socio,31,,2962.59
2022,Importacion,socio,191,,296177.78
2022,Importacion,socio,234,,275.36
2022,Importacion,socio,239,,677.81
2022,Importacion,socio,242,,223507.16
2022,Importacion,socio,332,,371379.76
2022,Importacion,socio,334,,464.09
2022,Importacion,socio,508,,33356.14
2022,Importacion,socio,512,,6187691.94
2022,Importacion,socio,516,,1622.61
2022,Importacion,socio,520,,6431.06
2022,Importacion,socio,400,,909614.71
2022,Importacion,socio,414,,55627.27
2022,Importacion,socio,417,,6583.68
2022,Importacion,socio,418,,378007.99
2022,Importacion,socio,422,,103309.09
2022,Importacion,socio,854,,18710.32
2022,Importacion,socio,703,,3501861.15
2022,Importacion,socio,716,,9481.0
2022,Importacion,socio,533,,1096.4
2022,Importacion,socio,540,,5381.04
2022,Importacion,socio,548,,40.75
2022,Importacion,socio,376,,35270659.78
2022,Importacion,socio,780,,4457744.98
2022,Importacion,socio,795,,1605.51
2022,Importacion,socio,796,,352.58
2022,Importacion,socio,800,,8875.57
2022,Importacion,socio,804,,83334933.19
2022,Importacion,socio,80,,666.5
2022,Importacion,socio,192,,309567.2
2022,Importacion,socio,196,,12553.46
2022,Importacion,socio,524,,35083.0
2022,Importacion,socio,531,,45046773.99
2022,Importacion,socio,148,,4356.44
2022,Importacion,socio,404,,419995.64
2022,Importacion,socio,408,,421975.97
2022,Importacion,socio,426,,23935.95
2022,Importacion,socio,430,,114084.33
2022,Importacion,socio,434,,868.13
2022,Importacion,socio,440,,17918082.17
2022,Importacion,socio,642,,4748126.24
2022,Importacion,socio,690,,272.38
2022,Importacion,socio,694,,2472.79
2022,Importacion,socio,60,,488.15
2022,Importacion,socio,64,,28.67
2022,Importacion,socio,68,,4452048.49
2022,Importacion,socio,600,,7170761.65
2022,Importacion,socio,608,,22547975.93
2022,Importacion,socio,16,,66045.45
2022,Importacion,socio,36,,6545806.2
2022,Importacion,socio,328,,728654.39
2022,Importacion,socio,496,,8645.04
2022,Importacion,socio,498,,12168.73
2022,Importacion,socio,499,,129.73
2022,Importacion,socio,500,,57.4
2022,Importacion,socio,504,,6561124.88
2022,Importacion,socio,132,,11533.12
2022,Importacion,socio,136,,34192.88
2022,Importacion,socio,140,,1039.65
2022,Importacion,socio,144,,5199566.24
2022,Importacion,socio,398,,6930.41
2022,Importacion,socio,899,,603315.15
2022,Importacion,socio,120,,2005.98
2022,Importacion,socio,52,,108490.73
2022,Importacion,socio,108,,161.9
2022,Importacion,socio,112,,3854675.95
2022,Importacion,socio,116,,9871989.4
2022,Importacion,socio,562,,0.72
2022,Importacion,socio,566,,724750.93
2022,Importacion,socio,570,,5702.23
2022,Importacion,socio,574,,814.04
2022,Importacion,socio,162,,3406.43
2022,Importacion,socio,166,,4435.96
2022,Importacion,socio,231,,55478.09
2022,Importacion,socio,308,,6620.51
2022,Importacion,socio,352,,1009039.82
2022,Importacion,socio,360,,65036540.81
2022,Importacion,socio,364,,34942.9
2023,Exportacion,socio,328,,19756137.85
2023,Exportacion,socio,376,,12500187.31
2023,Exportacion,socio,462,,18.0
2023,Exportacion,socio,466,,5000.0
2023,Exportacion,socio,470,,3860533.63
2023,Exportacion,socio,480,,58994.04
2023,Exportacion,socio,531,,6334151.39
2023,Exportacion,socio,533,,22093421.58
2023,Exportacion,socio,598,,53300.0
2023,Exportacion,socio,600,,2203014.83
2023,Exportacion,socio,616,,10283458.69
2023,Exportacion,socio,620,,47422791.42
2023,Exportacion,socio,634,,260802.48
2023,Exportacion,socio,642,,2169417.12
2023,Exportacion,socio,643,,23862140.29
2023,Exportacion,socio,659,,32594.3
2023,Exportacion,socio,660,,6693.9
2023,Exportacion,socio,662,,1817509.26
2023,Exportacion,socio,670,,1528947.91
2023,Exportacion,socio,705,,5074733.72
2023,Exportacion,socio,710,,4993689.98
2023,Exportacion,socio,716,,33909.04
2023,Exportacion,socio,760,,1100.0
2023,Exportacion,socio,764,,15786667.72
2023,Exportacion,socio,780,,60821204.49
2023,Exportacion,socio,800,,3050.0
2023,Exportacion,socio,804,,172486.37
2023,Exportacion,socio,818,,964112.08
2023,Exportacion,socio,834,,16806.86
2023,Exportacion,socio,894,,2100.0
2023,Exportacion,socio,899,,85652.81
2023,Exportacion,socio,4,,1200.0
2023,Exportacion,socio,8,,2273746.55
2023,Exportacion,socio,12,,211970.0
2023,Exportacion,socio,24,,1920.0
2023,Exportacion,socio,28,,852517.89
2023,Exportacion,socio,40,,418666.27
2023,Exportacion,socio,44,,14464477.82
2023,Exportacion,socio,48,,14636.06
2023,Exportacion,socio,50,,1198296.74
2023,Exportacion,socio,51,,214220.85
2023,Exportacion,socio,52,,14503589.1
2023,Exportacion,socio,56,,839061127.6
2023,Exportacion,socio,90,,7477.0
2023,Exportacion,socio,92,,424251.11
2023,Exportacion,socio,100,,88044.64
2023,Exportacion,socio,104,,7924.64
2023,Exportacion,socio,116,,20380.0
2023,Exportacion,socio,170,,76111056.654
2023,Exportacion,socio,196,,143373.87
2023,Exportacion,socio,203,,69748.64
2023,Exportacion,socio,208,,985803.53
2023,Exportacion,socio,212,,465868.16
2023,Exportacion,socio,258,,47554.0
2023,Exportacion,socio,262,,7200.0
2023,Exportacion,socio,268,,128958.2
2023,Exportacion,socio,288,,42.6
2023,Exportacion,socio,300,,15783824.02
2023,Exportacion,socio,308,,1593651.79
2023,Exportacion,socio,316,,8000.0
2023,Exportacion,socio,332,,19065225.71
2023,Exportacion,socio,352,,235.0
2023,Exportacion,socio,360,,2583782.48
2023,Exportacion,socio,364,,71485.22
2023,Exportacion,socio,368,,20673088.3
2023,Exportacion,socio,398,,1525.01
2023,Exportacion,socio,400,,2790676.27
2023,Exportacion,socio,404,,1163160.82
2023,Exportacion,socio,408,,810.69
2023,Exportacion,socio,410,,62575870.167
2023,Exportacion,socio,414,,41752.311
2023,Exportacion,socio,417,,3.0
2023,Exportacion,socio,422,,1807543.53
2023,Exportacion,socio,428,,1349115.96
2023,Exportacion,socio,430,,65494.92
2023,Exportacion,socio,434,,8651221.98
2023,Exportacion,socio,440,,1461138.46
2023,Exportacion,socio,442,,1704.0
2023,Exportacion,socio,450,,9430.8
2023,Exportacion,socio,454,,6365.0
2023,Exportacion,socio,496,,133391.0
2023,Exportacion,socio,499,,6724017.24
2023,Exportacion,socio,504,,7677001.56
2023,Exportacion,socio,508,,4911.2
2023,Exportacion,socio,512,,302946.11
2023,Exportacion,socio,524,,8634.0
2023,Exportacion,socio,528,,1514509150.07
2023,Exportacion,socio,562,,3290476.76
2023,Exportacion,socio,566,,790159.14
2023,Exportacion,socio,579,,28714485.22
2023,Exportacion,socio,580,,2750.0
2023,Exportacion,socio,586,,806505.92
2023,Exportacion,socio,678,,6542.52
2023,Exportacion,socio,682,,37665292.15
2023,Exportacion,socio,686,,737789.86
2023,Exportacion,socio,688,,728191.4
2023,Exportacion,socio,694,,2690677.69
2023,Exportacion,socio,702,,87469648.09
2023,Exportacion,socio,703,,809803.59
2023,Exportacion,socio,704,,8502203.11
2023,Exportacion,socio,784,,5685206.031
2023,Exportacion,socio,788,,2060927.51
2023,Exportacion,socio,792,,43546771.95
2023,Exportacion,socio,858,,6686761.05
2023,Exportacion,socio,860,,3000.0
2023,Exportacion,socio,60,,424257.01
2023,Exportacion,socio,68,,420884.93
2023,Exportacion,socio,72,,85990.24
2023,Exportacion,socio,132,,5998.0
2023,Exportacion,socio,136,,911676.99
2023,Exportacion,socio,140,,4200.0
2023,Exportacion,socio,144,,68784.0
2023,Exportacion,socio,152,,37338500.57
2023,Exportacion,socio,178,,90770.0
2023,Exportacion,socio,180,,75291.52
2023,Exportacion,socio,191,,2833663.65
2023,Exportacion,socio,192,,32464594.63
2023,Exportacion,socio,231,,2221.0
2023,Exportacion,socio,233,,361034.74
2023,Exportacion,socio,242,,34043.5
2023,Exportacion,socio,246,,17924119.67
2023,Exportacion,socio,251,,86220369.12
2023,Exportacion,socio,384,,240837.35
2023,Exportacion,socio,534,,510931.57
2023,Exportacion,socio,540,,7344.52
2023,Exportacion,socio,548,,2100.0
2023,Exportacion,socio,554,,3553870.09
2023,Exportacion,socio,740,,4495574.26
2023,Exportacion,socio,748,,6997.0
2023,Exportacion,socio,752,,13941816.98
2023,Exportacion,socio,36,,24536572.94
2023,Exportacion,socio,392,,379839155.02
2023,Exportacion,socio,484,,301386708.169
2023,Exportacion,socio,604,,123038813.33
2023,Exportacion,socio,724,,303756373.452
2023,Exportacion,socio,757,,9240321.2
2023,Exportacion,socio,826,,259122305.816
2023,Exportacion,socio,842,,8344832017.44
2023,Exportacion,socio,84,,92247933.57
2023,Exportacion,socio,120,,552167.25
2023,Exportacion,socio,124,,101558989.53
2023,Exportacion,socio,156,,416663777.06
2023,Exportacion,socio,214,,319699904.81
2023,Exportacion,socio,222,,458736596.971
2023,Exportacion,socio,276,,138756127.76
2023,Exportacion,socio,320,,887998386.542
2023,Exportacion,socio,340,,598223434.29
2023,Exportacion,socio,344,,38622755.831
2023,Exportacion,socio,348,,42437532.58
2023,Exportacion,socio,372,,89752299.33
2023,Exportacion,socio,458,,19919153.53
2023,Exportacion,socio,490,,41263615.08
2023,Exportacion,socio,591,,625847209.833
2023,Exportacion,socio,699,,56402075.02
2023,Exportacion,socio,862,,13855978.1
2023,Exportacion,socio,76,,42547095.59
2023,Exportacion,socio,218,,74582096.62
2023,Exportacion,socio,380,,208282641.36
2023,Exportacion,socio,388,,83379837.36
2023,Exportacion,socio,558,,692530661.979
2023,Exportacion,socio,32,,11673351.34
2023,Exportacion,socio,608,,9401886.02
2023,Importacion,socio,10,,63.39
2023,Importacion,socio,238,,4852.37
2023,Importacion,socio,36,,7311321.07
2023,Importacion,socio,50,,25079583.19
2023,Importacion,socio,56,,202645076.5
2023,Importacion,socio,124,,286869211.79
2023,Importacion,socio,152,,331995530.05
2023,Importacion,socio,214,,63093486.17
2023,Importacion,socio,251,,156842246.49
2023,Importacion,socio,276,,557394997.15
2023,Importacion,socio,724,,388923941.607
2023,Importacion,socio,752,,51108484.71
2023,Importacion,socio,757,,169235125.24
2023,Importacion,socio,764,,198150381.28
2023,Importacion,socio,792,,119113973.23
2023,Importacion,socio,826,,165403794.82
2023,Importacion,socio,842,,8601480329.52
2023,Importacion,socio,858,,74197526.34
2023,Importacion,socio,300,,11171115.66
2023,Importacion,socio,320,,598118668.72
2023,Importacion,socio,344,,137646952.81
2023,Importacion,socio,376,,33927213.24
2023,Importacion,socio,392,,465611764.79
2023,Importacion,socio,400,,873712.41
2023,Importacion,socio,458,,85877404.55
2023,Importacion,socio,490,,159154234.28
2023,Importacion,socio,528,,284749977.1
2023,Importacion,socio,558,,235533372.04
2023,Importacion,socio,591,,293437663.3
2023,Importacion,socio,616,,33684232.61
2023,Importacion,socio,643,,60362883.58
2023,Importacion,socio,40,,63504637.87
2023,Importacion,socio,76,,659799625.88
2023,Importacion,socio,84,,1790755.38
2023,Importacion,socio,170,,401974461.106
2023,Importacion,socio,208,,66475520.75
2023,Importacion,socio,218,,33343804.98
2023,Importacion,socio,233,,2683031.77
2023,Importacion,socio,702,,98246605.48
2023,Importacion,socio,784,,9599231.8
2023,Importacion,socio,360,,146795297.74
2023,Importacion,socio,380,,291262306.05
2023,Importacion,socio,410,,285019335.72
2023,Importacion,socio,440,,4262701.37
2023,Importacion,socio,484,,1438218137.005
2023,Importacion,socio,579,,30433602.37
2023,Importacion,socio,586,,7947220.66
2023,Importacion,socio,699,,253131924.62
2023,Importacion,socio,116,,11005019.32
2023,Importacion,socio,222,,280250977.29
2023,Importacion,socio,704,,186578021.85
2023,Importacion,socio,372,,168282023.86
2023,Importacion,socio,156,,3393315347.59
2023,Importacion,socio,340,,179615484.41
2023,Importacion,socio,4,,26987.58
2023,Importacion,socio,8,,36016.14
2023,Importacion,socio,12,,1818013.23
2023,Importacion,socio,16,,43238.95
2023,Importacion,socio,20,,114223.68
2023,Importacion,socio,24,,4012.98
2023,Importacion,socio,28,,5178.1
2023,Importacion,socio,31,,2126.33
2023,Importacion,socio,32,,149799446.55
2023,Importacion,socio,44,,7035.64
2023,Importacion,socio,48,,3488229.62
2023,Importacion,socio,51,,53265.29
2023,Importacion,socio,52,,118222.48
2023,Importacion,socio,60,,1433.02
2023,Importacion,socio,64,,769.93
2023,Importacion,socio,68,,3716697.2
2023,Importacion,socio,70,,486999.22
2023,Importacion,socio,86,,33.74
2023,Importacion,socio,90,,726.13
2023,Importacion,socio,92,,187422.24
2023,Importacion,socio,96,,5310.79
2023,Importacion,socio,100,,4097227.99
2023,Importacion,socio,120,,41761.6
2023,Importacion,socio,148,,8910.48
2023,Importacion,socio,212,,316458.86
2023,Importacion,socio,258,,1865.2
2023,Importacion,socio,266,,185.53
2023,Importacion,socio,268,,681581.52
2023,Importacion,socio,270,,60271.92
2023,Importacion,socio,275,,12774.25
2023,Importacion,socio,703,,3107189.29
2023,Importacion,socio,706,,8636.43
2023,Importacion,socio,710,,7240865.89
2023,Importacion,socio,716,,1734.68
2023,Importacion,socio,740,,93073.42
2023,Importacion,socio,748,,40733.06
2023,Importacion,socio,760,,45927.53
2023,Importacion,socio,762,,557.88
2023,Importacion,socio,768,,12.93
2023,Importacion,socio,780,,2535012.49
2023,Importacion,socio,807,,24920.23
2023,Importacion,socio,818,,4769288.35
2023,Importacion,socio,834,,70386.83
2023,Importacion,socio,288,,590.02
2023,Importacion,socio,292,,3442.13
2023,Importacion,socio,308,,5715.23
2023,Importacion,socio,348,,78157977.53
2023,Importacion,socio,384,,135274.22
2023,Importacion,socio,388,,853604.64
2023,Importacion,socio,398,,12518.24
2023,Importacion,socio,414,,72764.2
2023,Importacion,socio,417,,2167.31
2023,Importacion,socio,418,,679704.45
2023,Importacion,socio,422,,7875.67
2023,Importacion,socio,426,,60782.89
2023,Importacion,socio,428,,2709474.73
2023,Importacion,socio,446,,115457.4
2023,Importacion,socio,450,,110790.26
2023,Importacion,socio,454,,697.06
2023,Importacion,socio,504,,21555983.61
2023,Importacion,socio,508,,5910.47
2023,Importacion,socio,512,,2962616.88
2023,Importacion,socio,516,,17681.65
2023,Importacion,socio,520,,29611.39
2023,Importacion,socio,524,,20904.18
2023,Importacion,socio,534,,1730.9
2023,Importacion,socio,540,,114.11
2023,Importacion,socio,548,,1769.72
2023,Importacion,socio,554,,8320940.25
2023,Importacion,socio,646,,9011.6
2023,Importacion,socio,654,,100.05
2023,Importacion,socio,659,,24300.91
2023,Importacion,socio,662,,4252.2
2023,Importacion,socio,670,,57.07
2023,Importacion,socio,674,,129742.81
2023,Importacion,socio,678,,1052.0
2023,Importacion,socio,682,,151586135.06
2023,Importacion,socio,686,,2469.89
2023,Importacion,socio,688,,1093037.74
2023,Importacion,socio,72,,1781.29
2023,Importacion,socio,74,,3236.43
2023,Importacion,socio,162,,745.3
2023,Importacion,socio,166,,2022.0
2023,Importacion,socio,231,,54422.41
2023,Importacion,socio,234,,144.0
2023,Importacion,socio,242,,91025.35
2023,Importacion,socio,246,,24617046.56
2023,Importacion,socio,705,,6222917.35
2023,Importacion,socio,788,,1657648.41
2023,Importacion,socio,795,,206.66
2023,Importacion,socio,796,,1801.24
2023,Importacion,socio,800,,11645.59
2023,Importacion,socio,804,,6606554.0
2023,Importacion,socio,860,,395570.83
2023,Importacion,socio,862,,7088472.12
2023,Importacion,socio,876,,634.98
2023,Importacion,socio,882,,65.02
2023,Importacion,socio,894,,433659.83
2023,Importacion,socio,899,,644954.27
2023,Importacion,socio,352,,867952.01
2023,Importacion,socio,404,,165080.01
2023,Importacion,socio,408,,636350.39
2023,Importacion,socio,430,,291547.19
2023,Importacion,socio,442,,1046422.33
2023,Importacion,socio,462,,111251.35
2023,Importacion,socio,466,,8135.6
2023,Importacion,socio,470,,413236.78
2023,Importacion,socio,478,,1054.06
2023,Importacion,socio,480,,173668.32
2023,Importacion,socio,531,,41691.39
2023,Importacion,socio,533,,29813.88
2023,Importacion,socio,562,,93.67
2023,Importacion,socio,566,,120530.95
2023,Importacion,socio,570,,522.86
2023,Importacion,socio,574,,191.83
2023,Importacion,socio,584,,1442.28
2023,Importacion,socio,585,,61.57
2023,Importacion,socio,608,,35380669.6
2023,Importacion,socio,620,,17082287.2
2023,Importacion,socio,694,,1444.61
2023,Importacion,socio,104,,1765972.46
2023,Importacion,socio,108,,4341.79
2023,Importacion,socio,112,,483843.64
2023,Importacion,socio,132,,1461.96
2023,Importacion,socio,136,,18896.73
2023,Importacion,socio,140,,20746.15
2023,Importacion,socio,144,,5099953.11
2023,Importacion,socio,174,,53.82
2023,Importacion,socio,178,,136.77
2023,Importacion,socio,180,,18804.34
2023,Importacion,socio,191,,467272.06
2023,Importacion,socio,192,,887543.83
2023,Importacion,socio,196,,268597.55
2023,Importacion,socio,203,,19043987.91
2023,Importacion,socio,364,,74274.26
2023,Importacion,socio,496,,55120.95
2023,Importacion,socio,498,,43535.97
2023,Importacion,socio,499,,229.66
2023,Importacion,socio,500,,5947.62
2023,Importacion,socio,598,,382649.14
2023,Importacion,socio,600,,13881703.12
2023,Importacion,socio,604,,90195015.45
2023,Importacion,socio,624,,495.24
2023,Importacion,socio,626,,1751.58
2023,Importacion,socio,634,,3984554.7
2023,Importacion,socio,642,,5246450.6
2023,Importacion,socio,324,,283.16
2023,Importacion,socio,328,,1177128.97
2023,Importacion,socio,332,,462113.5
2023,Importacion,socio,334,,132.37
2024,Exportacion,socio,705,,1656311.54
2024,Exportacion,socio,710,,6317079.44
2024,Exportacion,socio,716,,4790.0
2024,Exportacion,socio,8,,456735.63
2024,Exportacion,socio,12,,219362.35
2024,Exportacion,socio,24,,2920.0
2024,Exportacion,socio,32,,19817064.27
2024,Exportacion,socio,36,,24800141.41
2024,Exportacion,socio,364,,28606.35
2024,Exportacion,socio,368,,15966633.0
2024,Exportacion,socio,380,,208942990.77
2024,Exportacion,socio,598,,167403.16
2024,Exportacion,socio,600,,3009907.88
2024,Exportacion,socio,729,,15635.6
2024,Exportacion,socio,740,,9613409.41
2024,Exportacion,socio,748,,7249.0
2024,Exportacion,socio,757,,6768336.94
2024,Exportacion,socio,760,,2200.0
2024,Exportacion,socio,764,,14250361.07
2024,Exportacion,socio,780,,65843077.11
2024,Exportacion,socio,40,,165578.25
2024,Exportacion,socio,44,,17364003.2
2024,Exportacion,socio,50,,3261766.03
2024,Exportacion,socio,51,,58031.61
2024,Exportacion,socio,52,,15534034.39
2024,Exportacion,socio,231,,127392.5
2024,Exportacion,socio,233,,1396553.9
2024,Exportacion,socio,242,,25500.0
2024,Exportacion,socio,246,,30079933.31
2024,Exportacion,socio,258,,36092.62
2024,Exportacion,socio,262,,2268.0
2024,Exportacion,socio,266,,131516.84
2024,Exportacion,socio,268,,64456.89
2024,Exportacion,socio,324,,26496.84
2024,Exportacion,socio,328,,21924414.11
2024,Exportacion,socio,392,,240254082.011
2024,Exportacion,socio,400,,267139.26
2024,Exportacion,socio,404,,123365.38
2024,Exportacion,socio,410,,64595427.47
2024,Exportacion,socio,414,,113205.74
2024,Exportacion,socio,422,,1962330.54
2024,Exportacion,socio,428,,2414022.78
2024,Exportacion,socio,434,,11584906.13
2024,Exportacion,socio,440,,492277.94
2024,Exportacion,socio,566,,1449705.8
2024,Exportacion,socio,579,,26291371.78
2024,Exportacion,socio,580,,2750.0
2024,Exportacion,socio,583,,4445.5
2024,Exportacion,socio,584,,26758.79
2024,Exportacion,socio,586,,873139.49
2024,Exportacion,socio,608,,10930577.29
2024,Exportacion,socio,616,,17363890.66
2024,Exportacion,socio,784,,3591483.21
2024,Exportacion,socio,788,,2406417.79
2024,Exportacion,socio,792,,73295970.58
2024,Exportacion,socio,796,,35675.7
2024,Exportacion,socio,800,,8150.0
2024,Exportacion,socio,804,,418930.68
2024,Exportacion,socio,818,,2010325.9
2024,Exportacion,socio,60,,1785972.73
2024,Exportacion,socio,68,,675096.57
2024,Exportacion,socio,70,,2948.0
2024,Exportacion,socio,76,,36589686.08
2024,Exportacion,socio,288,,53060.25
2024,Exportacion,socio,332,,13976952.76
2024,Exportacion,socio,340,,597351714.163
2024,Exportacion,socio,442,,26780.06
2024,Exportacion,socio,454,,134600.0
2024,Exportacion,socio,470,,4569296.01
2024,Exportacion,socio,480,,46218.68
2024,Exportacion,socio,490,,32427077.549
2024,Exportacion,socio,834,,72493.96
2024,Exportacion,socio,178,,33347.1
2024,Exportacion,socio,184,,344363.29
2024,Exportacion,socio,191,,2206301.69
2024,Exportacion,socio,192,,39735395.87
2024,Exportacion,socio,196,,364253.0
2024,Exportacion,socio,203,,51314.07
2024,Exportacion,socio,212,,225263.97
2024,Exportacion,socio,496,,18460.0
2024,Exportacion,socio,498,,5.0
2024,Exportacion,socio,499,,7265938.52
2024,Exportacion,socio,504,,11652688.25
2024,Exportacion,socio,508,,2090.0
2024,Exportacion,socio,512,,142698.46
2024,Exportacion,socio,524,,8422.0
2024,Exportacion,socio,528,,1714447314.014
2024,Exportacion,socio,531,,7023906.77
2024,Exportacion,socio,534,,1390939.71
2024,Exportacion,socio,540,,46859.79
2024,Exportacion,socio,548,,108055.31
2024,Exportacion,socio,554,,7387866.94
2024,Exportacion,socio,854,,188262.77
2024,Exportacion,socio,858,,5421342.46
2024,Exportacion,socio,862,,16499985.64
2024,Exportacion,socio,899,,61337.77
2024,Exportacion,socio,620,,53420676.81
2024,Exportacion,socio,634,,181444.49
2024,Exportacion,socio,642,,4154288.79
2024,Exportacion,socio,643,,32031784.19
2024,Exportacion,socio,659,,543903.39
2024,Exportacion,socio,660,,9167.0
2024,Exportacion,socio,662,,2917237.74
2024,Exportacion,socio,670,,868067.38
2024,Exportacion,socio,384,,214394.26
2024,Exportacion,socio,388,,76276276.4
2024,Exportacion,socio,682,,26298491.94
2024,Exportacion,socio,686,,574949.2
2024,Exportacion,socio,688,,738509.58
2024,Exportacion,socio,694,,2004301.59
2024,Exportacion,socio,703,,321864.75
2024,Exportacion,socio,704,,11152402.64
2024,Exportacion,socio,92,,83617.58
2024,Exportacion,socio,100,,13655.49
2024,Exportacion,socio,116,,300.0
2024,Exportacion,socio,120,,822905.33
2024,Exportacion,socio,300,,19287147.29
2024,Exportacion,socio,308,,3155712.18
2024,Exportacion,socio,316,,13000.0
2024,Exportacion,socio,136,,907212.51
2024,Exportacion,socio,144,,39061.36
2024,Exportacion,socio,152,,42686189.86
2024,Exportacion,socio,360,,5675474.5
2024,Exportacion,socio,724,,286409428.992
2024,Exportacion,socio,28,,783836.69
2024,Exportacion,socio,156,,383469164.3
2024,Exportacion,socio,372,,101356973.42
2024,Exportacion,socio,376,,20856489.53
2024,Exportacion,socio,752,,11992929.22
2024,Exportacion,socio,56,,986903380.32
2024,Exportacion,socio,170,,92292001.729
2024,Exportacion,socio,251,,98985218.95
2024,Exportacion,socio,276,,149412495.095
2024,Exportacion,socio,591,,613515486.24
2024,Exportacion,socio,604,,126663689.54
2024,Exportacion,socio,826,,259631546.02
2024,Exportacion,socio,458,,86632558.91
2024,Exportacion,socio,484,,332171416.878
2024,Exportacion,socio,842,,9527331702.505
2024,Exportacion,socio,208,,904572.1
2024,Exportacion,socio,214,,318076803.765
2024,Exportacion,socio,533,,23722430.31
2024,Exportacion,socio,558,,737246161.896
2024,Exportacion,socio,218,,84215573.84
2024,Exportacion,socio,222,,499547753.39
2024,Exportacion,socio,699,,66908216.92
2024,Exportacion,socio,702,,110813451.06
2024,Exportacion,socio,84,,21601529.01
2024,Exportacion,socio,124,,112565628.35
2024,Exportacion,socio,320,,1027311339.215
2024,Exportacion,socio,344,,44518469.94
2024,Exportacion,socio,348,,41140659.98
2024,Importacion,socio,608,,46481981.73
2024,Importacion,socio,642,,5401651.95
2024,Importacion,socio,156,,4037317475.91
2024,Importacion,socio,214,,62397382.11
2024,Importacion,socio,392,,607415217.11
2024,Importacion,socio,470,,385899.85
2024,Importacion,socio,826,,164247487.17
2024,Importacion,socio,490,,159737348.3
2024,Importacion,socio,40,,51238646.94
2024,Importacion,socio,76,,683886782.227
2024,Importacion,socio,586,,8000487.81
2024,Importacion,socio,699,,272532253.41
2024,Importacion,socio,251,,153693072.86
2024,Importacion,socio,300,,17868445.01
2024,Importacion,socio,320,,621656126.85
2024,Importacion,socio,360,,139728408.04
2024,Importacion,socio,380,,301387862.13
2024,Importacion,socio,484,,1518753132.66
2024,Importacion,socio,558,,215675801.765
2024,Importacion,socio,152,,370211996.71
2024,Importacion,socio,591,,379604976.28
2024,Importacion,socio,410,,286801160.31
2024,Importacion,socio,724,,418031246.436
2024,Importacion,socio,56,,131941143.42
2024,Importacion,socio,84,,1056174.91
2024,Importacion,socio,340,,176599897.08
2024,Importacion,socio,780,,3189729.1
2024,Importacion,socio,784,,21186180.38
2024,Importacion,socio,276,,565773969.71
2024,Importacion,socio,344,,127194945.75
2024,Importacion,socio,792,,119416812.76
2024,Importacion,socio,124,,266948709.87
2024,Importacion,socio,604,,115054144.39
2024,Importacion,socio,170,,425343505.261
2024,Importacion,socio,208,,77900560.62
2024,Importacion,socio,222,,290395909.2
2024,Importacion,socio,372,,140839156.59
2024,Importacion,socio,458,,85856889.194
2024,Importacion,socio,752,,48753384.12
2024,Importacion,socio,702,,73459762.7
2024,Importacion,socio,757,,182642597.99
2024,Importacion,socio,528,,348107810.87
2024,Importacion,socio,842,,8649621353.541
2024,Importacion,socio,566,,166724.51
2024,Importacion,socio,570,,1392.58
2024,Importacion,socio,579,,22883568.03
2024,Importacion,socio,626,,5900.14
2024,Importacion,socio,634,,8960105.0
2024,Importacion,socio,212,,141011.53
2024,Importacion,socio,226,,1400.0
2024,Importacion,socio,231,,53865.15
2024,Importacion,socio,232,,532.06
2024,Importacion,socio,233,,2614497.83
2024,Importacion,socio,238,,64144.5
2024,Importacion,socio,242,,131669.41
2024,Importacion,socio,246,,31222393.91
2024,Importacion,socio,376,,34433104.1
2024,Importacion,socio,384,,20459.36
2024,Importacion,socio,388,,1072885.02
2024,Importacion,socio,462,,342265.56
2024,Importacion,socio,466,,25435.88
2024,Importacion,socio,704,,217828745.63
2024,Importacion,socio,807,,22360.25
2024,Importacion,socio,818,,4697094.01
2024,Importacion,socio,72,,10471.44
2024,Importacion,socio,74,,4895.34
2024,Importacion,socio,136,,1721.17
2024,Importacion,socio,140,,1646.52
2024,Importacion,socio,144,,6360543.76
2024,Importacion,socio,580,,655.52
2024,Importacion,socio,584,,101.58
2024,Importacion,socio,616,,42093704.73
2024,Importacion,socio,643,,68873578.81
2024,Importacion,socio,646,,2649.09
2024,Importacion,socio,654,,38.81
2024,Importacion,socio,659,,17068.89
2024,Importacion,socio,660,,21276.74
2024,Importacion,socio,674,,464330.07
2024,Importacion,socio,682,,6907218.61
2024,Importacion,socio,686,,4991.96
2024,Importacion,socio,688,,2181600.9
2024,Importacion,socio,690,,404.5
2024,Importacion,socio,694,,9478.43
2024,Importacion,socio,178,,3503.13
2024,Importacion,socio,180,,58341.31
2024,Importacion,socio,191,,405583.91
2024,Importacion,socio,192,,962549.0
2024,Importacion,socio,218,,56813294.71
2024,Importacion,socio,288,,2399.42
2024,Importacion,socio,292,,481214.51
2024,Importacion,socio,296,,16.88
2024,Importacion,socio,304,,165.09
2024,Importacion,socio,308,,19318.54
2024,Importacion,socio,316,,45.49
2024,Importacion,socio,352,,1343638.62
2024,Importacion,socio,398,,830.29
2024,Importacion,socio,400,,955780.07
2024,Importacion,socio,478,,3105.3
2024,Importacion,socio,480,,107344.57
2024,Importacion,socio,705,,6997605.37
2024,Importacion,socio,760,,77588.54
2024,Importacion,socio,762,,11378.38
2024,Importacion,socio,764,,224395938.44
2024,Importacion,socio,533,,73144.82
2024,Importacion,socio,534,,13392.0
2024,Importacion,socio,535,,720.49
2024,Importacion,socio,540,,12158.14
2024,Importacion,socio,548,,894.44
2024,Importacion,socio,554,,10806617.91
2024,Importacion,socio,4,,2914.33
2024,Importacion,socio,8,,288622.21
2024,Importacion,socio,10,,91.99
2024,Importacion,socio,16,,81334.16
2024,Importacion,socio,20,,38932.82
2024,Importacion,socio,24,,18401.89
2024,Importacion,socio,28,,133629.14
2024,Importacion,socio,31,,137.09
2024,Importacion,socio,32,,200564252.7
2024,Importacion,socio,44,,17950.47
2024,Importacion,socio,48,,1150733.73
2024,Importacion,socio,50,,27045659.67
2024,Importacion,socio,148,,356.0
2024,Importacion,socio,620,,18626953.43
2024,Importacion,socio,196,,346786.62
2024,Importacion,socio,203,,14914015.87
2024,Importacion,socio,324,,2347.25
2024,Importacion,socio,328,,967831.76
2024,Importacion,socio,332,,263843.12
2024,Importacion,socio,404,,151421.76
2024,Importacion,socio,408,,105446.26
2024,Importacion,socio,706,,2835.04
2024,Importacion,socio,710,,3404558.66
2024,Importacion,socio,716,,80.28
2024,Importacion,socio,51,,50509.7
2024,Importacion,socio,52,,81780.85
2024,Importacion,socio,86,,2257.37
2024,Importacion,socio,90,,698.09
2024,Importacion,socio,92,,243706.47
2024,Importacion,socio,96,,1251.47
2024,Importacion,socio,100,,6312897.98
2024,Importacion,socio,258,,2665.93
2024,Importacion,socio,260,,7979.08
2024,Importacion,socio,266,,1689.9
2024,Importacion,socio,334,,34439.7
2024,Importacion,socio,768,,288.0
2024,Importacion,socio,772,,4086.38
2024,Importacion,socio,104,,1345133.81
2024,Importacion,socio,112,,2256657.29
2024,Importacion,socio,116,,14332536.64
2024,Importacion,socio,268,,249103.94
2024,Importacion,socio,270,,378175.56
2024,Importacion,socio,275,,631.65
2024,Importacion,socio,414,,3599.04
2024,Importacion,socio,417,,69317.95
2024,Importacion,socio,418,,1060177.1
2024,Importacion,socio,422,,52769.77
2024,Importacion,socio,788,,2068787.57
2024,Importacion,socio,120,,4059.73
2024,Importacion,socio,854,,61.64
2024,Importacion,socio,858,,82470564.35
2024,Importacion,socio,598,,420.65
2024,Importacion,socio,600,,24262592.95
2024,Importacion,socio,166,,11289.01
2024,Importacion,socio,426,,7800.36
2024,Importacion,socio,428,,2253506.14
2024,Importacion,socio,430,,28464.4
2024,Importacion,socio,440,,3586452.56
2024,Importacion,socio,442,,1680221.64
2024,Importacion,socio,860,,3623.39
2024,Importacion,socio,862,,8637752.42
2024,Importacion,socio,882,,13.33
2024,Importacion,socio,894,,22758.03
2024,Importacion,socio,899,,802.48
2024,Importacion,socio,795,,30075.22
2024,Importacion,socio,796,,1327.15
2024,Importacion,socio,800,,9690.73
2024,Importacion,socio,804,,6244529.37
2024,Importacion,socio,204,,15406.2
2024,Importacion,socio,348,,80160062.06
2024,Importacion,socio,364,,103335.63
2024,Importacion,socio,446,,653187.27
2024,Importacion,socio,450,,75192.57
2024,Importacion,socio,454,,1315.42
2024,Importacion,socio,703,,4098168.47
2024,Importacion,socio,728,,3614.73
2024,Importacion,socio,732,,922.94
2024,Importacion,socio,740,,111430.76
2024,Importacion,socio,748,,1675.16
2024,Importacion,socio,531,,79061.23
2024,Importacion,socio,508,,48260.42
2024,Importacion,socio,512,,1565300.14
2024,Importacion,socio,516,,3203.43
2024,Importacion,socio,520,,10290.73
2024,Importacion,socio,524,,95285.87
2024,Importacion,socio,834,,7168.37
2024,Importacion,socio,496,,167.87
2024,Importacion,socio,498,,17789.76
2024,Importacion,socio,499,,1632.82
2024,Importacion,socio,500,,919.96
2024,Importacion,socio,504,,12340121.58
2024,Importacion,socio,36,,17877916.18
2024,Importacion,socio,60,,3486.12
2024,Importacion,socio,68,,3068953.08
2024,Importacion,socio,70,,462669.33
2010,Exportacion,capitulo,,6,171748282.0
2010,Exportacion,capitulo,,7,112293396.0
2010,Exportacion,capitulo,,8,1506519869.0
2010,Exportacion,capitulo,,9,269093324.0
2010,Exportacion,capitulo,,10,928887.0
2010,Exportacion,capitulo,,11,13933004.0
2010,Exportacion,capitulo,,12,32295401.0
2010,Exportacion,capitulo,,13,1971088.0
2010,Exportacion,capitulo,,14,156362.0
2010,Exportacion,capitulo,,15,146992574.0
2010,Exportacion,capitulo,,1,4829302.0
2010,Exportacion,capitulo,,2,50436978.0
2010,Exportacion,capitulo,,3,81034136.0
2010,Exportacion,capitulo,,4,80972855.0
2010,Exportacion,capitulo,,5,3051520.0
2010,Exportacion,capitulo,,16,38406068.0
2010,Exportacion,capitulo,,19,76988531.0
2010,Exportacion,capitulo,,20,199122432.0
2010,Exportacion,capitulo,,21,350295849.0
2010,Exportacion,capitulo,,22,52676731.0
2010,Exportacion,capitulo,,23,30498902.0
2010,Exportacion,capitulo,,24,1598003.0
2010,Exportacion,capitulo,,25,25765895.0
2010,Exportacion,capitulo,,26,13364.0
2010,Exportacion,capitulo,,27,50992597.0
2010,Exportacion,capitulo,,28,8645011.0
2010,Exportacion,capitulo,,17,98086219.0
2010,Exportacion,capitulo,,18,9688442.0
2010,Exportacion,capitulo,,29,4910449.0
2010,Exportacion,capitulo,,30,300752237.0
2010,Exportacion,capitulo,,31,24589344.0
2010,Exportacion,capitulo,,32,48970148.0
2010,Exportacion,capitulo,,33,12128918.0
2010,Exportacion,capitulo,,34,39845388.0
2010,Exportacion,capitulo,,35,15982486.0
2010,Exportacion,capitulo,,37,379175.0
2010,Exportacion,capitulo,,38,112300334.0
2010,Exportacion,capitulo,,39,231492355.0
2010,Exportacion,capitulo,,40,211691627.0
2010,Exportacion,capitulo,,41,22358116.0
2010,Exportacion,capitulo,,42,5239516.0
2010,Exportacion,capitulo,,43,2270.0
2010,Exportacion,capitulo,,36,5282746.0
2010,Exportacion,capitulo,,45,99.0
2010,Exportacion,capitulo,,46,13093.0
2010,Exportacion,capitulo,,47,9999218.0
2010,Exportacion,capitulo,,48,189210892.0
2010,Exportacion,capitulo,,51,2657.0
2010,Exportacion,capitulo,,52,1671706.0
2010,Exportacion,capitulo,,53,407.0
2010,Exportacion,capitulo,,54,13201243.0
2010,Exportacion,capitulo,,55,4685952.0
2010,Exportacion,capitulo,,56,16046514.0
2010,Exportacion,capitulo,,57,21808.0
2010,Exportacion,capitulo,,58,2415322.0
2010,Exportacion,capitulo,,44,45349667.0
2010,Exportacion,capitulo,,61,46619553.0
2010,Exportacion,capitulo,,62,113195705.0
2010,Exportacion,capitulo,,49,22563892.0
2010,Exportacion,capitulo,,63,3627723.0
2010,Exportacion,capitulo,,73,78139024.0
2010,Exportacion,capitulo,,64,1006216.0
2010,Exportacion,capitulo,,65,279796.0
2010,Exportacion,capitulo,,66,61753.0
2010,Exportacion,capitulo,,67,28112.0
2010,Exportacion,capitulo,,59,1699263.0
2010,Exportacion,capitulo,,60,2162862.0
2010,Exportacion,capitulo,,74,21069879.0
2010,Exportacion,capitulo,,69,8977163.0
2010,Exportacion,capitulo,,70,74225835.0
2010,Exportacion,capitulo,,72,122304353.0
2010,Exportacion,capitulo,,68,9907752.0
2010,Exportacion,capitulo,,75,8072.0
2010,Exportacion,capitulo,,71,68286922.0
2010,Exportacion,capitulo,,76,68628243.0
2010,Exportacion,capitulo,,78,4106038.0
2010,Exportacion,capitulo,,79,720179.0
2010,Exportacion,capitulo,,80,10900.0
2010,Exportacion,capitulo,,81,876855.0
2010,Exportacion,capitulo,,82,1792829.0
2010,Exportacion,capitulo,,83,20488057.0
2010,Exportacion,capitulo,,84,956042117.0
2010,Exportacion,capitulo,,85,1424171054.0
2010,Exportacion,capitulo,,86,1557558.0
2010,Exportacion,capitulo,,87,43175599.0
2010,Exportacion,capitulo,,88,1964354.0
2010,Exportacion,capitulo,,89,1243114.0
2010,Exportacion,capitulo,,90,1101881121.0
2010,Exportacion,capitulo,,91,142434.0
2010,Exportacion,capitulo,,92,137192.0
2010,Exportacion,capitulo,,93,630.0
2010,Exportacion,capitulo,,94,74674937.0
2010,Exportacion,capitulo,,95,16935050.0
2010,Exportacion,capitulo,,97,644201.0
2010,Exportacion,capitulo,,99,59663.0
2010,Exportacion,capitulo,,96,13845966.0
2010,Importacion,capitulo,,8,64587408.0
2010,Importacion,capitulo,,7,56167412.0
2010,Importacion,capitulo,,6,12590255.0
2010,Importacion,capitulo,,5,1931915.0
2010,Importacion,capitulo,,4,26446911.0
2010,Importacion,capitulo,,3,35536406.0
2010,Importacion,capitulo,,11,40618609.0
2010,Importacion,capitulo,,10,254530183.0
2010,Importacion,capitulo,,12,136399782.0
2010,Importacion,capitulo,,9,22411260.0
2010,Importacion,capitulo,,13,5304793.0
2010,Importacion,capitulo,,14,419333.0
2010,Importacion,capitulo,,15,40352906.0
2010,Importacion,capitulo,,16,18073634.0
2010,Importacion,capitulo,,17,29182348.0
2010,Importacion,capitulo,,18,24211349.0
2010,Importacion,capitulo,,19,93917803.0
2010,Importacion,capitulo,,20,100846536.0
2010,Importacion,capitulo,,2,34449291.0
2010,Importacion,capitulo,,1,4292111.0
2010,Importacion,capitulo,,22,59509874.0
2010,Importacion,capitulo,,23,74144472.0
2010,Importacion,capitulo,,24,17590367.0
2010,Importacion,capitulo,,25,24337160.0
2010,Importacion,capitulo,,26,43711.0
2010,Importacion,capitulo,,27,1708827727.0
2010,Importacion,capitulo,,28,80337760.0
2010,Importacion,capitulo,,21,137220776.0
2010,Importacion,capitulo,,29,204667661.0
2010,Importacion,capitulo,,33,145337453.0
2010,Importacion,capitulo,,30,518927669.0
2010,Importacion,capitulo,,31,152383724.0
2010,Importacion,capitulo,,32,77328992.0
2010,Importacion,capitulo,,35,32513422.0
2010,Importacion,capitulo,,36,2662630.0
2010,Importacion,capitulo,,37,12766989.0
2010,Importacion,capitulo,,38,257142486.0
2010,Importacion,capitulo,,39,820822339.0
2010,Importacion,capitulo,,40,196132013.0
2010,Importacion,capitulo,,34,91476118.0
2010,Importacion,capitulo,,41,52998232.0
2010,Importacion,capitulo,,42,24471124.0
2010,Importacion,capitulo,,43,45467.0
2010,Importacion,capitulo,,44,49980851.0
2010,Importacion,capitulo,,53,163108.0
2010,Importacion,capitulo,,45,157867.0
2010,Importacion,capitulo,,46,647679.0
2010,Importacion,capitulo,,47,21764212.0
2010,Importacion,capitulo,,48,520326700.0
2010,Importacion,capitulo,,49,55329536.0
2010,Importacion,capitulo,,50,161652.0
2010,Importacion,capitulo,,51,3628853.0
2010,Importacion,capitulo,,52,52418310.0
2010,Importacion,capitulo,,55,26904857.0
2010,Importacion,capitulo,,56,54602956.0
2010,Importacion,capitulo,,57,5499685.0
2010,Importacion,capitulo,,58,18715689.0
2010,Importacion,capitulo,,59,24544038.0
2010,Importacion,capitulo,,60,10261135.0
2010,Importacion,capitulo,,61,98382209.0
2010,Importacion,capitulo,,67,1380992.0
2010,Importacion,capitulo,,54,55951091.0
2010,Importacion,capitulo,,62,123063339.0
2010,Importacion,capitulo,,63,37899101.0
2010,Importacion,capitulo,,64,109540768.0
2010,Importacion,capitulo,,65,4785904.0
2010,Importacion,capitulo,,66,2762697.0
2010,Importacion,capitulo,,68,41710687.0
2010,Importacion,capitulo,,73,295800851.0
2010,Importacion,capitulo,,69,55739489.0
2010,Importacion,capitulo,,70,46984562.0
2010,Importacion,capitulo,,71,51643417.0
2010,Importacion,capitulo,,72,417207183.0
2010,Importacion,capitulo,,74,127115941.0
2010,Importacion,capitulo,,75,601223.0
2010,Importacion,capitulo,,76,88954857.0
2010,Importacion,capitulo,,78,648088.0
2010,Importacion,capitulo,,79,16378838.0
2010,Importacion,capitulo,,80,265774.0
2010,Importacion,capitulo,,81,16600223.0
2010,Importacion,capitulo,,82,58979302.0
2010,Importacion,capitulo,,83,65787669.0
2010,Importacion,capitulo,,84,1276314178.0
2010,Importacion,capitulo,,86,4487936.0
2010,Importacion,capitulo,,87,714302807.0
2010,Importacion,capitulo,,88,11900164.0
2010,Importacion,capitulo,,89,2796807.0
2010,Importacion,capitulo,,90,352488793.0
2010,Importacion,capitulo,,91,8284990.0
2010,Importacion,capitulo,,92,4467949.0
2010,Importacion,capitulo,,93,3018067.0
2010,Importacion,capitulo,,94,112053713.0
2010,Importacion,capitulo,,95,61642340.0
2010,Importacion,capitulo,,96,36614913.0
2010,Importacion,capitulo,,97,435973.0
2010,Importacion,capitulo,,99,390874692.0
2010,Importacion,capitulo,,85,2683310765.0
2011,Exportacion,capitulo,,8,1571657320.0
2011,Exportacion,capitulo,,9,382909176.0
2011,Exportacion,capitulo,,10,1219205.0
2011,Exportacion,capitulo,,11,21875266.0
2011,Exportacion,capitulo,,12,35190524.0
2011,Exportacion,capitulo,,1,6945164.0
2011,Exportacion,capitulo,,2,56997443.0
2011,Exportacion,capitulo,,3,98403227.0
2011,Exportacion,capitulo,,4,91796443.0
2011,Exportacion,capitulo,,5,4118763.0
2011,Exportacion,capitulo,,6,168981946.0
2011,Exportacion,capitulo,,7,129421980.0
2011,Exportacion,capitulo,,13,2212461.0
2011,Exportacion,capitulo,,14,193885.0
2011,Exportacion,capitulo,,15,249555730.0
2011,Exportacion,capitulo,,16,48971983.0
2011,Exportacion,capitulo,,17,82753008.0
2011,Exportacion,capitulo,,18,8466727.0
2011,Exportacion,capitulo,,19,85652638.0
2011,Exportacion,capitulo,,21,381419252.0
2011,Exportacion,capitulo,,22,63820441.0
2011,Exportacion,capitulo,,23,37272275.0
2011,Exportacion,capitulo,,24,2471650.0
2011,Exportacion,capitulo,,25,33127047.0
2011,Exportacion,capitulo,,26,3641.0
2011,Exportacion,capitulo,,27,33261063.0
2011,Exportacion,capitulo,,29,5257695.0
2011,Exportacion,capitulo,,20,255521443.0
2011,Exportacion,capitulo,,30,324108421.0
2011,Exportacion,capitulo,,31,36323697.0
2011,Exportacion,capitulo,,32,57914734.0
2011,Exportacion,capitulo,,28,9309630.0
2011,Exportacion,capitulo,,41,27371065.0
2011,Exportacion,capitulo,,33,17523255.0
2011,Exportacion,capitulo,,42,7312259.0
2011,Exportacion,capitulo,,34,39753835.0
2011,Exportacion,capitulo,,35,17936045.0
2011,Exportacion,capitulo,,36,8400221.0
2011,Exportacion,capitulo,,37,582307.0
2011,Exportacion,capitulo,,38,122789096.0
2011,Exportacion,capitulo,,39,323217094.0
2011,Exportacion,capitulo,,40,240343630.0
2011,Exportacion,capitulo,,43,38917.0
2011,Exportacion,capitulo,,44,73551759.0
2011,Exportacion,capitulo,,45,84.0
2011,Exportacion,capitulo,,46,21777.0
2011,Exportacion,capitulo,,47,15233758.0
2011,Exportacion,capitulo,,48,207040973.0
2011,Exportacion,capitulo,,49,18468125.0
2011,Exportacion,capitulo,,51,10.0
2011,Exportacion,capitulo,,52,753228.0
2011,Exportacion,capitulo,,53,10646.0
2011,Exportacion,capitulo,,54,18651476.0
2011,Exportacion,capitulo,,55,1491139.0
2011,Exportacion,capitulo,,56,16934286.0
2011,Exportacion,capitulo,,67,48629.0
2011,Exportacion,capitulo,,57,30425.0
2011,Exportacion,capitulo,,58,1923947.0
2011,Exportacion,capitulo,,59,3273932.0
2011,Exportacion,capitulo,,60,1429949.0
2011,Exportacion,capitulo,,61,43614470.0
2011,Exportacion,capitulo,,62,127338304.0
2011,Exportacion,capitulo,,63,5200345.0
2011,Exportacion,capitulo,,64,1327387.0
2011,Exportacion,capitulo,,65,259381.0
2011,Exportacion,capitulo,,66,58737.0
2011,Exportacion,capitulo,,68,16750192.0
2011,Exportacion,capitulo,,69,11066710.0
2011,Exportacion,capitulo,,70,73711197.0
2011,Exportacion,capitulo,,71,89279842.0
2011,Exportacion,capitulo,,72,146020843.0
2011,Exportacion,capitulo,,73,109806034.0
2011,Exportacion,capitulo,,74,27232067.0
2011,Exportacion,capitulo,,75,4673.0
2011,Exportacion,capitulo,,76,85093895.0
2011,Exportacion,capitulo,,78,4035955.0
2011,Exportacion,capitulo,,79,1149898.0
2011,Exportacion,capitulo,,80,32118.0
2011,Exportacion,capitulo,,81,390165.0
2011,Exportacion,capitulo,,82,2164608.0
2011,Exportacion,capitulo,,83,28469101.0
2011,Exportacion,capitulo,,84,172247680.0
2011,Exportacion,capitulo,,85,2479941350.0
2011,Exportacion,capitulo,,86,13109692.0
2011,Exportacion,capitulo,,87,51438854.0
2011,Exportacion,capitulo,,88,8342119.0
2011,Exportacion,capitulo,,89,1978760.0
2011,Exportacion,capitulo,,90,1197690656.0
2011,Exportacion,capitulo,,91,149857.0
2011,Exportacion,capitulo,,92,178502.0
2011,Exportacion,capitulo,,93,336.0
2011,Exportacion,capitulo,,94,41038638.0
2011,Exportacion,capitulo,,95,20606744.0
2011,Exportacion,capitulo,,96,10930859.0
2011,Exportacion,capitulo,,97,315315.0
2011,Importacion,capitulo,,11,56785560.0
2011,Importacion,capitulo,,9,42237912.0
2011,Importacion,capitulo,,8,117912148.0
2011,Importacion,capitulo,,12,146170960.0
2011,Importacion,capitulo,,10,316590106.0
2011,Importacion,capitulo,,16,30750891.0
2011,Importacion,capitulo,,7,60456091.0
2011,Importacion,capitulo,,6,15113213.0
2011,Importacion,capitulo,,5,4260418.0
2011,Importacion,capitulo,,4,30900116.0
2011,Importacion,capitulo,,3,52488884.0
2011,Importacion,capitulo,,2,37715315.0
2011,Importacion,capitulo,,1,8565582.0
2011,Importacion,capitulo,,18,30663335.0
2011,Importacion,capitulo,,19,117027005.0
2011,Importacion,capitulo,,20,122304037.0
2011,Importacion,capitulo,,13,6477921.0
2011,Importacion,capitulo,,14,353824.0
2011,Importacion,capitulo,,15,63236519.0
2011,Importacion,capitulo,,21,161387766.0
2011,Importacion,capitulo,,17,33452834.0
2011,Importacion,capitulo,,22,81795968.0
2011,Importacion,capitulo,,23,92575584.0
2011,Importacion,capitulo,,24,18533860.0
2011,Importacion,capitulo,,25,39690157.0
2011,Importacion,capitulo,,26,316609.0
2011,Importacion,capitulo,,28,94981905.0
2011,Importacion,capitulo,,27,2298759960.0
2011,Importacion,capitulo,,29,201020467.0
2011,Importacion,capitulo,,30,568612017.0
2011,Importacion,capitulo,,31,242569210.0
2011,Importacion,capitulo,,32,90071781.0
2011,Importacion,capitulo,,33,166110815.0
2011,Importacion,capitulo,,34,105982721.0
2011,Importacion,capitulo,,35,41804780.0
2011,Importacion,capitulo,,36,3430262.0
2011,Importacion,capitulo,,37,11764205.0
2011,Importacion,capitulo,,38,266038163.0
2011,Importacion,capitulo,,39,1130182219.0
2011,Importacion,capitulo,,40,249810545.0
2011,Importacion,capitulo,,41,28042642.0
2011,Importacion,capitulo,,42,31058285.0
2011,Importacion,capitulo,,43,79250.0
2011,Importacion,capitulo,,44,124291835.0
2011,Importacion,capitulo,,45,200031.0
2011,Importacion,capitulo,,46,671832.0
2011,Importacion,capitulo,,47,19858546.0
2011,Importacion,capitulo,,48,609741118.0
2011,Importacion,capitulo,,49,98080087.0
2011,Importacion,capitulo,,50,105280.0
2011,Importacion,capitulo,,51,6590777.0
2011,Importacion,capitulo,,52,55104539.0
2011,Importacion,capitulo,,61,102936791.0
2011,Importacion,capitulo,,53,333847.0
2011,Importacion,capitulo,,54,54261311.0
2011,Importacion,capitulo,,55,25116549.0
2011,Importacion,capitulo,,56,61083982.0
2011,Importacion,capitulo,,57,6453444.0
2011,Importacion,capitulo,,58,19133991.0
2011,Importacion,capitulo,,59,22553672.0
2011,Importacion,capitulo,,60,37088566.0
2011,Importacion,capitulo,,62,165572003.0
2011,Importacion,capitulo,,63,52770749.0
2011,Importacion,capitulo,,66,4816598.0
2011,Importacion,capitulo,,67,1883840.0
2011,Importacion,capitulo,,68,46880357.0
2011,Importacion,capitulo,,69,73861223.0
2011,Importacion,capitulo,,70,83386811.0
2011,Importacion,capitulo,,71,46514571.0
2011,Importacion,capitulo,,72,528431448.0
2011,Importacion,capitulo,,64,131301917.0
2011,Importacion,capitulo,,65,5811687.0
2011,Importacion,capitulo,,73,493265206.0
2011,Importacion,capitulo,,74,161581127.0
2011,Importacion,capitulo,,75,1372306.0
2011,Importacion,capitulo,,76,138440838.0
2011,Importacion,capitulo,,78,614437.0
2011,Importacion,capitulo,,79,15203134.0
2011,Importacion,capitulo,,80,337061.0
2011,Importacion,capitulo,,81,27336528.0
2011,Importacion,capitulo,,82,68169955.0
2011,Importacion,capitulo,,83,86955259.0
2011,Importacion,capitulo,,87,1461435392.0
2011,Importacion,capitulo,,86,46727737.0
2011,Importacion,capitulo,,88,16148665.0
2011,Importacion,capitulo,,89,32061636.0
2011,Importacion,capitulo,,90,499033656.0
2011,Importacion,capitulo,,91,10109035.0
2011,Importacion,capitulo,,92,28231676.0
2011,Importacion,capitulo,,93,5873235.0
2011,Importacion,capitulo,,94,158748769.0
2011,Importacion,capitulo,,95,158485559.0
2011,Importacion,capitulo,,96,40034302.0
2011,Importacion,capitulo,,97,9574505.0
2011,Importacion,capitulo,,99,1.0
2011,Importacion,capitulo,,84,1687461629.0
2011,Importacion,capitulo,,85,3513684079.0
2012,Exportacion,capitulo,,85,2809707712.0
2012,Exportacion,capitulo,,13,1978634.0
2012,Exportacion,capitulo,,4,118521023.0
2012,Exportacion,capitulo,,5,10554349.0
2012,Exportacion,capitulo,,6,163566577.0
2012,Exportacion,capitulo,,7,126711488.0
2012,Exportacion,capitulo,,8,1636434348.0
2012,Exportacion,capitulo,,9,428344587.0
2012,Exportacion,capitulo,,10,1397894.0
2012,Exportacion,capitulo,,1,5741082.0
2012,Exportacion,capitulo,,2,60622498.0
2012,Exportacion,capitulo,,12,41571823.0
2012,Exportacion,capitulo,,3,145739953.0
2012,Exportacion,capitulo,,14,236284.0
2012,Exportacion,capitulo,,15,237046139.0
2012,Exportacion,capitulo,,16,47361572.0
2012,Exportacion,capitulo,,17,81526551.0
2012,Exportacion,capitulo,,18,8809035.0
2012,Exportacion,capitulo,,19,93800048.0
2012,Exportacion,capitulo,,20,282644662.0
2012,Exportacion,capitulo,,21,394040051.0
2012,Exportacion,capitulo,,22,85979205.0
2012,Exportacion,capitulo,,23,46084438.0
2012,Exportacion,capitulo,,24,3061233.0
2012,Exportacion,capitulo,,25,34872303.0
2012,Exportacion,capitulo,,11,14830331.0
2012,Exportacion,capitulo,,26,119095.0
2012,Exportacion,capitulo,,27,4743440.0
2012,Exportacion,capitulo,,28,10836121.0
2012,Exportacion,capitulo,,29,7242491.0
2012,Exportacion,capitulo,,31,50314438.0
2012,Exportacion,capitulo,,32,63650151.0
2012,Exportacion,capitulo,,33,19355418.0
2012,Exportacion,capitulo,,34,39186648.0
2012,Exportacion,capitulo,,35,18342378.0
2012,Exportacion,capitulo,,36,10297425.0
2012,Exportacion,capitulo,,37,238974.0
2012,Exportacion,capitulo,,38,123654812.0
2012,Exportacion,capitulo,,39,373087050.0
2012,Exportacion,capitulo,,30,224387394.0
2012,Exportacion,capitulo,,40,223359462.0
2012,Exportacion,capitulo,,41,19692517.0
2012,Exportacion,capitulo,,42,4239039.0
2012,Exportacion,capitulo,,43,3869.0
2012,Exportacion,capitulo,,44,86797501.0
2012,Exportacion,capitulo,,61,78462886.0
2012,Exportacion,capitulo,,45,27.0
2012,Exportacion,capitulo,,46,10243.0
2012,Exportacion,capitulo,,47,14116196.0
2012,Exportacion,capitulo,,48,91705333.0
2012,Exportacion,capitulo,,51,4.0
2012,Exportacion,capitulo,,52,802538.0
2012,Exportacion,capitulo,,53,13161.0
2012,Exportacion,capitulo,,54,40612456.0
2012,Exportacion,capitulo,,55,2651012.0
2012,Exportacion,capitulo,,56,9835806.0
2012,Exportacion,capitulo,,57,121616.0
2012,Exportacion,capitulo,,58,2196677.0
2012,Exportacion,capitulo,,59,6769155.0
2012,Exportacion,capitulo,,60,654691.0
2012,Exportacion,capitulo,,62,113143922.0
2012,Exportacion,capitulo,,49,55626118.0
2012,Exportacion,capitulo,,63,13798703.0
2012,Exportacion,capitulo,,64,1129005.0
2012,Exportacion,capitulo,,65,294066.0
2012,Exportacion,capitulo,,66,40930.0
2012,Exportacion,capitulo,,67,95404.0
2012,Exportacion,capitulo,,68,54746076.0
2012,Exportacion,capitulo,,69,13381941.0
2012,Exportacion,capitulo,,70,96329276.0
2012,Exportacion,capitulo,,71,90628797.0
2012,Exportacion,capitulo,,73,118540783.0
2012,Exportacion,capitulo,,74,28723614.0
2012,Exportacion,capitulo,,72,265373799.0
2012,Exportacion,capitulo,,80,147.0
2012,Exportacion,capitulo,,81,1090023.0
2012,Exportacion,capitulo,,82,6023867.0
2012,Exportacion,capitulo,,83,29460884.0
2012,Exportacion,capitulo,,84,177657725.0
2012,Exportacion,capitulo,,75,2104866.0
2012,Exportacion,capitulo,,76,80259730.0
2012,Exportacion,capitulo,,78,5740183.0
2012,Exportacion,capitulo,,79,1265136.0
2012,Exportacion,capitulo,,86,29058788.0
2012,Exportacion,capitulo,,87,86042819.0
2012,Exportacion,capitulo,,88,5328329.0
2012,Exportacion,capitulo,,90,1364413767.0
2012,Exportacion,capitulo,,91,139738.0
2012,Exportacion,capitulo,,92,166450.0
2012,Exportacion,capitulo,,96,129819190.0
2012,Exportacion,capitulo,,89,1600959.0
2012,Exportacion,capitulo,,93,1015.0
2012,Exportacion,capitulo,,94,42898093.0
2012,Exportacion,capitulo,,95,26925759.0
2012,Exportacion,capitulo,,97,270145.0
2012,Exportacion,capitulo,,99,1.0
2012,Importacion,capitulo,,10,325249251.0
2012,Importacion,capitulo,,9,18222312.0
2012,Importacion,capitulo,,8,90443213.0
2012,Importacion,capitulo,,7,55704057.0
2012,Importacion,capitulo,,6,13651948.0
2012,Importacion,capitulo,,5,2248378.0
2012,Importacion,capitulo,,4,37339240.0
2012,Importacion,capitulo,,20,128296300.0
2012,Importacion,capitulo,,11,46916645.0
2012,Importacion,capitulo,,12,194205680.0
2012,Importacion,capitulo,,19,127293370.0
2012,Importacion,capitulo,,3,47860777.0
2012,Importacion,capitulo,,2,48482990.0
2012,Importacion,capitulo,,1,7125556.0
2012,Importacion,capitulo,,21,149425244.0
2012,Importacion,capitulo,,22,121447645.0
2012,Importacion,capitulo,,23,196402601.0
2012,Importacion,capitulo,,13,7132201.0
2012,Importacion,capitulo,,14,447856.0
2012,Importacion,capitulo,,15,57420863.0
2012,Importacion,capitulo,,16,282524819.0
2012,Importacion,capitulo,,17,36433896.0
2012,Importacion,capitulo,,18,30566800.0
2012,Importacion,capitulo,,24,27555683.0
2012,Importacion,capitulo,,25,31806907.0
2012,Importacion,capitulo,,27,2325792018.0
2012,Importacion,capitulo,,28,111702852.0
2012,Importacion,capitulo,,29,200219089.0
2012,Importacion,capitulo,,26,636645.0
2012,Importacion,capitulo,,30,546414609.0
2012,Importacion,capitulo,,31,232585990.0
2012,Importacion,capitulo,,32,97316387.0
2012,Importacion,capitulo,,33,196171091.0
2012,Importacion,capitulo,,34,107260041.0
2012,Importacion,capitulo,,35,57773021.0
2012,Importacion,capitulo,,36,3790246.0
2012,Importacion,capitulo,,37,11845649.0
2012,Importacion,capitulo,,38,296018500.0
2012,Importacion,capitulo,,42,36081662.0
2012,Importacion,capitulo,,43,48612.0
2012,Importacion,capitulo,,44,79957561.0
2012,Importacion,capitulo,,47,15014785.0
2012,Importacion,capitulo,,53,407384.0
2012,Importacion,capitulo,,48,560231147.0
2012,Importacion,capitulo,,40,247780673.0
2012,Importacion,capitulo,,41,8697471.0
2012,Importacion,capitulo,,49,115579351.0
2012,Importacion,capitulo,,56,59423599.0
2012,Importacion,capitulo,,50,37137.0
2012,Importacion,capitulo,,51,5700690.0
2012,Importacion,capitulo,,52,46340417.0
2012,Importacion,capitulo,,45,194079.0
2012,Importacion,capitulo,,46,839456.0
2012,Importacion,capitulo,,54,46677026.0
2012,Importacion,capitulo,,55,24510097.0
2012,Importacion,capitulo,,57,6605552.0
2012,Importacion,capitulo,,58,18863054.0
2012,Importacion,capitulo,,59,21561398.0
2012,Importacion,capitulo,,60,12663293.0
2012,Importacion,capitulo,,67,2021940.0
2012,Importacion,capitulo,,62,160070668.0
2012,Importacion,capitulo,,63,101716706.0
2012,Importacion,capitulo,,64,141436818.0
2012,Importacion,capitulo,,65,7120753.0
2012,Importacion,capitulo,,66,4800649.0
2012,Importacion,capitulo,,61,122850873.0
2012,Importacion,capitulo,,69,83836357.0
2012,Importacion,capitulo,,70,54556659.0
2012,Importacion,capitulo,,71,53383460.0
2012,Importacion,capitulo,,72,582067674.0
2012,Importacion,capitulo,,68,53851758.0
2012,Importacion,capitulo,,74,178912531.0
2012,Importacion,capitulo,,75,2189057.0
2012,Importacion,capitulo,,76,130053286.0
2012,Importacion,capitulo,,73,418462667.0
2012,Importacion,capitulo,,78,621076.0
2012,Importacion,capitulo,,79,14851421.0
2012,Importacion,capitulo,,80,640063.0
2012,Importacion,capitulo,,81,23183528.0
2012,Importacion,capitulo,,82,77310044.0
2012,Importacion,capitulo,,83,83764375.0
2012,Importacion,capitulo,,86,144714067.0
2012,Importacion,capitulo,,87,1046062468.0
2012,Importacion,capitulo,,88,15885172.0
2012,Importacion,capitulo,,89,195933069.0
2012,Importacion,capitulo,,90,617315074.0
2012,Importacion,capitulo,,92,6566002.0
2012,Importacion,capitulo,,93,4879445.0
2012,Importacion,capitulo,,94,163782818.0
2012,Importacion,capitulo,,95,91787678.0
2012,Importacion,capitulo,,96,69324138.0
2012,Importacion,capitulo,,97,3901023.0
2012,Importacion,capitulo,,99,1.0
2012,Importacion,capitulo,,91,11837443.0
2012,Importacion,capitulo,,39,1009217318.0
2012,Importacion,capitulo,,84,1358674760.0
2012,Importacion,capitulo,,85,3739465138.0
2013,Exportacion,capitulo,,85,3113964980.0
2013,Exportacion,capitulo,,7,141273172.0
2013,Exportacion,capitulo,,8,1741626612.0
2013,Exportacion,capitulo,,9,313204193.0
2013,Exportacion,capitulo,,1,4039158.0
2013,Exportacion,capitulo,,2,61925157.0
2013,Exportacion,capitulo,,3,122308055.0
2013,Exportacion,capitulo,,10,1759714.0
2013,Exportacion,capitulo,,11,17235080.0
2013,Exportacion,capitulo,,12,35786525.0
2013,Exportacion,capitulo,,4,129056843.0
2013,Exportacion,capitulo,,5,4052817.0
2013,Exportacion,capitulo,,6,155250299.0
2013,Exportacion,capitulo,,13,4286837.0
2013,Exportacion,capitulo,,14,35515.0
2013,Exportacion,capitulo,,15,190640917.0
2013,Exportacion,capitulo,,16,52280103.0
2013,Exportacion,capitulo,,17,116513932.0
2013,Exportacion,capitulo,,18,9899549.0
2013,Exportacion,capitulo,,20,335171194.0
2013,Exportacion,capitulo,,21,450138413.0
2013,Exportacion,capitulo,,22,119084183.0
2013,Exportacion,capitulo,,23,50040574.0
2013,Exportacion,capitulo,,24,21488289.0
2013,Exportacion,capitulo,,25,32314069.0
2013,Exportacion,capitulo,,28,13579866.0
2013,Exportacion,capitulo,,29,11439624.0
2013,Exportacion,capitulo,,19,100601674.0
2013,Exportacion,capitulo,,30,234995643.0
2013,Exportacion,capitulo,,26,123407.0
2013,Exportacion,capitulo,,27,4157328.0
2013,Exportacion,capitulo,,31,38329080.0
2013,Exportacion,capitulo,,32,62172725.0
2013,Exportacion,capitulo,,34,41953937.0
2013,Exportacion,capitulo,,35,12172555.0
2013,Exportacion,capitulo,,36,9395958.0
2013,Exportacion,capitulo,,37,189897.0
2013,Exportacion,capitulo,,38,124774235.0
2013,Exportacion,capitulo,,39,378261084.0
2013,Exportacion,capitulo,,33,20476402.0
2013,Exportacion,capitulo,,53,139524.0
2013,Exportacion,capitulo,,41,18770222.0
2013,Exportacion,capitulo,,42,5024161.0
2013,Exportacion,capitulo,,43,2578.0
2013,Exportacion,capitulo,,44,65186229.0
2013,Exportacion,capitulo,,45,977.0
2013,Exportacion,capitulo,,46,11511.0
2013,Exportacion,capitulo,,47,14982872.0
2013,Exportacion,capitulo,,48,98607474.0
2013,Exportacion,capitulo,,40,249530990.0
2013,Exportacion,capitulo,,54,21269926.0
2013,Exportacion,capitulo,,55,2362467.0
2013,Exportacion,capitulo,,56,8149691.0
2013,Exportacion,capitulo,,57,47125.0
2013,Exportacion,capitulo,,58,2357754.0
2013,Exportacion,capitulo,,59,3728285.0
2013,Exportacion,capitulo,,60,631589.0
2013,Exportacion,capitulo,,61,45827977.0
2013,Exportacion,capitulo,,62,81329077.0
2013,Exportacion,capitulo,,49,17611453.0
2013,Exportacion,capitulo,,51,567.0
2013,Exportacion,capitulo,,52,327462.0
2013,Exportacion,capitulo,,63,4377696.0
2013,Exportacion,capitulo,,64,1115433.0
2013,Exportacion,capitulo,,65,259099.0
2013,Exportacion,capitulo,,66,287625.0
2013,Exportacion,capitulo,,67,115859.0
2013,Exportacion,capitulo,,68,14374307.0
2013,Exportacion,capitulo,,70,89291319.0
2013,Exportacion,capitulo,,71,75202720.0
2013,Exportacion,capitulo,,72,153029345.0
2013,Exportacion,capitulo,,73,84579311.0
2013,Exportacion,capitulo,,69,13447058.0
2013,Exportacion,capitulo,,74,30011400.0
2013,Exportacion,capitulo,,75,1251683.0
2013,Exportacion,capitulo,,76,94267861.0
2013,Exportacion,capitulo,,78,7806828.0
2013,Exportacion,capitulo,,79,1089133.0
2013,Exportacion,capitulo,,80,41382.0
2013,Exportacion,capitulo,,81,1241354.0
2013,Exportacion,capitulo,,82,6711025.0
2013,Exportacion,capitulo,,83,26545220.0
2013,Exportacion,capitulo,,84,163292688.0
2013,Exportacion,capitulo,,86,7069844.0
2013,Exportacion,capitulo,,87,54819056.0
2013,Exportacion,capitulo,,88,22757427.0
2013,Exportacion,capitulo,,89,1043684.0
2013,Exportacion,capitulo,,90,1516811300.0
2013,Exportacion,capitulo,,91,171419.0
2013,Exportacion,capitulo,,92,107679.0
2013,Exportacion,capitulo,,93,1650.0
2013,Exportacion,capitulo,,94,43009373.0
2013,Exportacion,capitulo,,95,25041346.0
2013,Exportacion,capitulo,,96,120728870.0
2013,Exportacion,capitulo,,97,264030.0
2013,Exportacion,capitulo,,99,1.0
2013,Importacion,capitulo,,4,40700816.0
2013,Importacion,capitulo,,8,86632293.0
2013,Importacion,capitulo,,7,49183667.0
2013,Importacion,capitulo,,6,13085634.0
2013,Importacion,capitulo,,5,2814862.0
2013,Importacion,capitulo,,3,60379369.0
2013,Importacion,capitulo,,11,49492907.0
2013,Importacion,capitulo,,10,330896202.0
2013,Importacion,capitulo,,9,13970246.0
2013,Importacion,capitulo,,12,167251262.0
2013,Importacion,capitulo,,13,6649958.0
2013,Importacion,capitulo,,14,463683.0
2013,Importacion,capitulo,,15,59165478.0
2013,Importacion,capitulo,,2,55152339.0
2013,Importacion,capitulo,,1,14195204.0
2013,Importacion,capitulo,,21,194089267.0
2013,Importacion,capitulo,,22,129148271.0
2013,Importacion,capitulo,,23,134601898.0
2013,Importacion,capitulo,,24,38391546.0
2013,Importacion,capitulo,,25,42431107.0
2013,Importacion,capitulo,,16,187051554.0
2013,Importacion,capitulo,,17,43361871.0
2013,Importacion,capitulo,,18,31548940.0
2013,Importacion,capitulo,,19,138519447.0
2013,Importacion,capitulo,,26,82918.0
2013,Importacion,capitulo,,20,125060445.0
2013,Importacion,capitulo,,28,102922734.0
2013,Importacion,capitulo,,29,173714384.0
2013,Importacion,capitulo,,27,2310558242.0
2013,Importacion,capitulo,,30,582394379.0
2013,Importacion,capitulo,,34,117761235.0
2013,Importacion,capitulo,,36,3416317.0
2013,Importacion,capitulo,,37,10671482.0
2013,Importacion,capitulo,,38,292071491.0
2013,Importacion,capitulo,,31,188797624.0
2013,Importacion,capitulo,,32,96161356.0
2013,Importacion,capitulo,,33,205418610.0
2013,Importacion,capitulo,,35,48070225.0
2013,Importacion,capitulo,,40,231873059.0
2013,Importacion,capitulo,,41,7874572.0
2013,Importacion,capitulo,,39,1072160770.0
2013,Importacion,capitulo,,52,30665863.0
2013,Importacion,capitulo,,42,37092028.0
2013,Importacion,capitulo,,43,38070.0
2013,Importacion,capitulo,,44,76876363.0
2013,Importacion,capitulo,,45,303608.0
2013,Importacion,capitulo,,46,290023.0
2013,Importacion,capitulo,,49,123802153.0
2013,Importacion,capitulo,,50,23657.0
2013,Importacion,capitulo,,51,5466548.0
2013,Importacion,capitulo,,54,44573227.0
2013,Importacion,capitulo,,47,12945454.0
2013,Importacion,capitulo,,48,614305654.0
2013,Importacion,capitulo,,56,56000860.0
2013,Importacion,capitulo,,57,8517835.0
2013,Importacion,capitulo,,58,15672496.0
2013,Importacion,capitulo,,59,20827889.0
2013,Importacion,capitulo,,60,12336207.0
2013,Importacion,capitulo,,53,341624.0
2013,Importacion,capitulo,,55,26282115.0
2013,Importacion,capitulo,,62,154988615.0
2013,Importacion,capitulo,,64,149862356.0
2013,Importacion,capitulo,,61,126707895.0
2013,Importacion,capitulo,,66,3845930.0
2013,Importacion,capitulo,,67,1683855.0
2013,Importacion,capitulo,,68,54265990.0
2013,Importacion,capitulo,,69,91241758.0
2013,Importacion,capitulo,,70,51731169.0
2013,Importacion,capitulo,,63,68121208.0
2013,Importacion,capitulo,,71,56145782.0
2013,Importacion,capitulo,,72,460081157.0
2013,Importacion,capitulo,,65,9345327.0
2013,Importacion,capitulo,,73,430245059.0
2013,Importacion,capitulo,,74,170714286.0
2013,Importacion,capitulo,,75,9586128.0
2013,Importacion,capitulo,,79,13365130.0
2013,Importacion,capitulo,,80,488203.0
2013,Importacion,capitulo,,81,22916266.0
2013,Importacion,capitulo,,82,78870405.0
2013,Importacion,capitulo,,83,91553326.0
2013,Importacion,capitulo,,76,128963795.0
2013,Importacion,capitulo,,78,884186.0
2013,Importacion,capitulo,,86,229874392.0
2013,Importacion,capitulo,,89,48801427.0
2013,Importacion,capitulo,,90,526698421.0
2013,Importacion,capitulo,,91,13558422.0
2013,Importacion,capitulo,,92,5978488.0
2013,Importacion,capitulo,,87,1009149623.0
2013,Importacion,capitulo,,94,167403988.0
2013,Importacion,capitulo,,88,24292690.0
2013,Importacion,capitulo,,95,86641677.0
2013,Importacion,capitulo,,96,77285768.0
2013,Importacion,capitulo,,97,3574572.0
2013,Importacion,capitulo,,93,3162934.0
2013,Importacion,capitulo,,84,1411147031.0
2013,Importacion,capitulo,,85,3796742654.0
2014,Exportacion,capitulo,,49,15545129.0
2014,Exportacion,capitulo,,12,24578069.0
2014,Exportacion,capitulo,,3,113771260.0
2014,Exportacion,capitulo,,4,152060832.0
2014,Exportacion,capitulo,,5,4034133.0
2014,Exportacion,capitulo,,6,150721062.0
2014,Exportacion,capitulo,,7,145656575.0
2014,Exportacion,capitulo,,8,1960791308.0
2014,Exportacion,capitulo,,9,290457177.0
2014,Exportacion,capitulo,,10,2207919.0
2014,Exportacion,capitulo,,11,16533446.0
2014,Exportacion,capitulo,,1,2994328.0
2014,Exportacion,capitulo,,2,85487453.0
2014,Exportacion,capitulo,,13,4598528.0
2014,Exportacion,capitulo,,14,134887.0
2014,Exportacion,capitulo,,15,175309217.0
2014,Exportacion,capitulo,,16,49713924.0
2014,Exportacion,capitulo,,17,87997058.0
2014,Exportacion,capitulo,,18,10225950.0
2014,Exportacion,capitulo,,19,104466604.0
2014,Exportacion,capitulo,,21,482911804.0
2014,Exportacion,capitulo,,22,90820085.0
2014,Exportacion,capitulo,,23,51733894.0
2014,Exportacion,capitulo,,24,18816644.0
2014,Exportacion,capitulo,,25,30372725.0
2014,Exportacion,capitulo,,32,68204700.0
2014,Exportacion,capitulo,,26,38085.0
2014,Exportacion,capitulo,,28,13599397.0
2014,Exportacion,capitulo,,29,4304304.0
2014,Exportacion,capitulo,,20,327534861.0
2014,Exportacion,capitulo,,30,231255944.0
2014,Exportacion,capitulo,,31,39895334.0
2014,Exportacion,capitulo,,33,19931421.0
2014,Exportacion,capitulo,,27,3349195.0
2014,Exportacion,capitulo,,43,1477.0
2014,Exportacion,capitulo,,44,72414881.0
2014,Exportacion,capitulo,,34,42866400.0
2014,Exportacion,capitulo,,35,13793155.0
2014,Exportacion,capitulo,,36,11039850.0
2014,Exportacion,capitulo,,39,389614007.0
2014,Exportacion,capitulo,,40,248802021.0
2014,Exportacion,capitulo,,41,19178287.0
2014,Exportacion,capitulo,,42,5377538.0
2014,Exportacion,capitulo,,59,4365588.0
2014,Exportacion,capitulo,,45,977.0
2014,Exportacion,capitulo,,46,6254.0
2014,Exportacion,capitulo,,37,285023.0
2014,Exportacion,capitulo,,38,122175591.0
2014,Exportacion,capitulo,,47,13712035.0
2014,Exportacion,capitulo,,48,91832899.0
2014,Exportacion,capitulo,,51,532.0
2014,Exportacion,capitulo,,52,629345.0
2014,Exportacion,capitulo,,53,159337.0
2014,Exportacion,capitulo,,54,19200102.0
2014,Exportacion,capitulo,,55,2524906.0
2014,Exportacion,capitulo,,56,9992462.0
2014,Exportacion,capitulo,,57,43524.0
2014,Exportacion,capitulo,,58,2957913.0
2014,Exportacion,capitulo,,60,340065.0
2014,Exportacion,capitulo,,61,43544540.0
2014,Exportacion,capitulo,,62,60486479.0
2014,Exportacion,capitulo,,63,3815808.0
2014,Exportacion,capitulo,,64,836550.0
2014,Exportacion,capitulo,,65,211726.0
2014,Exportacion,capitulo,,66,29580.0
2014,Exportacion,capitulo,,67,92371.0
2014,Exportacion,capitulo,,68,14051901.0
2014,Exportacion,capitulo,,70,90456634.0
2014,Exportacion,capitulo,,71,55538950.0
2014,Exportacion,capitulo,,72,137682594.0
2014,Exportacion,capitulo,,73,76081722.0
2014,Exportacion,capitulo,,74,32782947.0
2014,Exportacion,capitulo,,69,12150836.0
2014,Exportacion,capitulo,,75,6682151.0
2014,Exportacion,capitulo,,76,103309786.0
2014,Exportacion,capitulo,,78,11703549.0
2014,Exportacion,capitulo,,79,907698.0
2014,Exportacion,capitulo,,80,41934.0
2014,Exportacion,capitulo,,81,913639.0
2014,Exportacion,capitulo,,82,4695176.0
2014,Exportacion,capitulo,,84,198876745.0
2014,Exportacion,capitulo,,83,28125636.0
2014,Exportacion,capitulo,,86,1752747.0
2014,Exportacion,capitulo,,87,61129607.0
2014,Exportacion,capitulo,,96,116517629.0
2014,Exportacion,capitulo,,85,2421358174.0
2014,Exportacion,capitulo,,89,1669183.0
2014,Exportacion,capitulo,,91,477582.0
2014,Exportacion,capitulo,,92,165647.0
2014,Exportacion,capitulo,,93,1380.0
2014,Exportacion,capitulo,,94,39379858.0
2014,Exportacion,capitulo,,95,24812364.0
2014,Exportacion,capitulo,,88,3648454.0
2014,Exportacion,capitulo,,90,1836958492.0
2014,Exportacion,capitulo,,97,403557.0
2014,Importacion,capitulo,,9,36459190.0
2014,Importacion,capitulo,,7,62307295.0
2014,Importacion,capitulo,,14,512532.0
2014,Importacion,capitulo,,6,15623921.0
2014,Importacion,capitulo,,5,3321645.0
2014,Importacion,capitulo,,4,48042604.0
2014,Importacion,capitulo,,11,50369462.0
2014,Importacion,capitulo,,10,318679642.0
2014,Importacion,capitulo,,12,165363305.0
2014,Importacion,capitulo,,8,89289329.0
2014,Importacion,capitulo,,13,6796294.0
2014,Importacion,capitulo,,15,69028058.0
2014,Importacion,capitulo,,3,72781294.0
2014,Importacion,capitulo,,2,56108810.0
2014,Importacion,capitulo,,1,15486971.0
2014,Importacion,capitulo,,18,33208518.0
2014,Importacion,capitulo,,19,145181580.0
2014,Importacion,capitulo,,20,129704847.0
2014,Importacion,capitulo,,21,223162819.0
2014,Importacion,capitulo,,22,112907321.0
2014,Importacion,capitulo,,23,137680764.0
2014,Importacion,capitulo,,24,19991206.0
2014,Importacion,capitulo,,25,38365883.0
2014,Importacion,capitulo,,16,163851301.0
2014,Importacion,capitulo,,17,42777225.0
2014,Importacion,capitulo,,26,111186.0
2014,Importacion,capitulo,,27,2231920681.0
2014,Importacion,capitulo,,28,101332191.0
2014,Importacion,capitulo,,29,182463993.0
2014,Importacion,capitulo,,30,629955459.0
2014,Importacion,capitulo,,31,187150264.0
2014,Importacion,capitulo,,32,96907351.0
2014,Importacion,capitulo,,33,208471663.0
2014,Importacion,capitulo,,34,121263557.0
2014,Importacion,capitulo,,35,49940167.0
2014,Importacion,capitulo,,36,3171953.0
2014,Importacion,capitulo,,37,10023196.0
2014,Importacion,capitulo,,44,80529491.0
2014,Importacion,capitulo,,38,311428186.0
2014,Importacion,capitulo,,45,141766.0
2014,Importacion,capitulo,,40,219045194.0
2014,Importacion,capitulo,,51,4392188.0
2014,Importacion,capitulo,,41,7181848.0
2014,Importacion,capitulo,,42,40054927.0
2014,Importacion,capitulo,,43,59602.0
2014,Importacion,capitulo,,46,518906.0
2014,Importacion,capitulo,,47,14215042.0
2014,Importacion,capitulo,,49,84581600.0
2014,Importacion,capitulo,,50,24153.0
2014,Importacion,capitulo,,52,23298268.0
2014,Importacion,capitulo,,53,353416.0
2014,Importacion,capitulo,,54,47045677.0
2014,Importacion,capitulo,,55,24354045.0
2014,Importacion,capitulo,,48,607087813.0
2014,Importacion,capitulo,,56,55658479.0
2014,Importacion,capitulo,,57,7593208.0
2014,Importacion,capitulo,,58,14177156.0
2014,Importacion,capitulo,,64,146638273.0
2014,Importacion,capitulo,,59,21504358.0
2014,Importacion,capitulo,,61,121879001.0
2014,Importacion,capitulo,,62,154357071.0
2014,Importacion,capitulo,,63,59721291.0
2014,Importacion,capitulo,,65,9635492.0
2014,Importacion,capitulo,,66,4485361.0
2014,Importacion,capitulo,,60,12006664.0
2014,Importacion,capitulo,,67,2465623.0
2014,Importacion,capitulo,,68,58257310.0
2014,Importacion,capitulo,,69,89243972.0
2014,Importacion,capitulo,,70,59912642.0
2014,Importacion,capitulo,,72,480414258.0
2014,Importacion,capitulo,,82,85680214.0
2014,Importacion,capitulo,,73,440534269.0
2014,Importacion,capitulo,,75,7089878.0
2014,Importacion,capitulo,,76,142473577.0
2014,Importacion,capitulo,,78,494421.0
2014,Importacion,capitulo,,79,16476738.0
2014,Importacion,capitulo,,80,421229.0
2014,Importacion,capitulo,,81,19791758.0
2014,Importacion,capitulo,,83,98267322.0
2014,Importacion,capitulo,,71,61806605.0
2014,Importacion,capitulo,,74,148261267.0
2014,Importacion,capitulo,,87,1049448140.0
2014,Importacion,capitulo,,88,21499038.0
2014,Importacion,capitulo,,89,5127009.0
2014,Importacion,capitulo,,90,453558333.0
2014,Importacion,capitulo,,91,13960287.0
2014,Importacion,capitulo,,92,5573749.0
2014,Importacion,capitulo,,86,161293730.0
2014,Importacion,capitulo,,95,93129607.0
2014,Importacion,capitulo,,96,74159360.0
2014,Importacion,capitulo,,97,521737.0
2014,Importacion,capitulo,,93,3589552.0
2014,Importacion,capitulo,,94,178543835.0
2014,Importacion,capitulo,,39,1198127194.0
2014,Importacion,capitulo,,85,2829494990.0
2014,Importacion,capitulo,,84,1433613080.0
2015,Exportacion,capitulo,,90,2219020536.0
2015,Exportacion,capitulo,,16,56564294.0
2015,Exportacion,capitulo,,5,4024329.0
2015,Exportacion,capitulo,,6,147548125.0
2015,Exportacion,capitulo,,7,145761662.0
2015,Exportacion,capitulo,,8,1822627637.0
2015,Exportacion,capitulo,,1,6989948.0
2015,Exportacion,capitulo,,9,313923905.0
2015,Exportacion,capitulo,,10,2165202.0
2015,Exportacion,capitulo,,13,4032043.0
2015,Exportacion,capitulo,,14,164317.0
2015,Exportacion,capitulo,,4,126593962.0
2015,Exportacion,capitulo,,17,107853426.0
2015,Exportacion,capitulo,,18,10762912.0
2015,Exportacion,capitulo,,19,112602034.0
2015,Exportacion,capitulo,,20,353915371.0
2015,Exportacion,capitulo,,21,510607914.0
2015,Exportacion,capitulo,,22,82452651.0
2015,Exportacion,capitulo,,23,53924985.0
2015,Exportacion,capitulo,,24,15201791.0
2015,Exportacion,capitulo,,25,26575945.0
2015,Exportacion,capitulo,,11,16914253.0
2015,Exportacion,capitulo,,12,18002970.0
2015,Exportacion,capitulo,,2,88768832.0
2015,Exportacion,capitulo,,3,100122259.0
2015,Exportacion,capitulo,,15,150184277.0
2015,Exportacion,capitulo,,28,15236683.0
2015,Exportacion,capitulo,,29,4971592.0
2015,Exportacion,capitulo,,30,255976773.0
2015,Exportacion,capitulo,,26,29821.0
2015,Exportacion,capitulo,,27,3666143.0
2015,Exportacion,capitulo,,32,77491768.0
2015,Exportacion,capitulo,,39,358081815.0
2015,Exportacion,capitulo,,31,30221307.0
2015,Exportacion,capitulo,,33,21671009.0
2015,Exportacion,capitulo,,34,43795527.0
2015,Exportacion,capitulo,,35,13999650.0
2015,Exportacion,capitulo,,36,11304472.0
2015,Exportacion,capitulo,,37,190596.0
2015,Exportacion,capitulo,,38,123258148.0
2015,Exportacion,capitulo,,42,4999669.0
2015,Exportacion,capitulo,,43,90.0
2015,Exportacion,capitulo,,44,71348954.0
2015,Exportacion,capitulo,,40,236115759.0
2015,Exportacion,capitulo,,47,12395792.0
2015,Exportacion,capitulo,,48,98801958.0
2015,Exportacion,capitulo,,49,12801073.0
2015,Exportacion,capitulo,,51,3074.0
2015,Exportacion,capitulo,,52,28556023.0
2015,Exportacion,capitulo,,53,240130.0
2015,Exportacion,capitulo,,54,22339265.0
2015,Exportacion,capitulo,,55,2345032.0
2015,Exportacion,capitulo,,56,6885822.0
2015,Exportacion,capitulo,,41,15374201.0
2015,Exportacion,capitulo,,57,80567.0
2015,Exportacion,capitulo,,45,572.0
2015,Exportacion,capitulo,,46,13082.0
2015,Exportacion,capitulo,,60,1255855.0
2015,Exportacion,capitulo,,61,41053276.0
2015,Exportacion,capitulo,,62,19806657.0
2015,Exportacion,capitulo,,63,4212153.0
2015,Exportacion,capitulo,,64,773656.0
2015,Exportacion,capitulo,,58,3086425.0
2015,Exportacion,capitulo,,65,229645.0
2015,Exportacion,capitulo,,59,5762819.0
2015,Exportacion,capitulo,,69,7623117.0
2015,Exportacion,capitulo,,70,81592820.0
2015,Exportacion,capitulo,,71,40697989.0
2015,Exportacion,capitulo,,72,99029289.0
2015,Exportacion,capitulo,,82,5991054.0
2015,Exportacion,capitulo,,73,82887709.0
2015,Exportacion,capitulo,,66,76155.0
2015,Exportacion,capitulo,,67,72040.0
2015,Exportacion,capitulo,,68,14401130.0
2015,Exportacion,capitulo,,74,20075768.0
2015,Exportacion,capitulo,,75,5093584.0
2015,Exportacion,capitulo,,76,73055038.0
2015,Exportacion,capitulo,,78,11454626.0
2015,Exportacion,capitulo,,79,744443.0
2015,Exportacion,capitulo,,80,69070.0
2015,Exportacion,capitulo,,81,1531689.0
2015,Exportacion,capitulo,,83,29284646.0
2015,Exportacion,capitulo,,84,144385794.0
2015,Exportacion,capitulo,,85,642644140.0
2015,Exportacion,capitulo,,88,2692269.0
2015,Exportacion,capitulo,,86,2811506.0
2015,Exportacion,capitulo,,87,57721689.0
2015,Exportacion,capitulo,,89,1975988.0
2015,Exportacion,capitulo,,91,523431.0
2015,Exportacion,capitulo,,92,107527.0
2015,Exportacion,capitulo,,93,11000.0
2015,Exportacion,capitulo,,94,41669030.0
2015,Exportacion,capitulo,,95,26200733.0
2015,Exportacion,capitulo,,96,138068009.0
2015,Exportacion,capitulo,,97,164061.0
2015,Exportacion,capitulo,,99,1.0
2015,Importacion,capitulo,,9,26733265.0
2015,Importacion,capitulo,,8,93112280.0
2015,Importacion,capitulo,,7,53130604.0
2015,Importacion,capitulo,,6,13111062.0
2015,Importacion,capitulo,,5,4440691.0
2015,Importacion,capitulo,,4,52585021.0
2015,Importacion,capitulo,,3,76505480.0
2015,Importacion,capitulo,,11,43102969.0
2015,Importacion,capitulo,,10,294948382.0
2015,Importacion,capitulo,,12,141538897.0
2015,Importacion,capitulo,,13,7748409.0
2015,Importacion,capitulo,,14,446510.0
2015,Importacion,capitulo,,15,49857176.0
2015,Importacion,capitulo,,16,96752845.0
2015,Importacion,capitulo,,17,46462925.0
2015,Importacion,capitulo,,18,36232265.0
2015,Importacion,capitulo,,2,78621228.0
2015,Importacion,capitulo,,1,11236968.0
2015,Importacion,capitulo,,21,212843340.0
2015,Importacion,capitulo,,22,122061473.0
2015,Importacion,capitulo,,23,143925474.0
2015,Importacion,capitulo,,24,14254595.0
2015,Importacion,capitulo,,25,54500430.0
2015,Importacion,capitulo,,26,627999.0
2015,Importacion,capitulo,,27,1340593021.0
2015,Importacion,capitulo,,19,144126669.0
2015,Importacion,capitulo,,20,140889406.0
2015,Importacion,capitulo,,29,173526006.0
2015,Importacion,capitulo,,31,183108458.0
2015,Importacion,capitulo,,28,99004825.0
2015,Importacion,capitulo,,30,671207049.0
2015,Importacion,capitulo,,32,98319772.0
2015,Importacion,capitulo,,33,195329394.0
2015,Importacion,capitulo,,34,126128585.0
2015,Importacion,capitulo,,35,50907170.0
2015,Importacion,capitulo,,36,3305429.0
2015,Importacion,capitulo,,37,8685636.0
2015,Importacion,capitulo,,38,312875379.0
2015,Importacion,capitulo,,39,1185577208.0
2015,Importacion,capitulo,,40,210885985.0
2015,Importacion,capitulo,,41,8267064.0
2015,Importacion,capitulo,,42,44382211.0
2015,Importacion,capitulo,,43,61101.0
2015,Importacion,capitulo,,44,79049056.0
2015,Importacion,capitulo,,45,245858.0
2015,Importacion,capitulo,,46,623789.0
2015,Importacion,capitulo,,47,16869253.0
2015,Importacion,capitulo,,48,579607144.0
2015,Importacion,capitulo,,49,90265903.0
2015,Importacion,capitulo,,50,13286.0
2015,Importacion,capitulo,,51,3740587.0
2015,Importacion,capitulo,,52,19679825.0
2015,Importacion,capitulo,,53,462916.0
2015,Importacion,capitulo,,54,48252841.0
2015,Importacion,capitulo,,55,25600033.0
2015,Importacion,capitulo,,56,49297167.0
2015,Importacion,capitulo,,57,9474952.0
2015,Importacion,capitulo,,58,11322679.0
2015,Importacion,capitulo,,59,22361178.0
2015,Importacion,capitulo,,60,12561565.0
2015,Importacion,capitulo,,61,118792168.0
2015,Importacion,capitulo,,67,3196351.0
2015,Importacion,capitulo,,62,161698029.0
2015,Importacion,capitulo,,64,155482737.0
2015,Importacion,capitulo,,65,11398155.0
2015,Importacion,capitulo,,66,5268455.0
2015,Importacion,capitulo,,68,68948022.0
2015,Importacion,capitulo,,69,97628279.0
2015,Importacion,capitulo,,70,60266916.0
2015,Importacion,capitulo,,71,62720939.0
2015,Importacion,capitulo,,72,437266298.0
2015,Importacion,capitulo,,63,63672583.0
2015,Importacion,capitulo,,73,428376893.0
2015,Importacion,capitulo,,74,113013146.0
2015,Importacion,capitulo,,75,8031240.0
2015,Importacion,capitulo,,76,168153648.0
2015,Importacion,capitulo,,78,653311.0
2015,Importacion,capitulo,,79,13299320.0
2015,Importacion,capitulo,,80,164688.0
2015,Importacion,capitulo,,81,11107613.0
2015,Importacion,capitulo,,82,85449406.0
2015,Importacion,capitulo,,83,87130871.0
2015,Importacion,capitulo,,90,552582660.0
2015,Importacion,capitulo,,92,6019708.0
2015,Importacion,capitulo,,86,197725004.0
2015,Importacion,capitulo,,87,1299793018.0
2015,Importacion,capitulo,,88,23414733.0
2015,Importacion,capitulo,,89,4642445.0
2015,Importacion,capitulo,,91,15542835.0
2015,Importacion,capitulo,,93,4684191.0
2015,Importacion,capitulo,,94,207480619.0
2015,Importacion,capitulo,,95,96790498.0
2015,Importacion,capitulo,,96,77066623.0
2015,Importacion,capitulo,,97,509395.0
2015,Importacion,capitulo,,84,1350031144.0
2015,Importacion,capitulo,,85,1865032130.0
2016,Exportacion,capitulo,,15,147115938.0
2016,Exportacion,capitulo,,5,4012546.0
2016,Exportacion,capitulo,,8,2066779303.0
2016,Exportacion,capitulo,,9,315631569.0
2016,Exportacion,capitulo,,10,2906762.0
2016,Exportacion,capitulo,,11,14940407.0
2016,Exportacion,capitulo,,12,19630224.0
2016,Exportacion,capitulo,,13,2066025.0
2016,Exportacion,capitulo,,14,177050.0
2016,Exportacion,capitulo,,1,7304394.0
2016,Exportacion,capitulo,,2,71692365.0
2016,Exportacion,capitulo,,3,84091684.0
2016,Exportacion,capitulo,,4,143387900.0
2016,Exportacion,capitulo,,6,138881820.0
2016,Exportacion,capitulo,,7,154739100.0
2016,Exportacion,capitulo,,17,93736678.0
2016,Exportacion,capitulo,,18,11892133.0
2016,Exportacion,capitulo,,19,121560055.0
2016,Exportacion,capitulo,,20,463300597.0
2016,Exportacion,capitulo,,21,503690486.0
2016,Exportacion,capitulo,,22,76259833.0
2016,Exportacion,capitulo,,23,51338405.0
2016,Exportacion,capitulo,,24,15205540.0
2016,Exportacion,capitulo,,25,32956110.0
2016,Exportacion,capitulo,,26,378.0
2016,Exportacion,capitulo,,27,3345828.0
2016,Exportacion,capitulo,,28,15171957.0
2016,Exportacion,capitulo,,16,51442520.0
2016,Exportacion,capitulo,,29,5855258.0
2016,Exportacion,capitulo,,30,266717838.0
2016,Exportacion,capitulo,,31,26675856.0
2016,Exportacion,capitulo,,32,77698058.0
2016,Exportacion,capitulo,,33,26756928.0
2016,Exportacion,capitulo,,34,43014176.0
2016,Exportacion,capitulo,,36,16615957.0
2016,Exportacion,capitulo,,37,383153.0
2016,Exportacion,capitulo,,38,118694364.0
2016,Exportacion,capitulo,,48,100015885.0
2016,Exportacion,capitulo,,39,347185366.0
2016,Exportacion,capitulo,,40,228274528.0
2016,Exportacion,capitulo,,42,5365415.0
2016,Exportacion,capitulo,,35,15722471.0
2016,Exportacion,capitulo,,47,11625949.0
2016,Exportacion,capitulo,,41,7398552.0
2016,Exportacion,capitulo,,43,125.0
2016,Exportacion,capitulo,,44,67476913.0
2016,Exportacion,capitulo,,45,20409.0
2016,Exportacion,capitulo,,46,36703.0
2016,Exportacion,capitulo,,61,34065026.0
2016,Exportacion,capitulo,,60,267681.0
2016,Exportacion,capitulo,,59,109853.0
2016,Exportacion,capitulo,,58,2790709.0
2016,Exportacion,capitulo,,57,147719.0
2016,Exportacion,capitulo,,56,6438934.0
2016,Exportacion,capitulo,,55,1793366.0
2016,Exportacion,capitulo,,54,20635001.0
2016,Exportacion,capitulo,,53,66110.0
2016,Exportacion,capitulo,,52,34297008.0
2016,Exportacion,capitulo,,51,2259.0
2016,Exportacion,capitulo,,49,14921665.0
2016,Exportacion,capitulo,,62,22638950.0
2016,Exportacion,capitulo,,63,3081109.0
2016,Exportacion,capitulo,,64,753126.0
2016,Exportacion,capitulo,,65,356769.0
2016,Exportacion,capitulo,,66,126772.0
2016,Exportacion,capitulo,,67,16653.0
2016,Exportacion,capitulo,,68,17914041.0
2016,Exportacion,capitulo,,69,6152955.0
2016,Exportacion,capitulo,,70,70783770.0
2016,Exportacion,capitulo,,72,107992036.0
2016,Exportacion,capitulo,,73,76848490.0
2016,Exportacion,capitulo,,74,16110711.0
2016,Exportacion,capitulo,,78,12745645.0
2016,Exportacion,capitulo,,79,635524.0
2016,Exportacion,capitulo,,80,107167.0
2016,Exportacion,capitulo,,81,2461836.0
2016,Exportacion,capitulo,,82,6022105.0
2016,Exportacion,capitulo,,83,28461763.0
2016,Exportacion,capitulo,,84,102391960.0
2016,Exportacion,capitulo,,75,2088120.0
2016,Exportacion,capitulo,,76,64974092.0
2016,Exportacion,capitulo,,71,21230044.0
2016,Exportacion,capitulo,,85,436265358.0
2016,Exportacion,capitulo,,87,8502092.0
2016,Exportacion,capitulo,,88,1453107.0
2016,Exportacion,capitulo,,89,876754.0
2016,Exportacion,capitulo,,90,2597993267.0
2016,Exportacion,capitulo,,91,441089.0
2016,Exportacion,capitulo,,92,168652.0
2016,Exportacion,capitulo,,93,150.0
2016,Exportacion,capitulo,,94,47408305.0
2016,Exportacion,capitulo,,95,25310969.0
2016,Exportacion,capitulo,,86,2656046.0
2016,Exportacion,capitulo,,96,128009318.0
2016,Exportacion,capitulo,,99,1.0
2016,Exportacion,capitulo,,97,568230.0
2016,Importacion,capitulo,,8,98454398.0
2016,Importacion,capitulo,,7,60250916.0
2016,Importacion,capitulo,,6,13745869.0
2016,Importacion,capitulo,,5,4828722.0
2016,Importacion,capitulo,,4,53864949.0
2016,Importacion,capitulo,,3,81055390.0
2016,Importacion,capitulo,,10,296089782.0
2016,Importacion,capitulo,,11,43667594.0
2016,Importacion,capitulo,,9,28665498.0
2016,Importacion,capitulo,,12,156833556.0
2016,Importacion,capitulo,,13,6963444.0
2016,Importacion,capitulo,,14,486979.0
2016,Importacion,capitulo,,15,84832206.0
2016,Importacion,capitulo,,16,101302934.0
2016,Importacion,capitulo,,17,51581692.0
2016,Importacion,capitulo,,18,40347900.0
2016,Importacion,capitulo,,19,146986428.0
2016,Importacion,capitulo,,2,104113930.0
2016,Importacion,capitulo,,1,20347538.0
2016,Importacion,capitulo,,20,151546414.0
2016,Importacion,capitulo,,21,250805717.0
2016,Importacion,capitulo,,22,131204107.0
2016,Importacion,capitulo,,23,144348743.0
2016,Importacion,capitulo,,24,11982986.0
2016,Importacion,capitulo,,25,54360925.0
2016,Importacion,capitulo,,26,200486.0
2016,Importacion,capitulo,,27,1181868175.0
2016,Importacion,capitulo,,28,89467128.0
2016,Importacion,capitulo,,29,164890143.0
2016,Importacion,capitulo,,30,718560592.0
2016,Importacion,capitulo,,31,141644724.0
2016,Importacion,capitulo,,32,101396676.0
2016,Importacion,capitulo,,33,220117558.0
2016,Importacion,capitulo,,34,138463467.0
2016,Importacion,capitulo,,35,50601896.0
2016,Importacion,capitulo,,36,3922221.0
2016,Importacion,capitulo,,37,9010683.0
2016,Importacion,capitulo,,39,1197551567.0
2016,Importacion,capitulo,,40,199853605.0
2016,Importacion,capitulo,,41,6804100.0
2016,Importacion,capitulo,,38,316067471.0
2016,Importacion,capitulo,,43,23934.0
2016,Importacion,capitulo,,44,92528072.0
2016,Importacion,capitulo,,45,403645.0
2016,Importacion,capitulo,,46,507433.0
2016,Importacion,capitulo,,47,13689578.0
2016,Importacion,capitulo,,48,625797138.0
2016,Importacion,capitulo,,49,58223035.0
2016,Importacion,capitulo,,50,12909.0
2016,Importacion,capitulo,,51,4080738.0
2016,Importacion,capitulo,,52,20992465.0
2016,Importacion,capitulo,,42,43876826.0
2016,Importacion,capitulo,,53,610014.0
2016,Importacion,capitulo,,54,47966005.0
2016,Importacion,capitulo,,55,23708597.0
2016,Importacion,capitulo,,56,44415977.0
2016,Importacion,capitulo,,58,10811653.0
2016,Importacion,capitulo,,60,15319038.0
2016,Importacion,capitulo,,61,127091462.0
2016,Importacion,capitulo,,62,158281456.0
2016,Importacion,capitulo,,57,9418531.0
2016,Importacion,capitulo,,59,17997948.0
2016,Importacion,capitulo,,63,74537825.0
2016,Importacion,capitulo,,64,156336341.0
2016,Importacion,capitulo,,65,14149275.0
2016,Importacion,capitulo,,66,4554751.0
2016,Importacion,capitulo,,67,3617042.0
2016,Importacion,capitulo,,68,82895379.0
2016,Importacion,capitulo,,69,90466152.0
2016,Importacion,capitulo,,71,41661804.0
2016,Importacion,capitulo,,72,414958335.0
2016,Importacion,capitulo,,73,399042609.0
2016,Importacion,capitulo,,70,60872700.0
2016,Importacion,capitulo,,74,106297948.0
2016,Importacion,capitulo,,76,116694026.0
2016,Importacion,capitulo,,78,522259.0
2016,Importacion,capitulo,,79,15190053.0
2016,Importacion,capitulo,,80,175485.0
2016,Importacion,capitulo,,75,6936012.0
2016,Importacion,capitulo,,81,14237516.0
2016,Importacion,capitulo,,82,87737928.0
2016,Importacion,capitulo,,83,85285463.0
2016,Importacion,capitulo,,86,127417403.0
2016,Importacion,capitulo,,87,1486980402.0
2016,Importacion,capitulo,,88,5670129.0
2016,Importacion,capitulo,,89,5448995.0
2016,Importacion,capitulo,,90,549746862.0
2016,Importacion,capitulo,,91,16124669.0
2016,Importacion,capitulo,,92,5477020.0
2016,Importacion,capitulo,,93,3644622.0
2016,Importacion,capitulo,,94,228849910.0
2016,Importacion,capitulo,,95,98328021.0
2016,Importacion,capitulo,,96,77938702.0
2016,Importacion,capitulo,,97,560790.0
2016,Importacion,capitulo,,84,1380350820.0
2016,Importacion,capitulo,,85,1563959482.0
2017,Exportacion,capitulo,,7,163715546.868
2017,Exportacion,capitulo,,1,8767017.486
2017,Exportacion,capitulo,,19,131147287.838
2017,Exportacion,capitulo,,2,78438234.628
2017,Exportacion,capitulo,,23,56074260.454
2017,Exportacion,capitulo,,4,154031903.956
2017,Exportacion,capitulo,,5,4808210.012
2017,Exportacion,capitulo,,6,140682817.067
2017,Exportacion,capitulo,,26,39674.677
2017,Exportacion,capitulo,,14,138655.313
2017,Exportacion,capitulo,,15,181797591.529
2017,Exportacion,capitulo,,16,57405511.733
2017,Exportacion,capitulo,,24,16205578.674
2017,Exportacion,capitulo,,28,13765357.446
2017,Exportacion,capitulo,,31,35165479.018
2017,Exportacion,capitulo,,46,1218.29
2017,Exportacion,capitulo,,47,15667540.262
2017,Exportacion,capitulo,,36,19221603.934
2017,Exportacion,capitulo,,43,959.854
2017,Exportacion,capitulo,,51,2694.077
2017,Exportacion,capitulo,,53,209084.488
2017,Exportacion,capitulo,,78,21233053.078
2017,Exportacion,capitulo,,80,36627.354
2017,Exportacion,capitulo,,88,2543550.12
2017,Exportacion,capitulo,,89,719277.779
2017,Exportacion,capitulo,,93,1982.068
2017,Exportacion,capitulo,,8,2347433378.078
2017,Exportacion,capitulo,,12,27100947.635
2017,Exportacion,capitulo,,17,136812261.031
2017,Exportacion,capitulo,,20,446329398.426
2017,Exportacion,capitulo,,3,96387639.464
2017,Exportacion,capitulo,,27,4393529.536
2017,Exportacion,capitulo,,13,661253.854
2017,Exportacion,capitulo,,18,11222617.664
2017,Exportacion,capitulo,,21,561828426.407
2017,Exportacion,capitulo,,22,85062392.945
2017,Exportacion,capitulo,,25,36773264.956
2017,Exportacion,capitulo,,9,337922693.469
2017,Exportacion,capitulo,,10,3239131.768
2017,Exportacion,capitulo,,11,15181541.848
2017,Exportacion,capitulo,,29,5934721.993
2017,Exportacion,capitulo,,30,299818910.941
2017,Exportacion,capitulo,,32,96878822.346
2017,Exportacion,capitulo,,33,33965912.495
2017,Exportacion,capitulo,,41,8512870.87
2017,Exportacion,capitulo,,44,87531712.68
2017,Exportacion,capitulo,,40,279184593.857
2017,Exportacion,capitulo,,39,373043616.924
2017,Exportacion,capitulo,,38,130425136.937
2017,Exportacion,capitulo,,57,114260.908
2017,Exportacion,capitulo,,37,440188.597
2017,Exportacion,capitulo,,35,15145189.979
2017,Exportacion,capitulo,,34,46058755.034
2017,Exportacion,capitulo,,42,5143419.219
2017,Exportacion,capitulo,,62,10772921.329
2017,Exportacion,capitulo,,45,1064.594
2017,Exportacion,capitulo,,48,96116501.848
2017,Exportacion,capitulo,,49,12419239.151
2017,Exportacion,capitulo,,52,31995096.186
2017,Exportacion,capitulo,,54,20732432.821
2017,Exportacion,capitulo,,55,4558384.581
2017,Exportacion,capitulo,,56,6009804.321
2017,Exportacion,capitulo,,58,4246136.653
2017,Exportacion,capitulo,,59,3158961.924
2017,Exportacion,capitulo,,60,243459.169
2017,Exportacion,capitulo,,61,33036973.78
2017,Exportacion,capitulo,,63,3683158.848
2017,Exportacion,capitulo,,64,1726142.393
2017,Exportacion,capitulo,,65,309542.211
2017,Exportacion,capitulo,,66,108396.982
2017,Exportacion,capitulo,,67,27700.43
2017,Exportacion,capitulo,,68,28535552.302
2017,Exportacion,capitulo,,69,4133897.3
2017,Exportacion,capitulo,,70,94746141.568
2017,Exportacion,capitulo,,71,42349736.751
2017,Exportacion,capitulo,,72,169146508.203
2017,Exportacion,capitulo,,79,1818800.438
2017,Exportacion,capitulo,,74,26058768.198
2017,Exportacion,capitulo,,73,105428086.045
2017,Exportacion,capitulo,,82,5800081.552
2017,Exportacion,capitulo,,81,1835458.812
2017,Exportacion,capitulo,,83,26848879.869
2017,Exportacion,capitulo,,84,83806107.613
2017,Exportacion,capitulo,,90,3053462739.6
2017,Exportacion,capitulo,,76,67471332.608
2017,Exportacion,capitulo,,75,19321441.581
2017,Exportacion,capitulo,,86,1810121.454
2017,Exportacion,capitulo,,87,8112596.482
2017,Exportacion,capitulo,,85,510347005.201
2017,Exportacion,capitulo,,91,527249.217
2017,Exportacion,capitulo,,92,72542.015
2017,Exportacion,capitulo,,94,46690989.997
2017,Exportacion,capitulo,,95,28502398.273
2017,Exportacion,capitulo,,96,145850362.122
2017,Exportacion,capitulo,,97,450406.454
2017,Importacion,capitulo,,12,161415976.156
2017,Importacion,capitulo,,9,23994034.855
2017,Importacion,capitulo,,8,104072942.997
2017,Importacion,capitulo,,7,83179768.381
2017,Importacion,capitulo,,6,13040763.398
2017,Importacion,capitulo,,5,5382225.626
2017,Importacion,capitulo,,4,58498470.809
2017,Importacion,capitulo,,3,92373835.59
2017,Importacion,capitulo,,2,116127903.749
2017,Importacion,capitulo,,11,45207295.235
2017,Importacion,capitulo,,13,7313891.071
2017,Importacion,capitulo,,14,868618.224
2017,Importacion,capitulo,,15,95846931.305
2017,Importacion,capitulo,,16,136015305.497
2017,Importacion,capitulo,,17,55698660.658
2017,Importacion,capitulo,,18,42858988.489
2017,Importacion,capitulo,,19,146852142.754
2017,Importacion,capitulo,,20,170812678.788
2017,Importacion,capitulo,,21,264608689.717
2017,Importacion,capitulo,,22,129905074.03
2017,Importacion,capitulo,,23,151861807.192
2017,Importacion,capitulo,,24,13199018.017
2017,Importacion,capitulo,,25,54232206.501
2017,Importacion,capitulo,,26,1089620.451
2017,Importacion,capitulo,,27,1529050261.85
2017,Importacion,capitulo,,28,100493258.149
2017,Importacion,capitulo,,34,150961704.35
2017,Importacion,capitulo,,38,329206265.899
2017,Importacion,capitulo,,30,809971235.755
2017,Importacion,capitulo,,31,160293512.801
2017,Importacion,capitulo,,32,111338201.155
2017,Importacion,capitulo,,29,180323847.896
2017,Importacion,capitulo,,33,226817317.372
2017,Importacion,capitulo,,35,47504602.451
2017,Importacion,capitulo,,37,8612714.344
2017,Importacion,capitulo,,39,1272810116.511
2017,Importacion,capitulo,,40,224943426.403
2017,Importacion,capitulo,,41,6066862.231
2017,Importacion,capitulo,,45,320713.329
2017,Importacion,capitulo,,46,450425.743
2017,Importacion,capitulo,,47,12055318.164
2017,Importacion,capitulo,,48,656326124.781
2017,Importacion,capitulo,,56,39157696.983
2017,Importacion,capitulo,,49,57983595.252
2017,Importacion,capitulo,,50,35031.638
2017,Importacion,capitulo,,57,11313770.04
2017,Importacion,capitulo,,51,3369357.731
2017,Importacion,capitulo,,42,44832308.233
2017,Importacion,capitulo,,43,30788.196
2017,Importacion,capitulo,,44,96423777.994
2017,Importacion,capitulo,,60,14192678.836
2017,Importacion,capitulo,,61,126819803.413
2017,Importacion,capitulo,,53,421086.044
2017,Importacion,capitulo,,54,48728822.682
2017,Importacion,capitulo,,55,19139627.557
2017,Importacion,capitulo,,58,9798764.897
2017,Importacion,capitulo,,52,11034873.945
2017,Importacion,capitulo,,59,18259334.856
2017,Importacion,capitulo,,62,166377942.872
2017,Importacion,capitulo,,63,83160603.698
2017,Importacion,capitulo,,70,59731462.564
2017,Importacion,capitulo,,71,46465405.851
2017,Importacion,capitulo,,64,145805122.076
2017,Importacion,capitulo,,65,12843179.963
2017,Importacion,capitulo,,66,5981750.455
2017,Importacion,capitulo,,67,3885162.839
2017,Importacion,capitulo,,68,76973607.177
2017,Importacion,capitulo,,69,87469276.199
2017,Importacion,capitulo,,72,489971680.021
2017,Importacion,capitulo,,73,445211646.055
2017,Importacion,capitulo,,74,89582759.874
2017,Importacion,capitulo,,75,8583041.476
2017,Importacion,capitulo,,76,138326394.284
2017,Importacion,capitulo,,78,654819.277
2017,Importacion,capitulo,,79,20497727.331
2017,Importacion,capitulo,,80,216910.213
2017,Importacion,capitulo,,81,17253659.804
2017,Importacion,capitulo,,82,87089136.195
2017,Importacion,capitulo,,83,87765669.636
2017,Importacion,capitulo,,84,1452445257.561
2017,Importacion,capitulo,,86,8445277.048
2017,Importacion,capitulo,,87,1346341139.223
2017,Importacion,capitulo,,88,38387830.879
2017,Importacion,capitulo,,89,3994886.125
2017,Importacion,capitulo,,90,601706917.618
2017,Importacion,capitulo,,92,5685847.922
2017,Importacion,capitulo,,93,4755302.222
2017,Importacion,capitulo,,94,272607602.392
2017,Importacion,capitulo,,91,14886401.422
2017,Importacion,capitulo,,95,113269907.102
2017,Importacion,capitulo,,96,88550915.767
2017,Importacion,capitulo,,97,734581.685
2017,Importacion,capitulo,,85,1692440549.004
2017,Importacion,capitulo,,10,312492367.15
2017,Importacion,capitulo,,1,11008186.489
2017,Importacion,capitulo,,36,7206359.943
2018,Exportacion,capitulo,,2,75323040.86
2018,Exportacion,capitulo,,4,147831913.77
2018,Exportacion,capitulo,,5,5857300.8
2018,Exportacion,capitulo,,7,160520488.66
2018,Exportacion,capitulo,,9,326223309.84
2018,Exportacion,capitulo,,13,1909611.28
2018,Exportacion,capitulo,,14,262387.86
2018,Exportacion,capitulo,,16,51556861.87
2018,Exportacion,capitulo,,18,11052602.51
2018,Exportacion,capitulo,,22,81248150.42
2018,Exportacion,capitulo,,23,55704277.94
2018,Exportacion,capitulo,,24,5457508.41
2018,Exportacion,capitulo,,26,40130.92
2018,Exportacion,capitulo,,31,28881312.71
2018,Exportacion,capitulo,,36,19753488.44
2018,Exportacion,capitulo,,45,4689.82
2018,Exportacion,capitulo,,47,14283844.82
2018,Exportacion,capitulo,,43,3452.64
2018,Exportacion,capitulo,,55,5809368.79
2018,Exportacion,capitulo,,78,20627253.34
2018,Exportacion,capitulo,,80,85385.96
2018,Exportacion,capitulo,,88,855688.46
2018,Exportacion,capitulo,,93,200.0
2018,Exportacion,capitulo,,1,7471032.55
2018,Exportacion,capitulo,,3,99661141.23
2018,Exportacion,capitulo,,6,130321404.39
2018,Exportacion,capitulo,,8,2243247973.67
2018,Exportacion,capitulo,,10,2406029.5
2018,Exportacion,capitulo,,11,11224896.75
2018,Exportacion,capitulo,,12,24976037.92
2018,Exportacion,capitulo,,15,179685469.5
2018,Exportacion,capitulo,,17,104535534.47
2018,Exportacion,capitulo,,19,126140211.7
2018,Exportacion,capitulo,,20,374946551.87
2018,Exportacion,capitulo,,21,558942698.44
2018,Exportacion,capitulo,,25,29804719.97
2018,Exportacion,capitulo,,27,3684868.83
2018,Exportacion,capitulo,,28,13392817.89
2018,Exportacion,capitulo,,29,6186266.82
2018,Exportacion,capitulo,,30,316019304.89
2018,Exportacion,capitulo,,32,88742907.11
2018,Exportacion,capitulo,,33,32101416.49
2018,Exportacion,capitulo,,34,46052123.24
2018,Exportacion,capitulo,,35,14386797.9
2018,Exportacion,capitulo,,37,383023.85
2018,Exportacion,capitulo,,38,116173966.41
2018,Exportacion,capitulo,,39,367070316.1
2018,Exportacion,capitulo,,40,285496811.67
2018,Exportacion,capitulo,,46,8471.64
2018,Exportacion,capitulo,,44,73543333.42
2018,Exportacion,capitulo,,42,4986449.13
2018,Exportacion,capitulo,,41,5865541.76
2018,Exportacion,capitulo,,48,84752916.44
2018,Exportacion,capitulo,,49,9496526.22
2018,Exportacion,capitulo,,51,2130.89
2018,Exportacion,capitulo,,52,34997681.95
2018,Exportacion,capitulo,,53,428233.73
2018,Exportacion,capitulo,,54,21704449.37
2018,Exportacion,capitulo,,56,4789466.84
2018,Exportacion,capitulo,,57,66892.58
2018,Exportacion,capitulo,,58,3226316.77
2018,Exportacion,capitulo,,59,8257317.01
2018,Exportacion,capitulo,,60,345967.8
2018,Exportacion,capitulo,,61,26913211.02
2018,Exportacion,capitulo,,62,12049305.9
2018,Exportacion,capitulo,,71,35571119.81
2018,Exportacion,capitulo,,73,107994932.53
2018,Exportacion,capitulo,,70,112261357.04
2018,Exportacion,capitulo,,69,3644510.3
2018,Exportacion,capitulo,,68,27806288.05
2018,Exportacion,capitulo,,67,62630.71
2018,Exportacion,capitulo,,74,32405159.91
2018,Exportacion,capitulo,,66,50702.15
2018,Exportacion,capitulo,,65,160218.29
2018,Exportacion,capitulo,,64,1080328.48
2018,Exportacion,capitulo,,63,3333109.2
2018,Exportacion,capitulo,,72,172826896.86
2018,Exportacion,capitulo,,75,16646789.77
2018,Exportacion,capitulo,,76,67217309.2
2018,Exportacion,capitulo,,79,1351307.86
2018,Exportacion,capitulo,,81,4142056.3
2018,Exportacion,capitulo,,82,4467835.44
2018,Exportacion,capitulo,,83,28348523.34
2018,Exportacion,capitulo,,84,96283606.3
2018,Exportacion,capitulo,,85,518644866.44
2018,Exportacion,capitulo,,89,1568792.37
2018,Exportacion,capitulo,,87,12905818.39
2018,Exportacion,capitulo,,86,1339850.68
2018,Exportacion,capitulo,,90,3284132377.5
2018,Exportacion,capitulo,,96,157730399.31
2018,Exportacion,capitulo,,97,503637.76
2018,Exportacion,capitulo,,95,28416750.03
2018,Exportacion,capitulo,,94,42435166.88
2018,Exportacion,capitulo,,92,110833.01
2018,Exportacion,capitulo,,91,557468.53
2018,Importacion,capitulo,,8,102460239.71
2018,Importacion,capitulo,,7,62881592.83
2018,Importacion,capitulo,,6,12849744.39
2018,Importacion,capitulo,,5,4800948.36
2018,Importacion,capitulo,,4,66046308.38
2018,Importacion,capitulo,,3,86713264.49
2018,Importacion,capitulo,,2,98342225.22
2018,Importacion,capitulo,,9,23231584.41
2018,Importacion,capitulo,,10,320426001.59
2018,Importacion,capitulo,,11,44937779.57
2018,Importacion,capitulo,,12,157927804.75
2018,Importacion,capitulo,,13,5570410.95
2018,Importacion,capitulo,,24,11653361.24
2018,Importacion,capitulo,,23,174353767.82
2018,Importacion,capitulo,,28,100643660.22
2018,Importacion,capitulo,,22,135267852.98
2018,Importacion,capitulo,,21,250087422.57
2018,Importacion,capitulo,,20,155127886.25
2018,Importacion,capitulo,,19,145606713.73
2018,Importacion,capitulo,,18,41991536.44
2018,Importacion,capitulo,,17,52144227.56
2018,Importacion,capitulo,,16,129860202.59
2018,Importacion,capitulo,,15,97126809.28
2018,Importacion,capitulo,,14,975575.58
2018,Importacion,capitulo,,25,45410876.25
2018,Importacion,capitulo,,26,466868.54
2018,Importacion,capitulo,,27,1717095714.78
2018,Importacion,capitulo,,31,173748570.54
2018,Importacion,capitulo,,33,227119551.74
2018,Importacion,capitulo,,35,49093416.76
2018,Importacion,capitulo,,29,188100910.54
2018,Importacion,capitulo,,30,776942194.44
2018,Importacion,capitulo,,32,111788230.14
2018,Importacion,capitulo,,34,148901349.14
2018,Importacion,capitulo,,37,6851009.58
2018,Importacion,capitulo,,45,395989.66
2018,Importacion,capitulo,,40,234669731.29
2018,Importacion,capitulo,,38,327868251.03
2018,Importacion,capitulo,,50,3327.95
2018,Importacion,capitulo,,51,3916638.4
2018,Importacion,capitulo,,39,1336724825.99
2018,Importacion,capitulo,,43,32185.75
2018,Importacion,capitulo,,44,103781043.21
2018,Importacion,capitulo,,46,611966.45
2018,Importacion,capitulo,,47,12203396.22
2018,Importacion,capitulo,,48,683690938.37
2018,Importacion,capitulo,,41,6718073.0
2018,Importacion,capitulo,,49,55413038.97
2018,Importacion,capitulo,,42,48671632.81
2018,Importacion,capitulo,,52,8923044.16
2018,Importacion,capitulo,,53,313372.36
2018,Importacion,capitulo,,54,52120478.04
2018,Importacion,capitulo,,55,17402920.58
2018,Importacion,capitulo,,56,42531047.47
2018,Importacion,capitulo,,57,9477978.18
2018,Importacion,capitulo,,58,8176347.2
2018,Importacion,capitulo,,59,20275032.57
2018,Importacion,capitulo,,60,14371530.76
2018,Importacion,capitulo,,67,4829373.12
2018,Importacion,capitulo,,68,72071158.33
2018,Importacion,capitulo,,66,5023119.9
2018,Importacion,capitulo,,65,12991619.46
2018,Importacion,capitulo,,64,133467362.1
2018,Importacion,capitulo,,63,73628136.15
2018,Importacion,capitulo,,62,173546214.24
2018,Importacion,capitulo,,61,138471467.99
2018,Importacion,capitulo,,69,84639265.44
2018,Importacion,capitulo,,70,64606680.16
2018,Importacion,capitulo,,71,44213616.76
2018,Importacion,capitulo,,72,634998015.95
2018,Importacion,capitulo,,73,444403074.16
2018,Importacion,capitulo,,74,111111263.76
2018,Importacion,capitulo,,75,14444614.24
2018,Importacion,capitulo,,76,129673507.67
2018,Importacion,capitulo,,78,666995.7
2018,Importacion,capitulo,,79,20461979.95
2018,Importacion,capitulo,,80,197986.27
2018,Importacion,capitulo,,81,17501644.84
2018,Importacion,capitulo,,82,92942416.5
2018,Importacion,capitulo,,84,1497413248.54
2018,Importacion,capitulo,,83,82343712.83
2018,Importacion,capitulo,,86,20372129.7
2018,Importacion,capitulo,,87,1127101874.55
2018,Importacion,capitulo,,88,6070628.7
2018,Importacion,capitulo,,89,58332603.99
2018,Importacion,capitulo,,90,614854910.38
2018,Importacion,capitulo,,91,14773930.58
2018,Importacion,capitulo,,92,5763735.64
2018,Importacion,capitulo,,93,5818353.93
2018,Importacion,capitulo,,94,243605653.96
2018,Importacion,capitulo,,95,105531878.64
2018,Importacion,capitulo,,96,82533187.28
2018,Importacion,capitulo,,97,906667.8
2018,Importacion,capitulo,,85,1693995914.55
2018,Importacion,capitulo,,1,8198120.9
2018,Importacion,capitulo,,36,6674787.25
2019,Exportacion,capitulo,,31,33731161.18
2019,Exportacion,capitulo,,5,8056523.1
2019,Exportacion,capitulo,,86,1408523.46
2019,Exportacion,capitulo,,25,29404073.13
2019,Exportacion,capitulo,,2,114357288.73
2019,Exportacion,capitulo,,79,444415.75
2019,Exportacion,capitulo,,14,395366.22
2019,Exportacion,capitulo,,45,987.8
2019,Exportacion,capitulo,,11,9054393.86
2019,Exportacion,capitulo,,51,1669.96
2019,Exportacion,capitulo,,55,3808683.45
2019,Exportacion,capitulo,,89,3420885.89
2019,Exportacion,capitulo,,53,620828.49
2019,Exportacion,capitulo,,10,3876384.35
2019,Exportacion,capitulo,,93,67386.8
2019,Exportacion,capitulo,,16,49627083.34
2019,Exportacion,capitulo,,80,250536.4
2019,Exportacion,capitulo,,36,34304406.56
2019,Exportacion,capitulo,,90,3650042883.89
2019,Exportacion,capitulo,,97,339254.04
2019,Exportacion,capitulo,,66,44080.98
2019,Exportacion,capitulo,,88,2081893.14
2019,Exportacion,capitulo,,91,601477.1
2019,Exportacion,capitulo,,64,1843488.38
2019,Exportacion,capitulo,,84,101682914.02
2019,Exportacion,capitulo,,37,208233.38
2019,Exportacion,capitulo,,42,5745756.74
2019,Exportacion,capitulo,,87,13612296.5
2019,Exportacion,capitulo,,96,162005224.95
2019,Exportacion,capitulo,,73,98256641.88
2019,Exportacion,capitulo,,30,324963702.97
2019,Exportacion,capitulo,,32,91548912.27
2019,Exportacion,capitulo,,33,34264486.28
2019,Exportacion,capitulo,,40,270324408.52
2019,Exportacion,capitulo,,8,2159022579.47
2019,Exportacion,capitulo,,82,6668396.42
2019,Exportacion,capitulo,,95,32462818.82
2019,Exportacion,capitulo,,81,4385786.24
2019,Exportacion,capitulo,,3,89332138.79
2019,Exportacion,capitulo,,21,593870711.59
2019,Exportacion,capitulo,,43,2063.0
2019,Exportacion,capitulo,,17,92308501.57
2019,Exportacion,capitulo,,24,4448275.04
2019,Exportacion,capitulo,,69,3905785.96
2019,Exportacion,capitulo,,54,24405296.04
2019,Exportacion,capitulo,,72,151527717.74
2019,Exportacion,capitulo,,59,9891018.27
2019,Exportacion,capitulo,,35,15261254.4
2019,Exportacion,capitulo,,52,36049390.7
2019,Exportacion,capitulo,,49,9042324.23
2019,Exportacion,capitulo,,22,81495032.26
2019,Exportacion,capitulo,,38,107109260.43
2019,Exportacion,capitulo,,62,11720382.03
2019,Exportacion,capitulo,,48,94686722.4
2019,Exportacion,capitulo,,29,5365734.06
2019,Exportacion,capitulo,,47,10237302.2
2019,Exportacion,capitulo,,39,378905046.34
2019,Exportacion,capitulo,,28,15621952.37
2019,Exportacion,capitulo,,41,3835272.92
2019,Exportacion,capitulo,,60,69211.07
2019,Exportacion,capitulo,,13,2703527.4
2019,Exportacion,capitulo,,70,106643265.56
2019,Exportacion,capitulo,,61,27138430.8
2019,Exportacion,capitulo,,56,5765095.18
2019,Exportacion,capitulo,,15,147639546.01
2019,Exportacion,capitulo,,57,44815.82
2019,Exportacion,capitulo,,4,158532617.36
2019,Exportacion,capitulo,,34,47041713.31
2019,Exportacion,capitulo,,76,65838484.65
2019,Exportacion,capitulo,,65,815536.5
2019,Exportacion,capitulo,,83,28123064.47
2019,Exportacion,capitulo,,46,7201.25
2019,Exportacion,capitulo,,20,334587579.87
2019,Exportacion,capitulo,,68,28066878.33
2019,Exportacion,capitulo,,7,172184871.16
2019,Exportacion,capitulo,,9,285592000.39
2019,Exportacion,capitulo,,12,17375896.56
2019,Exportacion,capitulo,,94,41223379.39
2019,Exportacion,capitulo,,63,6045611.05
2019,Exportacion,capitulo,,44,64551117.11
2019,Exportacion,capitulo,,71,46277389.64
2019,Exportacion,capitulo,,6,132974174.86
2019,Exportacion,capitulo,,23,48295407.63
2019,Exportacion,capitulo,,27,2158902.78
2019,Exportacion,capitulo,,18,10471430.52
2019,Exportacion,capitulo,,19,128978908.95
2019,Exportacion,capitulo,,67,24140.33
2019,Exportacion,capitulo,,78,14946389.64
2019,Exportacion,capitulo,,75,31065232.65
2019,Exportacion,capitulo,,85,471593440.34
2019,Exportacion,capitulo,,92,85063.93
2019,Exportacion,capitulo,,58,3065280.83
2019,Exportacion,capitulo,,74,22599850.14
2019,Exportacion,capitulo,,26,126427.84
2019,Exportacion,capitulo,,1,7384176.75
2019,Importacion,capitulo,,28,85334217.2
2019,Importacion,capitulo,,66,4321706.54
2019,Importacion,capitulo,,91,14129011.71
2019,Importacion,capitulo,,64,123355469.73
2019,Importacion,capitulo,,42,45379415.19
2019,Importacion,capitulo,,92,4954454.71
2019,Importacion,capitulo,,86,19410351.52
2019,Importacion,capitulo,,88,7611038.81
2019,Importacion,capitulo,,37,6597244.45
2019,Importacion,capitulo,,84,1338210897.89
2019,Importacion,capitulo,,95,101717732.09
2019,Importacion,capitulo,,85,1630330393.22
2019,Importacion,capitulo,,96,82456031.26
2019,Importacion,capitulo,,89,6016021.62
2019,Importacion,capitulo,,61,126324394.88
2019,Importacion,capitulo,,97,568683.48
2019,Importacion,capitulo,,90,794028286.44
2019,Importacion,capitulo,,62,163753335.75
2019,Importacion,capitulo,,94,237367217.94
2019,Importacion,capitulo,,22,140772216.98
2019,Importacion,capitulo,,87,957423461.5
2019,Importacion,capitulo,,63,79924333.98
2019,Importacion,capitulo,,67,4402980.18
2019,Importacion,capitulo,,34,153707863.27
2019,Importacion,capitulo,,7,59350660.16
2019,Importacion,capitulo,,70,68163089.41
2019,Importacion,capitulo,,26,818269.51
2019,Importacion,capitulo,,55,15358222.96
2019,Importacion,capitulo,,32,108193444.68
2019,Importacion,capitulo,,14,909035.61
2019,Importacion,capitulo,,76,126995546.55
2019,Importacion,capitulo,,31,168545344.7
2019,Importacion,capitulo,,58,7650942.75
2019,Importacion,capitulo,,75,24098065.66
2019,Importacion,capitulo,,51,4021164.66
2019,Importacion,capitulo,,65,12272215.2
2019,Importacion,capitulo,,23,167851797.91
2019,Importacion,capitulo,,25,41716964.72
2019,Importacion,capitulo,,13,5929106.65
2019,Importacion,capitulo,,19,147796520.1
2019,Importacion,capitulo,,60,18507799.07
2019,Importacion,capitulo,,30,818632177.83
2019,Importacion,capitulo,,20,159255375.68
2019,Importacion,capitulo,,29,166751047.14
2019,Importacion,capitulo,,83,83097263.88
2019,Importacion,capitulo,,47,15210204.94
2019,Importacion,capitulo,,5,4710403.64
2019,Importacion,capitulo,,6,11352427.47
2019,Importacion,capitulo,,12,123888532.56
2019,Importacion,capitulo,,41,5839533.33
2019,Importacion,capitulo,,68,67783181.94
2019,Importacion,capitulo,,3,77095809.17
2019,Importacion,capitulo,,21,250829768.16
2019,Importacion,capitulo,,33,232588943.56
2019,Importacion,capitulo,,39,1394006504.99
2019,Importacion,capitulo,,72,489333294.96
2019,Importacion,capitulo,,82,83717885.17
2019,Importacion,capitulo,,16,130652890.6
2019,Importacion,capitulo,,50,9343.56
2019,Importacion,capitulo,,56,46578794.6
2019,Importacion,capitulo,,81,26424121.8
2019,Importacion,capitulo,,45,695991.96
2019,Importacion,capitulo,,17,52873150.02
2019,Importacion,capitulo,,69,75215314.83
2019,Importacion,capitulo,,59,21497751.49
2019,Importacion,capitulo,,35,49517535.04
2019,Importacion,capitulo,,40,226274902.99
2019,Importacion,capitulo,,2,105944790.64
2019,Importacion,capitulo,,11,40801861.0
2019,Importacion,capitulo,,27,1689749945.1
2019,Importacion,capitulo,,15,97835936.76
2019,Importacion,capitulo,,43,28645.63
2019,Importacion,capitulo,,44,87256948.76
2019,Importacion,capitulo,,71,42485511.76
2019,Importacion,capitulo,,8,91049750.77
2019,Importacion,capitulo,,18,39447652.43
2019,Importacion,capitulo,,57,10564418.95
2019,Importacion,capitulo,,4,59103793.02
2019,Importacion,capitulo,,46,878088.75
2019,Importacion,capitulo,,49,50798763.85
2019,Importacion,capitulo,,9,33640929.57
2019,Importacion,capitulo,,73,487870157.67
2019,Importacion,capitulo,,74,100586966.91
2019,Importacion,capitulo,,54,52802270.47
2019,Importacion,capitulo,,52,21402608.04
2019,Importacion,capitulo,,38,321799857.94
2019,Importacion,capitulo,,93,6165685.28
2019,Importacion,capitulo,,80,201802.23
2019,Importacion,capitulo,,48,655047925.17
2019,Importacion,capitulo,,53,396873.19
2019,Importacion,capitulo,,79,14490074.59
2019,Importacion,capitulo,,10,341150428.12
2019,Importacion,capitulo,,1,8026371.72
2019,Importacion,capitulo,,78,684193.34
2019,Importacion,capitulo,,24,18569911.17
2019,Importacion,capitulo,,36,7385117.54
2020,Exportacion,capitulo,,1,8576163.12
2020,Exportacion,capitulo,,27,1873476.76
2020,Exportacion,capitulo,,28,12683919.46
2020,Exportacion,capitulo,,52,25057389.49
2020,Exportacion,capitulo,,60,218612.96
2020,Exportacion,capitulo,,72,137912439.74
2020,Exportacion,capitulo,,13,4049905.32
2020,Exportacion,capitulo,,15,192264496.77
2020,Exportacion,capitulo,,17,99181689.47
2020,Exportacion,capitulo,,18,9944582.56
2020,Exportacion,capitulo,,19,139311465.68
2020,Exportacion,capitulo,,20,346879617.25
2020,Exportacion,capitulo,,21,610095034.35
2020,Exportacion,capitulo,,22,74635000.74
2020,Exportacion,capitulo,,23,51194752.25
2020,Exportacion,capitulo,,25,26223575.6
2020,Exportacion,capitulo,,29,5385919.2
2020,Exportacion,capitulo,,30,381100312.31
2020,Exportacion,capitulo,,32,89862925.99
2020,Exportacion,capitulo,,33,28102403.41
2020,Exportacion,capitulo,,34,50036317.11
2020,Exportacion,capitulo,,35,12264161.26
2020,Exportacion,capitulo,,37,106588.37
2020,Exportacion,capitulo,,38,116420012.36
2020,Exportacion,capitulo,,39,354484586.16
2020,Exportacion,capitulo,,40,226002660.66
2020,Exportacion,capitulo,,41,3205048.94
2020,Exportacion,capitulo,,44,56276640.37
2020,Exportacion,capitulo,,45,518.55
2020,Exportacion,capitulo,,46,33033.92
2020,Exportacion,capitulo,,48,85307549.57
2020,Exportacion,capitulo,,49,7152490.56
2020,Exportacion,capitulo,,54,17902696.32
2020,Exportacion,capitulo,,56,5875870.97
2020,Exportacion,capitulo,,57,56673.46
2020,Exportacion,capitulo,,58,2187870.52
2020,Exportacion,capitulo,,59,8538242.02
2020,Exportacion,capitulo,,62,2399240.94
2020,Exportacion,capitulo,,63,8153993.38
2020,Exportacion,capitulo,,65,6514597.88
2020,Exportacion,capitulo,,66,187444.07
2020,Exportacion,capitulo,,67,106393.19
2020,Exportacion,capitulo,,68,32213650.26
2020,Exportacion,capitulo,,70,66610257.23
2020,Exportacion,capitulo,,71,62048798.33
2020,Exportacion,capitulo,,73,90800361.35
2020,Exportacion,capitulo,,74,18748059.97
2020,Exportacion,capitulo,,75,34283120.2
2020,Exportacion,capitulo,,76,52379411.35
2020,Exportacion,capitulo,,81,2653443.56
2020,Exportacion,capitulo,,82,4609872.86
2020,Exportacion,capitulo,,83,29950540.02
2020,Exportacion,capitulo,,88,7441694.22
2020,Exportacion,capitulo,,94,35568198.08
2020,Exportacion,capitulo,,2,126433991.62
2020,Exportacion,capitulo,,5,7106533.46
2020,Exportacion,capitulo,,6,119715695.52
2020,Exportacion,capitulo,,8,2174539198.35
2020,Exportacion,capitulo,,14,526021.32
2020,Exportacion,capitulo,,16,64071064.07
2020,Exportacion,capitulo,,24,3271989.46
2020,Exportacion,capitulo,,26,1293144.19
2020,Exportacion,capitulo,,31,25489729.67
2020,Exportacion,capitulo,,36,12945458.2
2020,Exportacion,capitulo,,43,1125.61
2020,Exportacion,capitulo,,47,8616904.98
2020,Exportacion,capitulo,,51,736.88
2020,Exportacion,capitulo,,53,965593.46
2020,Exportacion,capitulo,,55,9245782.1
2020,Exportacion,capitulo,,78,13082873.28
2020,Exportacion,capitulo,,79,296461.06
2020,Exportacion,capitulo,,80,218257.16
2020,Exportacion,capitulo,,93,96466.2
2020,Exportacion,capitulo,,42,5315569.96
2020,Exportacion,capitulo,,61,23237628.86
2020,Exportacion,capitulo,,64,992043.55
2020,Exportacion,capitulo,,69,2912929.83
2020,Exportacion,capitulo,,84,86860265.17
2020,Exportacion,capitulo,,85,428841918.63
2020,Exportacion,capitulo,,86,960532.38
2020,Exportacion,capitulo,,87,9710893.24
2020,Exportacion,capitulo,,89,7899740.46
2020,Exportacion,capitulo,,90,3926732997.48
2020,Exportacion,capitulo,,91,537924.31
2020,Exportacion,capitulo,,92,329721.06
2020,Exportacion,capitulo,,95,26747816.24
2020,Exportacion,capitulo,,96,131416319.8
2020,Exportacion,capitulo,,97,332367.29
2020,Exportacion,capitulo,,3,61484791.15
2020,Exportacion,capitulo,,4,144563893.57
2020,Exportacion,capitulo,,7,170005739.5
2020,Exportacion,capitulo,,9,340530944.63
2020,Exportacion,capitulo,,10,6043612.62
2020,Exportacion,capitulo,,11,13398338.64
2020,Exportacion,capitulo,,12,20908418.02
2020,Importacion,capitulo,,1,10262996.94
2020,Importacion,capitulo,,78,732103.87
2020,Importacion,capitulo,,18,39345461.19
2020,Importacion,capitulo,,19,136486657.0
2020,Importacion,capitulo,,20,151760518.07
2020,Importacion,capitulo,,21,245086251.23
2020,Importacion,capitulo,,22,126561988.43
2020,Importacion,capitulo,,23,175258798.99
2020,Importacion,capitulo,,24,19175645.19
2020,Importacion,capitulo,,25,33597584.9
2020,Importacion,capitulo,,26,478587.05
2020,Importacion,capitulo,,27,936742547.15
2020,Importacion,capitulo,,28,81129945.87
2020,Importacion,capitulo,,29,164427620.3
2020,Importacion,capitulo,,30,845922445.55
2020,Importacion,capitulo,,31,158434498.82
2020,Importacion,capitulo,,32,111520671.07
2020,Importacion,capitulo,,33,216008965.64
2020,Importacion,capitulo,,34,161484224.32
2020,Importacion,capitulo,,35,45677732.41
2020,Importacion,capitulo,,36,3951912.53
2020,Importacion,capitulo,,38,359868802.36
2020,Importacion,capitulo,,39,1220756255.71
2020,Importacion,capitulo,,40,188490944.3
2020,Importacion,capitulo,,41,3406540.72
2020,Importacion,capitulo,,43,35918.57
2020,Importacion,capitulo,,44,83978588.27
2020,Importacion,capitulo,,45,216035.24
2020,Importacion,capitulo,,46,709527.06
2020,Importacion,capitulo,,47,9453844.86
2020,Importacion,capitulo,,48,589795832.07
2020,Importacion,capitulo,,49,53591321.97
2020,Importacion,capitulo,,50,395972.93
2020,Importacion,capitulo,,51,2009692.01
2020,Importacion,capitulo,,52,18303744.9
2020,Importacion,capitulo,,53,290099.13
2020,Importacion,capitulo,,54,44106252.75
2020,Importacion,capitulo,,55,16740163.29
2020,Importacion,capitulo,,56,37219866.0
2020,Importacion,capitulo,,57,8644228.29
2020,Importacion,capitulo,,58,6491933.8
2020,Importacion,capitulo,,59,17595638.43
2020,Importacion,capitulo,,60,14861308.8
2020,Importacion,capitulo,,61,95451711.42
2020,Importacion,capitulo,,63,121579196.21
2020,Importacion,capitulo,,65,9608218.0
2020,Importacion,capitulo,,67,3387609.84
2020,Importacion,capitulo,,68,62716273.96
2020,Importacion,capitulo,,69,71056084.74
2020,Importacion,capitulo,,70,59355870.11
2020,Importacion,capitulo,,71,37566562.54
2020,Importacion,capitulo,,72,458577686.3
2020,Importacion,capitulo,,73,376461507.15
2020,Importacion,capitulo,,74,90519615.87
2020,Importacion,capitulo,,75,26821149.25
2020,Importacion,capitulo,,76,106041382.69
2020,Importacion,capitulo,,79,12661738.17
2020,Importacion,capitulo,,80,342048.83
2020,Importacion,capitulo,,81,27866144.38
2020,Importacion,capitulo,,83,76113576.22
2020,Importacion,capitulo,,88,4231546.68
2020,Importacion,capitulo,,93,3144124.75
2020,Importacion,capitulo,,96,76661936.15
2020,Importacion,capitulo,,37,4814860.97
2020,Importacion,capitulo,,42,31275619.82
2020,Importacion,capitulo,,62,129715950.22
2020,Importacion,capitulo,,64,90549065.82
2020,Importacion,capitulo,,66,3529474.19
2020,Importacion,capitulo,,82,77149958.43
2020,Importacion,capitulo,,84,1385891310.34
2020,Importacion,capitulo,,85,1430390984.89
2020,Importacion,capitulo,,86,19916567.92
2020,Importacion,capitulo,,87,693084370.91
2020,Importacion,capitulo,,89,3777745.65
2020,Importacion,capitulo,,90,915548750.0
2020,Importacion,capitulo,,91,13521426.17
2020,Importacion,capitulo,,92,4063058.12
2020,Importacion,capitulo,,94,219335461.63
2020,Importacion,capitulo,,95,96894454.11
2020,Importacion,capitulo,,97,582631.06
2020,Importacion,capitulo,,2,90561431.16
2020,Importacion,capitulo,,3,82982883.01
2020,Importacion,capitulo,,4,63757657.73
2020,Importacion,capitulo,,5,6952117.84
2020,Importacion,capitulo,,6,11438179.17
2020,Importacion,capitulo,,7,73701667.1
2020,Importacion,capitulo,,8,92712329.95
2020,Importacion,capitulo,,9,31776433.13
2020,Importacion,capitulo,,10,355297549.83
2020,Importacion,capitulo,,11,42912216.75
2020,Importacion,capitulo,,12,148392552.18
2020,Importacion,capitulo,,13,6241745.0
2020,Importacion,capitulo,,14,758449.62
2020,Importacion,capitulo,,15,104684683.16
2020,Importacion,capitulo,,16,117242726.68
2020,Importacion,capitulo,,17,45501039.2
2021,Exportacion,capitulo,,54,24402378.97
2021,Exportacion,capitulo,,62,2357870.26
2021,Exportacion,capitulo,,80,406780.8
2021,Exportacion,capitulo,,34,47916374.48
2021,Exportacion,capitulo,,75,24803154.42
2021,Exportacion,capitulo,,35,15994552.84
2021,Exportacion,capitulo,,74,49772416.47
2021,Exportacion,capitulo,,95,30452869.33
2021,Exportacion,capitulo,,49,7520760.4
2021,Exportacion,capitulo,,58,3828285.35
2021,Exportacion,capitulo,,20,412731637.12
2021,Exportacion,capitulo,,23,58055854.22
2021,Exportacion,capitulo,,81,3341115.86
2021,Exportacion,capitulo,,59,9234623.4
2021,Exportacion,capitulo,,19,140482833.23
2021,Exportacion,capitulo,,26,1757501.61
2021,Exportacion,capitulo,,9,341218041.75
2021,Exportacion,capitulo,,43,148761.11
2021,Exportacion,capitulo,,51,1375.03
2021,Exportacion,capitulo,,24,5204941.05
2021,Exportacion,capitulo,,12,26100468.16
2021,Exportacion,capitulo,,4,131140156.97
2021,Exportacion,capitulo,,86,1512719.41
2021,Exportacion,capitulo,,14,1654537.24
2021,Exportacion,capitulo,,94,51376379.51
2021,Exportacion,capitulo,,93,180035.74
2021,Exportacion,capitulo,,53,1201329.61
2021,Exportacion,capitulo,,6,160358877.22
2021,Exportacion,capitulo,,42,9789021.88
2021,Exportacion,capitulo,,44,67343609.44
2021,Exportacion,capitulo,,17,119930728.69
2021,Exportacion,capitulo,,37,159758.37
2021,Exportacion,capitulo,,69,4024625.48
2021,Exportacion,capitulo,,28,17464067.82
2021,Exportacion,capitulo,,78,18973723.36
2021,Exportacion,capitulo,,41,5899153.55
2021,Exportacion,capitulo,,56,7935879.27
2021,Exportacion,capitulo,,55,9061792.26
2021,Exportacion,capitulo,,18,12376657.51
2021,Exportacion,capitulo,,63,8332904.65
2021,Exportacion,capitulo,,3,83117180.78
2021,Exportacion,capitulo,,11,14075614.36
2021,Exportacion,capitulo,,89,1859442.33
2021,Exportacion,capitulo,,96,162759547.14
2021,Exportacion,capitulo,,52,34609281.09
2021,Exportacion,capitulo,,13,3482717.71
2021,Exportacion,capitulo,,45,1245.22
2021,Exportacion,capitulo,,47,13197225.69
2021,Exportacion,capitulo,,88,9392826.72
2021,Exportacion,capitulo,,91,810016.02
2021,Exportacion,capitulo,,65,1500066.39
2021,Exportacion,capitulo,,67,140686.17
2021,Exportacion,capitulo,,5,6582569.4
2021,Exportacion,capitulo,,27,3100535.18
2021,Exportacion,capitulo,,87,11032638.61
2021,Exportacion,capitulo,,38,137312969.08
2021,Exportacion,capitulo,,57,110189.37
2021,Exportacion,capitulo,,16,64632611.3
2021,Exportacion,capitulo,,83,29183029.23
2021,Exportacion,capitulo,,46,16138.3
2021,Exportacion,capitulo,,36,10783528.9
2021,Exportacion,capitulo,,2,159513104.0
2021,Exportacion,capitulo,,66,117611.45
2021,Exportacion,capitulo,,68,33277379.23
2021,Exportacion,capitulo,,22,100442437.84
2021,Exportacion,capitulo,,64,441997.56
2021,Exportacion,capitulo,,31,34030771.79
2021,Exportacion,capitulo,,79,1189294.69
2021,Exportacion,capitulo,,21,780545818.14
2021,Exportacion,capitulo,,97,576172.39
2021,Exportacion,capitulo,,85,614985077.3
2021,Exportacion,capitulo,,39,446929778.07
2021,Exportacion,capitulo,,25,37991161.48
2021,Exportacion,capitulo,,30,317552136.53
2021,Exportacion,capitulo,,92,519192.33
2021,Exportacion,capitulo,,48,112671220.94
2021,Exportacion,capitulo,,72,295582014.72
2021,Exportacion,capitulo,,10,7154141.73
2021,Exportacion,capitulo,,70,109605504.68
2021,Exportacion,capitulo,,7,183598448.43
2021,Exportacion,capitulo,,84,91833434.47
2021,Exportacion,capitulo,,15,300900892.55
2021,Exportacion,capitulo,,76,72376961.06
2021,Exportacion,capitulo,,32,110687985.19
2021,Exportacion,capitulo,,61,22864250.15
2021,Exportacion,capitulo,,8,2317070169.09
2021,Exportacion,capitulo,,73,165133124.84
2021,Exportacion,capitulo,,90,5183763962.4
2021,Exportacion,capitulo,,71,78530135.61
2021,Exportacion,capitulo,,33,28234913.01
2021,Exportacion,capitulo,,82,2400775.9
2021,Exportacion,capitulo,,40,295571527.77
2021,Exportacion,capitulo,,60,351063.33
2021,Exportacion,capitulo,,1,10793023.72
2021,Exportacion,capitulo,,29,6011470.0
2021,Importacion,capitulo,,10,490249109.8
2021,Importacion,capitulo,,7,74491377.1
2021,Importacion,capitulo,,11,46557404.62
2021,Importacion,capitulo,,54,58046913.89
2021,Importacion,capitulo,,28,113941202.41
2021,Importacion,capitulo,,35,56991097.42
2021,Importacion,capitulo,,17,52281703.28
2021,Importacion,capitulo,,73,482941995.42
2021,Importacion,capitulo,,76,153158482.52
2021,Importacion,capitulo,,29,223074506.13
2021,Importacion,capitulo,,52,18280843.8
2021,Importacion,capitulo,,34,178127391.98
2021,Importacion,capitulo,,68,81228081.25
2021,Importacion,capitulo,,55,22056441.5
2021,Importacion,capitulo,,83,90703819.31
2021,Importacion,capitulo,,25,38022523.59
2021,Importacion,capitulo,,56,50903792.07
2021,Importacion,capitulo,,61,143640526.57
2021,Importacion,capitulo,,63,111339239.11
2021,Importacion,capitulo,,70,79416245.75
2021,Importacion,capitulo,,57,10322926.13
2021,Importacion,capitulo,,12,207221281.09
2021,Importacion,capitulo,,71,56824134.71
2021,Importacion,capitulo,,87,954648597.07
2021,Importacion,capitulo,,22,174504848.75
2021,Importacion,capitulo,,48,732613692.93
2021,Importacion,capitulo,,95,123298181.14
2021,Importacion,capitulo,,60,18219338.14
2021,Importacion,capitulo,,65,13886926.05
2021,Importacion,capitulo,,85,1723705600.3
2021,Importacion,capitulo,,72,912564084.85
2021,Importacion,capitulo,,58,8097261.86
2021,Importacion,capitulo,,39,1571532647.81
2021,Importacion,capitulo,,20,165802174.27
2021,Importacion,capitulo,,62,155818500.17
2021,Importacion,capitulo,,92,4339775.8
2021,Importacion,capitulo,,96,85369396.54
2021,Importacion,capitulo,,38,408362403.73
2021,Importacion,capitulo,,74,166117609.63
2021,Importacion,capitulo,,90,980233919.59
2021,Importacion,capitulo,,97,998032.67
2021,Importacion,capitulo,,69,102093800.6
2021,Importacion,capitulo,,40,288421932.94
2021,Importacion,capitulo,,75,24938201.74
2021,Importacion,capitulo,,84,1586300894.96
2021,Importacion,capitulo,,59,26754471.64
2021,Importacion,capitulo,,44,117850126.26
2021,Importacion,capitulo,,91,13858250.16
2021,Importacion,capitulo,,79,19211406.59
2021,Importacion,capitulo,,26,921354.19
2021,Importacion,capitulo,,53,410549.54
2021,Importacion,capitulo,,42,40778377.26
2021,Importacion,capitulo,,82,91623850.04
2021,Importacion,capitulo,,94,286196627.72
2021,Importacion,capitulo,,19,143413371.07
2021,Importacion,capitulo,,47,11564427.27
2021,Importacion,capitulo,,16,76113777.05
2021,Importacion,capitulo,,81,26966833.87
2021,Importacion,capitulo,,33,255746861.33
2021,Importacion,capitulo,,36,2573300.29
2021,Importacion,capitulo,,14,739688.34
2021,Importacion,capitulo,,5,9930142.27
2021,Importacion,capitulo,,78,784099.58
2021,Importacion,capitulo,,41,3788198.36
2021,Importacion,capitulo,,15,86922696.25
2021,Importacion,capitulo,,9,34413871.33
2021,Importacion,capitulo,,24,24210035.77
2021,Importacion,capitulo,,80,769414.85
2021,Importacion,capitulo,,64,125260481.59
2021,Importacion,capitulo,,31,207821168.17
2021,Importacion,capitulo,,6,16578189.3
2021,Importacion,capitulo,,86,45764932.02
2021,Importacion,capitulo,,23,210355052.44
2021,Importacion,capitulo,,21,219811473.14
2021,Importacion,capitulo,,51,3187238.91
2021,Importacion,capitulo,,8,99180557.69
2021,Importacion,capitulo,,67,5057236.83
2021,Importacion,capitulo,,27,1706346926.09
2021,Importacion,capitulo,,88,11128702.02
2021,Importacion,capitulo,,32,127879239.53
2021,Importacion,capitulo,,45,418112.27
2021,Importacion,capitulo,,13,6924169.43
2021,Importacion,capitulo,,49,55070202.18
2021,Importacion,capitulo,,4,67273020.81
2021,Importacion,capitulo,,1,22022626.25
2021,Importacion,capitulo,,30,905026950.27
2021,Importacion,capitulo,,66,3257911.52
2021,Importacion,capitulo,,89,6765650.36
2021,Importacion,capitulo,,46,1376327.88
2021,Importacion,capitulo,,50,476963.83
2021,Importacion,capitulo,,37,5411545.73
2021,Importacion,capitulo,,2,127476610.51
2021,Importacion,capitulo,,93,3925874.5
2021,Importacion,capitulo,,3,78427285.02
2021,Importacion,capitulo,,43,15380.72
2021,Importacion,capitulo,,18,48643419.55
2022,Exportacion,capitulo,,2,162368210.33
2022,Exportacion,capitulo,,3,90212043.04
2022,Exportacion,capitulo,,4,115357455.37
2022,Exportacion,capitulo,,5,7587387.73
2022,Exportacion,capitulo,,6,153732670.012
2022,Exportacion,capitulo,,7,198827601.53
2022,Exportacion,capitulo,,10,9352586.3
2022,Exportacion,capitulo,,12,28445157.55
2022,Exportacion,capitulo,,13,3791981.93
2022,Exportacion,capitulo,,14,2322517.74
2022,Exportacion,capitulo,,16,71832815.44
2022,Exportacion,capitulo,,19,163004792.338
2022,Exportacion,capitulo,,21,878706503.44
2022,Exportacion,capitulo,,23,68075974.46
2022,Exportacion,capitulo,,24,7004685.01
2022,Exportacion,capitulo,,25,17338676.57
2022,Exportacion,capitulo,,26,102506.46
2022,Exportacion,capitulo,,28,21356012.63
2022,Exportacion,capitulo,,29,9100714.48
2022,Exportacion,capitulo,,31,51305825.08
2022,Exportacion,capitulo,,36,17634687.02
2022,Exportacion,capitulo,,38,164548085.14
2022,Exportacion,capitulo,,41,7270473.63
2022,Exportacion,capitulo,,43,94418.28
2022,Exportacion,capitulo,,45,2345.38
2022,Exportacion,capitulo,,46,1749.71
2022,Exportacion,capitulo,,47,13567717.02
2022,Exportacion,capitulo,,51,502.68
2022,Exportacion,capitulo,,53,1111134.1
2022,Exportacion,capitulo,,55,5945019.27
2022,Exportacion,capitulo,,56,6671392.57
2022,Exportacion,capitulo,,57,109805.86
2022,Exportacion,capitulo,,59,10609936.67
2022,Exportacion,capitulo,,64,744852.36
2022,Exportacion,capitulo,,65,259539.9
2022,Exportacion,capitulo,,66,82864.27
2022,Exportacion,capitulo,,74,37368057.86
2022,Exportacion,capitulo,,78,17538183.73
2022,Exportacion,capitulo,,79,1508729.21
2022,Exportacion,capitulo,,80,11.0
2022,Exportacion,capitulo,,86,1723270.04
2022,Exportacion,capitulo,,89,4649260.41
2022,Exportacion,capitulo,,92,111045.39
2022,Exportacion,capitulo,,93,1967.38
2022,Exportacion,capitulo,,94,61552248.53
2022,Exportacion,capitulo,,1,11587639.97
2022,Exportacion,capitulo,,8,2228445257.527
2022,Exportacion,capitulo,,9,381951959.18
2022,Exportacion,capitulo,,11,19456564.544
2022,Exportacion,capitulo,,15,322532037.35
2022,Exportacion,capitulo,,17,130925375.2
2022,Exportacion,capitulo,,18,15472655.72
2022,Exportacion,capitulo,,20,442723759.94
2022,Exportacion,capitulo,,22,98390323.75
2022,Exportacion,capitulo,,27,3320021.81
2022,Exportacion,capitulo,,30,327143392.889
2022,Exportacion,capitulo,,32,124244013.77
2022,Exportacion,capitulo,,33,33775290.65
2022,Exportacion,capitulo,,34,57248874.12
2022,Exportacion,capitulo,,35,19823759.54
2022,Exportacion,capitulo,,37,184602.13
2022,Exportacion,capitulo,,39,466101890.229
2022,Exportacion,capitulo,,40,329527192.52
2022,Exportacion,capitulo,,42,11123957.81
2022,Exportacion,capitulo,,44,63223932.14
2022,Exportacion,capitulo,,49,8205143.18
2022,Exportacion,capitulo,,54,27034974.979
2022,Exportacion,capitulo,,58,1922445.55
2022,Exportacion,capitulo,,61,29942757.22
2022,Exportacion,capitulo,,62,2028298.57
2022,Exportacion,capitulo,,63,8278443.29
2022,Exportacion,capitulo,,67,10114.0
2022,Exportacion,capitulo,,68,30069461.86
2022,Exportacion,capitulo,,69,5883805.47
2022,Exportacion,capitulo,,70,118506452.65
2022,Exportacion,capitulo,,72,258415158.32
2022,Exportacion,capitulo,,73,166753259.01
2022,Exportacion,capitulo,,75,21628233.66
2022,Exportacion,capitulo,,76,74141406.747
2022,Exportacion,capitulo,,81,3526310.88
2022,Exportacion,capitulo,,82,3408837.84
2022,Exportacion,capitulo,,83,34346147.3
2022,Exportacion,capitulo,,84,95147603.071
2022,Exportacion,capitulo,,85,655227714.19
2022,Exportacion,capitulo,,87,10595938.92
2022,Exportacion,capitulo,,90,5737157299.128
2022,Exportacion,capitulo,,91,962242.96
2022,Exportacion,capitulo,,95,28861002.16
2022,Exportacion,capitulo,,48,162532228.743
2022,Exportacion,capitulo,,52,57083708.78
2022,Exportacion,capitulo,,60,505901.96
2022,Exportacion,capitulo,,71,89764943.94
2022,Exportacion,capitulo,,88,7489390.83
2022,Exportacion,capitulo,,96,179654383.95
2022,Exportacion,capitulo,,97,475544.67
2022,Importacion,capitulo,,39,1665439870.942
2022,Importacion,capitulo,,47,9939303.96
2022,Importacion,capitulo,,72,883476110.791
2022,Importacion,capitulo,,7,79514486.3
2022,Importacion,capitulo,,9,49369937.38
2022,Importacion,capitulo,,10,502555968.23
2022,Importacion,capitulo,,11,61858268.41
2022,Importacion,capitulo,,12,213588558.2
2022,Importacion,capitulo,,18,52823768.25
2022,Importacion,capitulo,,19,165361273.648
2022,Importacion,capitulo,,20,182595817.01
2022,Importacion,capitulo,,21,245488999.73
2022,Importacion,capitulo,,22,213070513.57
2022,Importacion,capitulo,,23,209948265.08
2022,Importacion,capitulo,,25,47377293.01
2022,Importacion,capitulo,,27,2692919542.71
2022,Importacion,capitulo,,28,155613784.861
2022,Importacion,capitulo,,29,285727103.08
2022,Importacion,capitulo,,30,1028252678.879
2022,Importacion,capitulo,,32,159740816.21
2022,Importacion,capitulo,,33,274113069.77
2022,Importacion,capitulo,,34,199272921.55
2022,Importacion,capitulo,,35,69224946.734
2022,Importacion,capitulo,,37,5704614.52
2022,Importacion,capitulo,,38,469376397.67
2022,Importacion,capitulo,,40,275228938.052
2022,Importacion,capitulo,,42,46692423.95
2022,Importacion,capitulo,,43,37838.39
2022,Importacion,capitulo,,44,135860194.81
2022,Importacion,capitulo,,45,533544.32
2022,Importacion,capitulo,,46,883324.11
2022,Importacion,capitulo,,48,907323199.106
2022,Importacion,capitulo,,49,62306012.91
2022,Importacion,capitulo,,50,491074.41
2022,Importacion,capitulo,,52,29401984.32
2022,Importacion,capitulo,,54,60161250.04
2022,Importacion,capitulo,,55,27539790.95
2022,Importacion,capitulo,,56,52945010.8
2022,Importacion,capitulo,,57,11569698.33
2022,Importacion,capitulo,,58,7048848.68
2022,Importacion,capitulo,,59,30750910.18
2022,Importacion,capitulo,,60,24392584.44
2022,Importacion,capitulo,,61,159359278.94
2022,Importacion,capitulo,,62,155315743.1
2022,Importacion,capitulo,,63,108561590.81
2022,Importacion,capitulo,,64,146920226.48
2022,Importacion,capitulo,,65,15180138.21
2022,Importacion,capitulo,,66,5508113.8
2022,Importacion,capitulo,,67,6271030.08
2022,Importacion,capitulo,,68,82288863.119
2022,Importacion,capitulo,,69,115109975.42
2022,Importacion,capitulo,,70,91700132.04
2022,Importacion,capitulo,,71,50505415.79
2022,Importacion,capitulo,,73,486645386.674
2022,Importacion,capitulo,,74,187447844.78
2022,Importacion,capitulo,,76,197832798.94
2022,Importacion,capitulo,,79,20921035.78
2022,Importacion,capitulo,,82,99006313.53
2022,Importacion,capitulo,,83,104615217.42
2022,Importacion,capitulo,,84,1821265274.16
2022,Importacion,capitulo,,85,1830345271.403
2022,Importacion,capitulo,,87,1156892977.741
2022,Importacion,capitulo,,88,7983810.2
2022,Importacion,capitulo,,89,4633507.88
2022,Importacion,capitulo,,90,1041808309.483
2022,Importacion,capitulo,,91,13566975.66
2022,Importacion,capitulo,,94,294796466.04
2022,Importacion,capitulo,,95,120366447.14
2022,Importacion,capitulo,,96,97369774.78
2022,Importacion,capitulo,,97,969478.68
2022,Importacion,capitulo,,1,19050859.96
2022,Importacion,capitulo,,2,134955757.44
2022,Importacion,capitulo,,3,99616634.53
2022,Importacion,capitulo,,4,89686937.7
2022,Importacion,capitulo,,5,7485038.03
2022,Importacion,capitulo,,6,17759617.55
2022,Importacion,capitulo,,8,99359009.83
2022,Importacion,capitulo,,13,8397754.23
2022,Importacion,capitulo,,14,1113989.48
2022,Importacion,capitulo,,15,63811875.57
2022,Importacion,capitulo,,16,87496862.66
2022,Importacion,capitulo,,17,55192671.74
2022,Importacion,capitulo,,24,19640931.61
2022,Importacion,capitulo,,26,1446717.79
2022,Importacion,capitulo,,31,336269553.85
2022,Importacion,capitulo,,36,4011939.35
2022,Importacion,capitulo,,41,5707982.73
2022,Importacion,capitulo,,51,3496826.59
2022,Importacion,capitulo,,53,549577.29
2022,Importacion,capitulo,,75,19919557.51
2022,Importacion,capitulo,,78,426418.71
2022,Importacion,capitulo,,80,542888.83
2022,Importacion,capitulo,,81,31417210.17
2022,Importacion,capitulo,,86,4882441.32
2022,Importacion,capitulo,,92,4358466.21
2022,Importacion,capitulo,,93,5024072.51
2023,Exportacion,capitulo,,18,19010585.51
2023,Exportacion,capitulo,,41,6454330.56
2023,Exportacion,capitulo,,55,6316391.99
2023,Exportacion,capitulo,,58,2644406.665
2023,Exportacion,capitulo,,79,166647.53
2023,Exportacion,capitulo,,10,9189129.77
2023,Exportacion,capitulo,,13,4485534.23
2023,Exportacion,capitulo,,36,20719738.86
2023,Exportacion,capitulo,,53,1465246.06
2023,Exportacion,capitulo,,56,4403317.02
2023,Exportacion,capitulo,,70,115499801.22
2023,Exportacion,capitulo,,2,142460555.73
2023,Exportacion,capitulo,,3,109605944.91
2023,Exportacion,capitulo,,5,9756748.716
2023,Exportacion,capitulo,,6,148934638.494
2023,Exportacion,capitulo,,11,22800012.4
2023,Exportacion,capitulo,,14,2853720.12
2023,Exportacion,capitulo,,16,79763923.0
2023,Exportacion,capitulo,,20,440224012.531
2023,Exportacion,capitulo,,23,81955739.85
2023,Exportacion,capitulo,,26,21423.95
2023,Exportacion,capitulo,,28,21959049.011
2023,Exportacion,capitulo,,31,51882820.33
2023,Exportacion,capitulo,,43,100876.85
2023,Exportacion,capitulo,,45,143002.29
2023,Exportacion,capitulo,,46,4312.25
2023,Exportacion,capitulo,,49,9363296.73
2023,Exportacion,capitulo,,51,650.74
2023,Exportacion,capitulo,,54,18979634.89
2023,Exportacion,capitulo,,74,39349743.71
2023,Exportacion,capitulo,,78,19005933.8
2023,Exportacion,capitulo,,80,12754.99
2023,Exportacion,capitulo,,86,2228942.27
2023,Exportacion,capitulo,,89,2132058.46
2023,Exportacion,capitulo,,92,61873.71
2023,Exportacion,capitulo,,93,6597.32
2023,Exportacion,capitulo,,4,128713333.09
2023,Exportacion,capitulo,,24,7073757.62
2023,Exportacion,capitulo,,47,14408563.14
2023,Exportacion,capitulo,,67,34561.39
2023,Exportacion,capitulo,,15,312632296.693
2023,Exportacion,capitulo,,35,20132366.59
2023,Exportacion,capitulo,,38,165184549.202
2023,Exportacion,capitulo,,61,31565649.248
2023,Exportacion,capitulo,,82,5188810.23
2023,Exportacion,capitulo,,30,412509843.612
2023,Exportacion,capitulo,,73,189660897.406
2023,Exportacion,capitulo,,76,80902458.295
2023,Exportacion,capitulo,,94,49136408.54
2023,Exportacion,capitulo,,97,938667.44
2023,Exportacion,capitulo,,8,2532396297.68
2023,Exportacion,capitulo,,9,359350535.962
2023,Exportacion,capitulo,,12,30512918.92
2023,Exportacion,capitulo,,17,98073333.59
2023,Exportacion,capitulo,,19,189915472.91
2023,Exportacion,capitulo,,22,120483743.88
2023,Exportacion,capitulo,,25,22928470.67
2023,Exportacion,capitulo,,29,8345106.3
2023,Exportacion,capitulo,,32,135533122.79
2023,Exportacion,capitulo,,37,479683.3
2023,Exportacion,capitulo,,39,519988112.922
2023,Exportacion,capitulo,,40,348283802.31
2023,Exportacion,capitulo,,42,13994234.97
2023,Exportacion,capitulo,,48,143730481.17
2023,Exportacion,capitulo,,57,72235.35
2023,Exportacion,capitulo,,59,11853027.38
2023,Exportacion,capitulo,,62,3427781.15
2023,Exportacion,capitulo,,63,9901618.221
2023,Exportacion,capitulo,,65,249298.19
2023,Exportacion,capitulo,,66,120235.24
2023,Exportacion,capitulo,,69,3687316.26
2023,Exportacion,capitulo,,72,253617247.77
2023,Exportacion,capitulo,,81,6196552.23
2023,Exportacion,capitulo,,83,30666839.84
2023,Exportacion,capitulo,,84,125084039.821
2023,Exportacion,capitulo,,87,12996188.53
2023,Exportacion,capitulo,,90,7605364592.664
2023,Exportacion,capitulo,,95,34855860.76
2023,Exportacion,capitulo,,96,166182407.93
2023,Exportacion,capitulo,,1,11944022.84
2023,Exportacion,capitulo,,7,265021732.082
2023,Exportacion,capitulo,,21,1007682637.47
2023,Exportacion,capitulo,,27,9976170.292
2023,Exportacion,capitulo,,44,36794911.591
2023,Exportacion,capitulo,,64,766800.45
2023,Exportacion,capitulo,,85,804762714.758
2023,Exportacion,capitulo,,88,8542779.9
2023,Exportacion,capitulo,,91,323936.13
2023,Exportacion,capitulo,,33,43206911.988
2023,Exportacion,capitulo,,34,64361086.96
2023,Exportacion,capitulo,,52,64832787.14
2023,Exportacion,capitulo,,60,369387.84
2023,Exportacion,capitulo,,68,21113673.43
2023,Exportacion,capitulo,,71,127547157.46
2023,Exportacion,capitulo,,75,38321845.66
2023,Importacion,capitulo,,11,60930133.93
2023,Importacion,capitulo,,12,223784856.216
2023,Importacion,capitulo,,39,1733501128.342
2023,Importacion,capitulo,,72,766518380.816
2023,Importacion,capitulo,,47,12305552.44
2023,Importacion,capitulo,,10,587793014.87
2023,Importacion,capitulo,,13,10015466.95
2023,Importacion,capitulo,,2,189069749.051
2023,Importacion,capitulo,,3,102484308.55
2023,Importacion,capitulo,,16,81673093.565
2023,Importacion,capitulo,,17,66595860.626
2023,Importacion,capitulo,,22,231490893.031
2023,Importacion,capitulo,,25,45342578.35
2023,Importacion,capitulo,,26,549076.23
2023,Importacion,capitulo,,28,138027935.81
2023,Importacion,capitulo,,29,212081376.6
2023,Importacion,capitulo,,32,160961697.52
2023,Importacion,capitulo,,34,224715577.46
2023,Importacion,capitulo,,37,5445019.53
2023,Importacion,capitulo,,40,270776681.57
2023,Importacion,capitulo,,42,54811745.93
2023,Importacion,capitulo,,48,772755167.58
2023,Importacion,capitulo,,49,69097443.01
2023,Importacion,capitulo,,52,39325897.02
2023,Importacion,capitulo,,54,48214970.88
2023,Importacion,capitulo,,57,11692345.99
2023,Importacion,capitulo,,59,25320312.53
2023,Importacion,capitulo,,60,23410591.82
2023,Importacion,capitulo,,62,176859731.28
2023,Importacion,capitulo,,63,104564174.83
2023,Importacion,capitulo,,65,17154714.13
2023,Importacion,capitulo,,66,6334192.91
2023,Importacion,capitulo,,68,94817458.42
2023,Importacion,capitulo,,69,114931702.13
2023,Importacion,capitulo,,71,76910261.12
2023,Importacion,capitulo,,74,187214432.28
2023,Importacion,capitulo,,75,31854770.93
2023,Importacion,capitulo,,83,91926486.0
2023,Importacion,capitulo,,84,1952070041.34
2023,Importacion,capitulo,,87,1670350052.18
2023,Importacion,capitulo,,89,14284003.49
2023,Importacion,capitulo,,90,1296473116.296
2023,Importacion,capitulo,,92,5543107.02
2023,Importacion,capitulo,,95,111362542.51
2023,Importacion,capitulo,,96,114920932.46
2023,Importacion,capitulo,,35,75460207.35
2023,Importacion,capitulo,,38,420883675.95
2023,Importacion,capitulo,,41,7119415.47
2023,Importacion,capitulo,,55,29543000.12
2023,Importacion,capitulo,,58,8108288.56
2023,Importacion,capitulo,,61,147465134.6
2023,Importacion,capitulo,,82,110492631.332
2023,Importacion,capitulo,,4,90156035.212
2023,Importacion,capitulo,,27,2587643123.4
2023,Importacion,capitulo,,44,103998201.49
2023,Importacion,capitulo,,64,154820311.91
2023,Importacion,capitulo,,85,2199026496.678
2023,Importacion,capitulo,,88,10959518.45
2023,Importacion,capitulo,,91,15259937.09
2023,Importacion,capitulo,,30,1037178242.36
2023,Importacion,capitulo,,53,424770.05
2023,Importacion,capitulo,,56,43539188.79
2023,Importacion,capitulo,,70,92041302.98
2023,Importacion,capitulo,,73,605475434.068
2023,Importacion,capitulo,,76,162841045.18
2023,Importacion,capitulo,,94,296068114.35
2023,Importacion,capitulo,,5,9683244.3
2023,Importacion,capitulo,,6,18798265.81
2023,Importacion,capitulo,,8,130140660.02
2023,Importacion,capitulo,,9,57706477.942
2023,Importacion,capitulo,,14,1335374.4
2023,Importacion,capitulo,,19,198008112.231
2023,Importacion,capitulo,,20,216646190.88
2023,Importacion,capitulo,,23,241606295.19
2023,Importacion,capitulo,,31,243206738.03
2023,Importacion,capitulo,,43,19976.98
2023,Importacion,capitulo,,45,1045785.84
2023,Importacion,capitulo,,46,696275.53
2023,Importacion,capitulo,,51,4454092.92
2023,Importacion,capitulo,,78,460176.74
2023,Importacion,capitulo,,80,985552.71
2023,Importacion,capitulo,,81,40344443.42
2023,Importacion,capitulo,,86,6328914.31
2023,Importacion,capitulo,,93,6629298.29
2023,Importacion,capitulo,,15,75929252.707
2023,Importacion,capitulo,,18,60480424.71
2023,Importacion,capitulo,,79,15164547.22
2023,Importacion,capitulo,,1,11043937.53
2023,Importacion,capitulo,,7,108872747.704
2023,Importacion,capitulo,,21,280428509.92
2023,Importacion,capitulo,,24,18859053.62
2023,Importacion,capitulo,,67,5196875.76
2023,Importacion,capitulo,,33,318576509.28
2023,Importacion,capitulo,,36,3257311.08
2023,Importacion,capitulo,,50,711652.86
2023,Importacion,capitulo,,97,722869.61
2024,Exportacion,capitulo,,10,10157281.92
2024,Exportacion,capitulo,,13,2676592.09
2024,Exportacion,capitulo,,30,452495350.77
2024,Exportacion,capitulo,,36,24764937.957
2024,Exportacion,capitulo,,53,1921583.34
2024,Exportacion,capitulo,,56,4768699.549
2024,Exportacion,capitulo,,94,53806806.83
2024,Exportacion,capitulo,,15,289310811.23
2024,Exportacion,capitulo,,18,22053396.5
2024,Exportacion,capitulo,,35,19487778.97
2024,Exportacion,capitulo,,38,161354255.2
2024,Exportacion,capitulo,,41,5927870.07
2024,Exportacion,capitulo,,58,2829774.78
2024,Exportacion,capitulo,,61,26999955.88
2024,Exportacion,capitulo,,79,562287.13
2024,Exportacion,capitulo,,7,276061194.561
2024,Exportacion,capitulo,,21,1119864321.22
2024,Exportacion,capitulo,,24,6686233.93
2024,Exportacion,capitulo,,44,33055807.52
2024,Exportacion,capitulo,,64,1080383.86
2024,Exportacion,capitulo,,67,60926.38
2024,Exportacion,capitulo,,2,164212572.53
2024,Exportacion,capitulo,,16,89274969.01
2024,Exportacion,capitulo,,19,218533452.19
2024,Exportacion,capitulo,,22,116556762.741
2024,Exportacion,capitulo,,42,14758226.9
2024,Exportacion,capitulo,,62,3580273.24
2024,Exportacion,capitulo,,80,376456.49
2024,Exportacion,capitulo,,83,27468688.3
2024,Exportacion,capitulo,,86,1898948.04
2024,Exportacion,capitulo,,3,69547064.56
2024,Exportacion,capitulo,,5,12226167.731
2024,Exportacion,capitulo,,6,144156178.871
2024,Exportacion,capitulo,,11,20893813.89
2024,Exportacion,capitulo,,14,3492995.78
2024,Exportacion,capitulo,,17,143574137.93
2024,Exportacion,capitulo,,20,486413116.61
2024,Exportacion,capitulo,,23,87572314.27
2024,Exportacion,capitulo,,26,33006.49
2024,Exportacion,capitulo,,28,22936261.39
2024,Exportacion,capitulo,,31,42537919.31
2024,Exportacion,capitulo,,32,144902905.1
2024,Exportacion,capitulo,,34,61980074.651
2024,Exportacion,capitulo,,37,424359.86
2024,Exportacion,capitulo,,43,149582.94
2024,Exportacion,capitulo,,45,8470.87
2024,Exportacion,capitulo,,46,1431.02
2024,Exportacion,capitulo,,49,9098885.354
2024,Exportacion,capitulo,,51,153.9
2024,Exportacion,capitulo,,54,22880805.48
2024,Exportacion,capitulo,,57,59755.87
2024,Exportacion,capitulo,,60,251038.47
2024,Exportacion,capitulo,,63,11342252.261
2024,Exportacion,capitulo,,65,234617.04
2024,Exportacion,capitulo,,66,318073.1
2024,Exportacion,capitulo,,68,31588830.225
2024,Exportacion,capitulo,,69,4374939.907
2024,Exportacion,capitulo,,74,31091627.61
2024,Exportacion,capitulo,,78,16900534.01
2024,Exportacion,capitulo,,81,7284390.13
2024,Exportacion,capitulo,,87,18240240.6
2024,Exportacion,capitulo,,89,2814721.51
2024,Exportacion,capitulo,,92,76013.41
2024,Exportacion,capitulo,,96,160306436.887
2024,Exportacion,capitulo,,33,35820705.872
2024,Exportacion,capitulo,,70,98436736.45
2024,Exportacion,capitulo,,73,213279470.822
2024,Exportacion,capitulo,,76,91898898.683
2024,Exportacion,capitulo,,55,5743251.19
2024,Exportacion,capitulo,,82,4619911.544
2024,Exportacion,capitulo,,1,11271039.81
2024,Exportacion,capitulo,,4,161370443.01
2024,Exportacion,capitulo,,47,16367636.95
2024,Exportacion,capitulo,,85,839124046.501
2024,Exportacion,capitulo,,88,24718073.82
2024,Exportacion,capitulo,,91,892256.05
2024,Exportacion,capitulo,,39,543966244.509
2024,Exportacion,capitulo,,59,9174801.98
2024,Exportacion,capitulo,,8,2778923725.338
2024,Exportacion,capitulo,,9,356420622.041
2024,Exportacion,capitulo,,12,24124913.931
2024,Exportacion,capitulo,,25,12620383.5
2024,Exportacion,capitulo,,29,8196531.76
2024,Exportacion,capitulo,,40,330108891.776
2024,Exportacion,capitulo,,48,114467989.263
2024,Exportacion,capitulo,,71,139289996.626
2024,Exportacion,capitulo,,84,174929925.899
2024,Exportacion,capitulo,,90,8747615416.965
2024,Exportacion,capitulo,,95,44329489.81
2024,Exportacion,capitulo,,97,661098.97
2024,Exportacion,capitulo,,27,3719441.32
2024,Exportacion,capitulo,,52,99255853.94
2024,Exportacion,capitulo,,72,228566180.569
2024,Exportacion,capitulo,,75,52102162.35
2024,Importacion,capitulo,,50,724289.15
2024,Importacion,capitulo,,11,59478221.11
2024,Importacion,capitulo,,12,175799429.67
2024,Importacion,capitulo,,20,228315455.88
2024,Importacion,capitulo,,23,241179913.79
2024,Importacion,capitulo,,25,46984711.59
2024,Importacion,capitulo,,26,1321486.66
2024,Importacion,capitulo,,28,139137521.52
2024,Importacion,capitulo,,29,204857983.4
2024,Importacion,capitulo,,37,4788419.38
2024,Importacion,capitulo,,40,278265465.93
2024,Importacion,capitulo,,48,759747127.58
2024,Importacion,capitulo,,49,69856965.71
2024,Importacion,capitulo,,54,53966625.99
2024,Importacion,capitulo,,57,15163386.9
2024,Importacion,capitulo,,60,23864267.96
2024,Importacion,capitulo,,63,112227813.75
2024,Importacion,capitulo,,65,19471484.06
2024,Importacion,capitulo,,66,6489890.23
2024,Importacion,capitulo,,68,111529492.93
2024,Importacion,capitulo,,69,117589385.78
2024,Importacion,capitulo,,71,121427391.49
2024,Importacion,capitulo,,72,811131910.339
2024,Importacion,capitulo,,74,174178131.27
2024,Importacion,capitulo,,81,20500209.47
2024,Importacion,capitulo,,84,2064067499.493
2024,Importacion,capitulo,,87,2183624036.802
2024,Importacion,capitulo,,89,19913488.22
2024,Importacion,capitulo,,90,1297839086.759
2024,Importacion,capitulo,,95,139702017.04
2024,Importacion,capitulo,,27,2460756242.15
2024,Importacion,capitulo,,44,117939820.54
2024,Importacion,capitulo,,85,2326748099.903
2024,Importacion,capitulo,,91,15518347.57
2024,Importacion,capitulo,,15,81677492.78
2024,Importacion,capitulo,,35,80235267.84
2024,Importacion,capitulo,,38,423507211.139
2024,Importacion,capitulo,,58,8832333.42
2024,Importacion,capitulo,,61,169677110.98
2024,Importacion,capitulo,,82,116544877.59
2024,Importacion,capitulo,,30,1122112894.2
2024,Importacion,capitulo,,56,47931425.87
2024,Importacion,capitulo,,70,99888983.0
2024,Importacion,capitulo,,73,556638064.448
2024,Importacion,capitulo,,76,179550657.53
2024,Importacion,capitulo,,39,1719775440.317
2024,Importacion,capitulo,,42,65510062.71
2024,Importacion,capitulo,,59,22767191.378
2024,Importacion,capitulo,,62,180384920.38
2024,Importacion,capitulo,,3,130418058.15
2024,Importacion,capitulo,,5,10355040.7
2024,Importacion,capitulo,,6,19193066.63
2024,Importacion,capitulo,,8,158242876.47
2024,Importacion,capitulo,,9,40611006.04
2024,Importacion,capitulo,,14,1509711.15
2024,Importacion,capitulo,,17,69189777.31
2024,Importacion,capitulo,,31,248815364.27
2024,Importacion,capitulo,,32,168770947.51
2024,Importacion,capitulo,,34,244840217.82
2024,Importacion,capitulo,,43,24854.98
2024,Importacion,capitulo,,45,352179.8
2024,Importacion,capitulo,,46,1122969.81
2024,Importacion,capitulo,,51,1662394.67
2024,Importacion,capitulo,,52,50135419.93
2024,Importacion,capitulo,,75,20801517.65
2024,Importacion,capitulo,,78,757076.52
2024,Importacion,capitulo,,92,6249264.7
2024,Importacion,capitulo,,93,8474119.58
2024,Importacion,capitulo,,96,122947578.927
2024,Importacion,capitulo,,1,12125089.42
2024,Importacion,capitulo,,4,106680710.92
2024,Importacion,capitulo,,7,111965382.23
2024,Importacion,capitulo,,21,315872565.06
2024,Importacion,capitulo,,24,22041570.64
2024,Importacion,capitulo,,47,11066548.69
2024,Importacion,capitulo,,64,170444621.52
2024,Importacion,capitulo,,67,6875984.81
2024,Importacion,capitulo,,88,14902824.7
2024,Importacion,capitulo,,18,80152187.31
2024,Importacion,capitulo,,41,7150173.29
2024,Importacion,capitulo,,55,35494288.26
2024,Importacion,capitulo,,79,14077915.14
2024,Importacion,capitulo,,10,538308932.04
2024,Importacion,capitulo,,13,8413328.7
2024,Importacion,capitulo,,33,372244747.33
2024,Importacion,capitulo,,36,4794183.44
2024,Importacion,capitulo,,53,547110.27
2024,Importacion,capitulo,,94,332810832.97
2024,Importacion,capitulo,,97,1275641.34
2024,Importacion,capitulo,,2,237135832.4
2024,Importacion,capitulo,,16,94317408.96
2024,Importacion,capitulo,,19,207746630.16
2024,Importacion,capitulo,,22,256401117.55
2024,Importacion,capitulo,,80,1000754.88
2024,Importacion,capitulo,,83,101056359.13
2024,Importacion,capitulo,,86,7167065.49
