anio,flujo,cap_cod,capitulo,valor_usd
2010,Exportacion,06,"Trees and other plants, live; bulbs, roots and the like; cut flowers and ornamental foliage",171748282.0
2010,Exportacion,07,Vegetables and certain roots and tubers; edible,112293396.0
2010,Exportacion,08,"Fruit and nuts, edible; peel of citrus fruit or melons",1506519869.0
2010,Exportacion,09,"Coffee, tea, mate and spices",269093324.0
2010,Exportacion,10,Cereals,928887.0
2010,Exportacion,11,"Products of the milling industry; malt, starches, inulin, wheat gluten",13933004.0
2010,Exportacion,12,"Oil seeds and oleaginous fruits; miscellaneous grains, seeds and fruit, industrial or medicinal plants; straw and fodder",32295401.0
2010,Exportacion,13,"Lac; gums, resins and other vegetable saps and extracts",1971088.0
2010,Exportacion,14,Vegetable plaiting materials; vegetable products not elsewhere specified or included,156362.0
2010,Exportacion,15,"Animal, vegetable or microbial fats and oils and their cleavage products; prepared edible fats; animal or vegetable waxes",146992574.0
2010,Exportacion,01,Animals; live,4829302.0
2010,Exportacion,02,Meat and edible meat offal,50436978.0
2010,Exportacion,03,"Fish and crustaceans, molluscs and other aquatic invertebrates",81034136.0
2010,Exportacion,04,"Dairy produce; birds' eggs; natural honey; edible products of animal origin, not elsewhere specified or included",80972855.0
2010,Exportacion,05,Animal originated products; not elsewhere specified or included,3051520.0
2010,Exportacion,16,"Meat, fish, crustaceans, molluscs or other aquatic invertebrates, or insects; preparations thereof",38406068.0
2010,Exportacion,19,"Preparations of cereals, flour, starch or milk; pastrycooks' products",76988531.0
2010,Exportacion,20,"Preparations of vegetables, fruit, nuts or other parts of plants",199122432.0
2010,Exportacion,21,Miscellaneous edible preparations,350295849.0
2010,Exportacion,22,"Beverages, spirits and vinegar",52676731.0
2010,Exportacion,23,"Food industries, residues and wastes thereof; prepared animal fodder",30498902.0
2010,Exportacion,24,"Tobacco and manufactured tobacco substitutes; products, whether or not containing nicotine, intended for inhalation without combustion; other nicotine containing products intended for the intake of nicotine into the human body",1598003.0
2010,Exportacion,25,"Salt; sulphur; earths, stone; plastering materials, lime and cement",25765895.0
2010,Exportacion,26,"Ores, slag and ash",13364.0
2010,Exportacion,27,"Mineral fuels, mineral oils and products of their distillation; bituminous substances; mineral waxes",50992597.0
2010,Exportacion,28,"Inorganic chemicals; organic and inorganic compounds of precious metals; of rare earth metals, of radio-active elements and of isotopes",8645011.0
2010,Exportacion,17,Sugars and sugar confectionery,98086219.0
2010,Exportacion,18,Cocoa and cocoa preparations,9688442.0
2010,Exportacion,29,Organic chemicals,4910449.0
2010,Exportacion,30,Pharmaceutical products,300752237.0
2010,Exportacion,31,Fertilizers,24589344.0
2010,Exportacion,32,"Tanning or dyeing extracts; tannins and their derivatives; dyes, pigments and other colouring matter; paints, varnishes; putty, other mastics; inks",48970148.0
2010,Exportacion,33,"Essential oils and resinoids; perfumery, cosmetic or toilet preparations",12128918.0
2010,Exportacion,34,"Soap, organic surface-active agents; washing, lubricating, polishing or scouring preparations; artificial or prepared waxes, candles and similar articles, modelling pastes, dental waxes and dental preparations with a basis of plaster",39845388.0
2010,Exportacion,35,Albuminoidal substances; modified starches; glues; enzymes,15982486.0
2010,Exportacion,37,Photographic or cinematographic goods,379175.0
2010,Exportacion,38,Chemical products n.e.c.,112300334.0
2010,Exportacion,39,Plastics and articles thereof,231492355.0
2010,Exportacion,40,Rubber and articles thereof,211691627.0
2010,Exportacion,41,Raw hides and skins (other than furskins) and leather,22358116.0
2010,Exportacion,42,"Articles of leather; saddlery and harness; travel goods, handbags and similar containers; articles of animal gut (other than silk-worm gut)",5239516.0
2010,Exportacion,43,Furskins and artificial fur; manufactures thereof,2270.0
2010,Exportacion,36,Explosives; pyrotechnic products; matches; pyrophoric alloys; certain combustible preparations,5282746.0
2010,Exportacion,45,Cork and articles of cork,99.0
2010,Exportacion,46,"Manufactures of straw, esparto or other plaiting materials; basketware and wickerwork",13093.0
2010,Exportacion,47,Pulp of wood or other fibrous cellulosic material; recovered (waste and scrap) paper or paperboard,9999218.0
2010,Exportacion,48,"Paper and paperboard; articles of paper pulp, of paper or paperboard",189210892.0
2010,Exportacion,51,"Wool, fine or coarse animal hair; horsehair yarn and woven fabric",2657.0
2010,Exportacion,52,Cotton,1671706.0
2010,Exportacion,53,Vegetable textile fibres; paper yarn and woven fabrics of paper yarn,407.0
2010,Exportacion,54,Man-made filaments; strip and the like of man-made textile materials,13201243.0
2010,Exportacion,55,Man-made staple fibres,4685952.0
2010,Exportacion,56,"Wadding, felt and nonwovens, special yarns; twine, cordage, ropes and cables and articles thereof",16046514.0
2010,Exportacion,57,Carpets and other textile floor coverings,21808.0
2010,Exportacion,58,"Fabrics; special woven fabrics, tufted textile fabrics, lace, tapestries, trimmings, embroidery",2415322.0
2010,Exportacion,44,Wood and articles of wood; wood charcoal,45349667.0
2010,Exportacion,61,Apparel and clothing accessories; knitted or crocheted,46619553.0
2010,Exportacion,62,Apparel and clothing accessories; not knitted or crocheted,113195705.0
2010,Exportacion,49,"Printed books, newspapers, pictures and other products of the printing industry; manuscripts, typescripts and plans",22563892.0
2010,Exportacion,63,"Textiles, made up articles; sets; worn clothing and worn textile articles; rags",3627723.0
2010,Exportacion,73,Iron or steel articles,78139024.0
2010,Exportacion,64,Footwear; gaiters and the like; parts of such articles,1006216.0
2010,Exportacion,65,Headgear and parts thereof,279796.0
2010,Exportacion,66,"Umbrellas, sun umbrellas, walking-sticks, seat sticks, whips, riding crops; and parts thereof",61753.0
2010,Exportacion,67,"Feathers and down, prepared; and articles made of feather or of down; artificial flowers; articles of human hair",28112.0
2010,Exportacion,59,"Textile fabrics; impregnated, coated, covered or laminated; textile articles of a kind suitable for industrial use",1699263.0
2010,Exportacion,60,Fabrics; knitted or crocheted,2162862.0
2010,Exportacion,74,Copper and articles thereof,21069879.0
2010,Exportacion,69,Ceramic products,8977163.0
2010,Exportacion,70,Glass and glassware,74225835.0
2010,Exportacion,72,Iron and steel,122304353.0
2010,Exportacion,68,"Stone, plaster, cement, asbestos, mica or similar materials; articles thereof",9907752.0
2010,Exportacion,75,Nickel and articles thereof,8072.0
2010,Exportacion,71,"Natural, cultured pearls; precious, semi-precious stones; precious metals, metals clad with precious metal, and articles thereof; imitation jewellery; coin",68286922.0
2010,Exportacion,76,Aluminium and articles thereof,68628243.0
2010,Exportacion,78,Lead and articles thereof,4106038.0
2010,Exportacion,79,Zinc and articles thereof,720179.0
2010,Exportacion,80,Tin; articles thereof,10900.0
2010,Exportacion,81,"Metals; n.e.c., cermets and articles thereof",876855.0
2010,Exportacion,82,"Tools, implements, cutlery, spoons and forks, of base metal; parts thereof, of base metal",1792829.0
2010,Exportacion,83,Metal; miscellaneous products of base metal,20488057.0
2010,Exportacion,84,"Machinery and mechanical appliances, boilers, nuclear reactors; parts thereof",956042117.0
2010,Exportacion,85,"Electrical machinery and equipment and parts thereof; sound recorders and reproducers; television image and sound recorders and reproducers, parts and accessories of such articles",1424171054.0
2010,Exportacion,86,"Railway, tramway locomotives, rolling-stock and parts thereof; railway or tramway track fixtures and fittings and parts thereof; mechanical (including electro-mechanical) traffic signalling equipment of all kinds",1557558.0
2010,Exportacion,87,"Vehicles; other than railway or tramway rolling stock, and parts and accessories thereof",43175599.0
2010,Exportacion,88,"Aircraft, spacecraft, and parts thereof",1964354.0
2010,Exportacion,89,"Ships, boats and floating structures",1243114.0
2010,Exportacion,90,"Optical, photographic, cinematographic, measuring, checking, medical or surgical instruments and apparatus; parts and accessories",1101881121.0
2010,Exportacion,91,Clocks and watches and parts thereof,142434.0
2010,Exportacion,92,Musical instruments; parts and accessories of such articles,137192.0
2010,Exportacion,93,Arms and ammunition; parts and accessories thereof,630.0
2010,Exportacion,94,"Furniture; bedding, mattresses, mattress supports, cushions and similar stuffed furnishings; lamps and lighting fittings, n.e.c.; illuminated signs, illuminated name-plates and the like; prefabricated buildings",74674937.0
2010,Exportacion,95,"Toys, games and sports requisites; parts and accessories thereof",16935050.0
2010,Exportacion,97,Works of art; collectors' pieces and antiques,644201.0
2010,Exportacion,99,Commodities not specified according to kind,59663.0
2010,Exportacion,96,Miscellaneous manufactured articles,13845966.0
2010,Importacion,08,"Fruit and nuts, edible; peel of citrus fruit or melons",64587408.0
2010,Importacion,07,Vegetables and certain roots and tubers; edible,56167412.0
2010,Importacion,06,"Trees and other plants, live; bulbs, roots and the like; cut flowers and ornamental foliage",12590255.0
2010,Importacion,05,Animal originated products; not elsewhere specified or included,1931915.0
2010,Importacion,04,"Dairy produce; birds' eggs; natural honey; edible products of animal origin, not elsewhere specified or included",26446911.0
2010,Importacion,03,"Fish and crustaceans, molluscs and other aquatic invertebrates",35536406.0
2010,Importacion,11,"Products of the milling industry; malt, starches, inulin, wheat gluten",40618609.0
2010,Importacion,10,Cereals,254530183.0
2010,Importacion,12,"Oil seeds and oleaginous fruits; miscellaneous grains, seeds and fruit, industrial or medicinal plants; straw and fodder",136399782.0
2010,Importacion,09,"Coffee, tea, mate and spices",22411260.0
2010,Importacion,13,"Lac; gums, resins and other vegetable saps and extracts",5304793.0
2010,Importacion,14,Vegetable plaiting materials; vegetable products not elsewhere specified or included,419333.0
2010,Importacion,15,"Animal, vegetable or microbial fats and oils and their cleavage products; prepared edible fats; animal or vegetable waxes",40352906.0
2010,Importacion,16,"Meat, fish, crustaceans, molluscs or other aquatic invertebrates, or insects; preparations thereof",18073634.0
2010,Importacion,17,Sugars and sugar confectionery,29182348.0
2010,Importacion,18,Cocoa and cocoa preparations,24211349.0
2010,Importacion,19,"Preparations of cereals, flour, starch or milk; pastrycooks' products",93917803.0
2010,Importacion,20,"Preparations of vegetables, fruit, nuts or other parts of plants",100846536.0
2010,Importacion,02,Meat and edible meat offal,34449291.0
2010,Importacion,01,Animals; live,4292111.0
2010,Importacion,22,"Beverages, spirits and vinegar",59509874.0
2010,Importacion,23,"Food industries, residues and wastes thereof; prepared animal fodder",74144472.0
2010,Importacion,24,"Tobacco and manufactured tobacco substitutes; products, whether or not containing nicotine, intended for inhalation without combustion; other nicotine containing products intended for the intake of nicotine into the human body",17590367.0
2010,Importacion,25,"Salt; sulphur; earths, stone; plastering materials, lime and cement",24337160.0
2010,Importacion,26,"Ores, slag and ash",43711.0
2010,Importacion,27,"Mineral fuels, mineral oils and products of their distillation; bituminous substances; mineral waxes",1708827727.0
2010,Importacion,28,"Inorganic chemicals; organic and inorganic compounds of precious metals; of rare earth metals, of radio-active elements and of isotopes",80337760.0
2010,Importacion,21,Miscellaneous edible preparations,137220776.0
2010,Importacion,29,Organic chemicals,204667661.0
2010,Importacion,33,"Essential oils and resinoids; perfumery, cosmetic or toilet preparations",145337453.0
2010,Importacion,30,Pharmaceutical products,518927669.0
2010,Importacion,31,Fertilizers,152383724.0
2010,Importacion,32,"Tanning or dyeing extracts; tannins and their derivatives; dyes, pigments and other colouring matter; paints, varnishes; putty, other mastics; inks",77328992.0
2010,Importacion,35,Albuminoidal substances; modified starches; glues; enzymes,32513422.0
2010,Importacion,36,Explosives; pyrotechnic products; matches; pyrophoric alloys; certain combustible preparations,2662630.0
2010,Importacion,37,Photographic or cinematographic goods,12766989.0
2010,Importacion,38,Chemical products n.e.c.,257142486.0
2010,Importacion,39,Plastics and articles thereof,820822339.0
2010,Importacion,40,Rubber and articles thereof,196132013.0
2010,Importacion,34,"Soap, organic surface-active agents; washing, lubricating, polishing or scouring preparations; artificial or prepared waxes, candles and similar articles, modelling pastes, dental waxes and dental preparations with a basis of plaster",91476118.0
2010,Importacion,41,Raw hides and skins (other than furskins) and leather,52998232.0
2010,Importacion,42,"Articles of leather; saddlery and harness; travel goods, handbags and similar containers; articles of animal gut (other than silk-worm gut)",24471124.0
2010,Importacion,43,Furskins and artificial fur; manufactures thereof,45467.0
2010,Importacion,44,Wood and articles of wood; wood charcoal,49980851.0
2010,Importacion,53,Vegetable textile fibres; paper yarn and woven fabrics of paper yarn,163108.0
2010,Importacion,45,Cork and articles of cork,157867.0
2010,Importacion,46,"Manufactures of straw, esparto or other plaiting materials; basketware and wickerwork",647679.0
2010,Importacion,47,Pulp of wood or other fibrous cellulosic material; recovered (waste and scrap) paper or paperboard,21764212.0
2010,Importacion,48,"Paper and paperboard; articles of paper pulp, of paper or paperboard",520326700.0
2010,Importacion,49,"Printed books, newspapers, pictures and other products of the printing industry; manuscripts, typescripts and plans",55329536.0
2010,Importacion,50,Silk,161652.0
2010,Importacion,51,"Wool, fine or coarse animal hair; horsehair yarn and woven fabric",3628853.0
2010,Importacion,52,Cotton,52418310.0
2010,Importacion,55,Man-made staple fibres,26904857.0
2010,Importacion,56,"Wadding, felt and nonwovens, special yarns; twine, cordage, ropes and cables and articles thereof",54602956.0
2010,Importacion,57,Carpets and other textile floor coverings,5499685.0
2010,Importacion,58,"Fabrics; special woven fabrics, tufted textile fabrics, lace, tapestries, trimmings, embroidery",18715689.0
2010,Importacion,59,"Textile fabrics; impregnated, coated, covered or laminated; textile articles of a kind suitable for industrial use",24544038.0
2010,Importacion,60,Fabrics; knitted or crocheted,10261135.0
2010,Importacion,61,Apparel and clothing accessories; knitted or crocheted,98382209.0
2010,Importacion,67,"Feathers and down, prepared; and articles made of feather or of down; artificial flowers; articles of human hair",1380992.0
2010,Importacion,54,Man-made filaments; strip and the like of man-made textile materials,55951091.0
2010,Importacion,62,Apparel and clothing accessories; not knitted or crocheted,123063339.0
2010,Importacion,63,"Textiles, made up articles; sets; worn clothing and worn textile articles; rags",37899101.0
2010,Importacion,64,Footwear; gaiters and the like; parts of such articles,109540768.0
2010,Importacion,65,Headgear and parts thereof,4785904.0
2010,Importacion,66,"Umbrellas, sun umbrellas, walking-sticks, seat sticks, whips, riding crops; and parts thereof",2762697.0
2010,Importacion,68,"Stone, plaster, cement, asbestos, mica or similar materials; articles thereof",41710687.0
2010,Importacion,73,Iron or steel articles,295800851.0
2010,Importacion,69,Ceramic products,55739489.0
2010,Importacion,70,Glass and glassware,46984562.0
2010,Importacion,71,"Natural, cultured pearls; precious, semi-precious stones; precious metals, metals clad with precious metal, and articles thereof; imitation jewellery; coin",51643417.0
2010,Importacion,72,Iron and steel,417207183.0
2010,Importacion,74,Copper and articles thereof,127115941.0
2010,Importacion,75,Nickel and articles thereof,601223.0
2010,Importacion,76,Aluminium and articles thereof,88954857.0
2010,Importacion,78,Lead and articles thereof,648088.0
2010,Importacion,79,Zinc and articles thereof,16378838.0
2010,Importacion,80,Tin; articles thereof,265774.0
2010,Importacion,81,"Metals; n.e.c., cermets and articles thereof",16600223.0
2010,Importacion,82,"Tools, implements, cutlery, spoons and forks, of base metal; parts thereof, of base metal",58979302.0
2010,Importacion,83,Metal; miscellaneous products of base metal,65787669.0
2010,Importacion,84,"Machinery and mechanical appliances, boilers, nuclear reactors; parts thereof",1276314178.0
2010,Importacion,86,"Railway, tramway locomotives, rolling-stock and parts thereof; railway or tramway track fixtures and fittings and parts thereof; mechanical (including electro-mechanical) traffic signalling equipment of all kinds",4487936.0
2010,Importacion,87,"Vehicles; other than railway or tramway rolling stock, and parts and accessories thereof",714302807.0
2010,Importacion,88,"Aircraft, spacecraft, and parts thereof",11900164.0
2010,Importacion,89,"Ships, boats and floating structures",2796807.0
2010,Importacion,90,"Optical, photographic, cinematographic, measuring, checking, medical or surgical instruments and apparatus; parts and accessories",352488793.0
2010,Importacion,91,Clocks and watches and parts thereof,8284990.0
2010,Importacion,92,Musical instruments; parts and accessories of such articles,4467949.0
2010,Importacion,93,Arms and ammunition; parts and accessories thereof,3018067.0
2010,Importacion,94,"Furniture; bedding, mattresses, mattress supports, cushions and similar stuffed furnishings; lamps and lighting fittings, n.e.c.; illuminated signs, illuminated name-plates and the like; prefabricated buildings",112053713.0
2010,Importacion,95,"Toys, games and sports requisites; parts and accessories thereof",61642340.0
2010,Importacion,96,Miscellaneous manufactured articles,36614913.0
2010,Importacion,97,Works of art; collectors' pieces and antiques,435973.0
2010,Importacion,99,Commodities not specified according to kind,390874692.0
2010,Importacion,85,"Electrical machinery and equipment and parts thereof; sound recorders and reproducers; television image and sound recorders and reproducers, parts and accessories of such articles",2683310765.0
2011,Exportacion,08,"Fruit and nuts, edible; peel of citrus fruit or melons",1571657320.0
2011,Exportacion,09,"Coffee, tea, mate and spices",382909176.0
2011,Exportacion,10,Cereals,1219205.0
2011,Exportacion,11,"Products of the milling industry; malt, starches, inulin, wheat gluten",21875266.0
2011,Exportacion,12,"Oil seeds and oleaginous fruits; miscellaneous grains, seeds and fruit, industrial or medicinal plants; straw and fodder",35190524.0
2011,Exportacion,01,Animals; live,6945164.0
2011,Exportacion,02,Meat and edible meat offal,56997443.0
2011,Exportacion,03,"Fish and crustaceans, molluscs and other aquatic invertebrates",98403227.0
2011,Exportacion,04,"Dairy produce; birds' eggs; natural honey; edible products of animal origin, not elsewhere specified or included",91796443.0
2011,Exportacion,05,Animal originated products; not elsewhere specified or included,4118763.0
2011,Exportacion,06,"Trees and other plants, live; bulbs, roots and the like; cut flowers and ornamental foliage",168981946.0
2011,Exportacion,07,Vegetables and certain roots and tubers; edible,129421980.0
2011,Exportacion,13,"Lac; gums, resins and other vegetable saps and extracts",2212461.0
2011,Exportacion,14,Vegetable plaiting materials; vegetable products not elsewhere specified or included,193885.0
2011,Exportacion,15,"Animal, vegetable or microbial fats and oils and their cleavage products; prepared edible fats; animal or vegetable waxes",249555730.0
2011,Exportacion,16,"Meat, fish, crustaceans, molluscs or other aquatic invertebrates, or insects; preparations thereof",48971983.0
2011,Exportacion,17,Sugars and sugar confectionery,82753008.0
2011,Exportacion,18,Cocoa and cocoa preparations,8466727.0
2011,Exportacion,19,"Preparations of cereals, flour, starch or milk; pastrycooks' products",85652638.0
2011,Exportacion,21,Miscellaneous edible preparations,381419252.0
2011,Exportacion,22,"Beverages, spirits and vinegar",63820441.0
2011,Exportacion,23,"Food industries, residues and wastes thereof; prepared animal fodder",37272275.0
2011,Exportacion,24,"Tobacco and manufactured tobacco substitutes; products, whether or not containing nicotine, intended for inhalation without combustion; other nicotine containing products intended for the intake of nicotine into the human body",2471650.0
2011,Exportacion,25,"Salt; sulphur; earths, stone; plastering materials, lime and cement",33127047.0
2011,Exportacion,26,"Ores, slag and ash",3641.0
2011,Exportacion,27,"Mineral fuels, mineral oils and products of their distillation; bituminous substances; mineral waxes",33261063.0
2011,Exportacion,29,Organic chemicals,5257695.0
2011,Exportacion,20,"Preparations of vegetables, fruit, nuts or other parts of plants",255521443.0
2011,Exportacion,30,Pharmaceutical products,324108421.0
2011,Exportacion,31,Fertilizers,36323697.0
2011,Exportacion,32,"Tanning or dyeing extracts; tannins and their derivatives; dyes, pigments and other colouring matter; paints, varnishes; putty, other mastics; inks",57914734.0
2011,Exportacion,28,"Inorganic chemicals; organic and inorganic compounds of precious metals; of rare earth metals, of radio-active elements and of isotopes",9309630.0
2011,Exportacion,41,Raw hides and skins (other than furskins) and leather,27371065.0
2011,Exportacion,33,"Essential oils and resinoids; perfumery, cosmetic or toilet preparations",17523255.0
2011,Exportacion,42,"Articles of leather; saddlery and harness; travel goods, handbags and similar containers; articles of animal gut (other than silk-worm gut)",7312259.0
2011,Exportacion,34,"Soap, organic surface-active agents; washing, lubricating, polishing or scouring preparations; artificial or prepared waxes, candles and similar articles, modelling pastes, dental waxes and dental preparations with a basis of plaster",39753835.0
2011,Exportacion,35,Albuminoidal substances; modified starches; glues; enzymes,17936045.0
2011,Exportacion,36,Explosives; pyrotechnic products; matches; pyrophoric alloys; certain combustible preparations,8400221.0
2011,Exportacion,37,Photographic or cinematographic goods,582307.0
2011,Exportacion,38,Chemical products n.e.c.,122789096.0
2011,Exportacion,39,Plastics and articles thereof,323217094.0
2011,Exportacion,40,Rubber and articles thereof,240343630.0
2011,Exportacion,43,Furskins and artificial fur; manufactures thereof,38917.0
2011,Exportacion,44,Wood and articles of wood; wood charcoal,73551759.0
2011,Exportacion,45,Cork and articles of cork,84.0
2011,Exportacion,46,"Manufactures of straw, esparto or other plaiting materials; basketware and wickerwork",21777.0
2011,Exportacion,47,Pulp of wood or other fibrous cellulosic material; recovered (waste and scrap) paper or paperboard,15233758.0
2011,Exportacion,48,"Paper and paperboard; articles of paper pulp, of paper or paperboard",207040973.0
2011,Exportacion,49,"Printed books, newspapers, pictures and other products of the printing industry; manuscripts, typescripts and plans",18468125.0
2011,Exportacion,51,"Wool, fine or coarse animal hair; horsehair yarn and woven fabric",10.0
2011,Exportacion,52,Cotton,753228.0
2011,Exportacion,53,Vegetable textile fibres; paper yarn and woven fabrics of paper yarn,10646.0
2011,Exportacion,54,Man-made filaments; strip and the like of man-made textile materials,18651476.0
2011,Exportacion,55,Man-made staple fibres,1491139.0
2011,Exportacion,56,"Wadding, felt and nonwovens, special yarns; twine, cordage, ropes and cables and articles thereof",16934286.0
2011,Exportacion,67,"Feathers and down, prepared; and articles made of feather or of down; artificial flowers; articles of human hair",48629.0
2011,Exportacion,57,Carpets and other textile floor coverings,30425.0
2011,Exportacion,58,"Fabrics; special woven fabrics, tufted textile fabrics, lace, tapestries, trimmings, embroidery",1923947.0
2011,Exportacion,59,"Textile fabrics; impregnated, coated, covered or laminated; textile articles of a kind suitable for industrial use",3273932.0
2011,Exportacion,60,Fabrics; knitted or crocheted,1429949.0
2011,Exportacion,61,Apparel and clothing accessories; knitted or crocheted,43614470.0
2011,Exportacion,62,Apparel and clothing accessories; not knitted or crocheted,127338304.0
2011,Exportacion,63,"Textiles, made up articles; sets; worn clothing and worn textile articles; rags",5200345.0
2011,Exportacion,64,Footwear; gaiters and the like; parts of such articles,1327387.0
2011,Exportacion,65,Headgear and parts thereof,259381.0
2011,Exportacion,66,"Umbrellas, sun umbrellas, walking-sticks, seat sticks, whips, riding crops; and parts thereof",58737.0
2011,Exportacion,68,"Stone, plaster, cement, asbestos, mica or similar materials; articles thereof",16750192.0
2011,Exportacion,69,Ceramic products,11066710.0
2011,Exportacion,70,Glass and glassware,73711197.0
2011,Exportacion,71,"Natural, cultured pearls; precious, semi-precious stones; precious metals, metals clad with precious metal, and articles thereof; imitation jewellery; coin",89279842.0
2011,Exportacion,72,Iron and steel,146020843.0
2011,Exportacion,73,Iron or steel articles,109806034.0
2011,Exportacion,74,Copper and articles thereof,27232067.0
2011,Exportacion,75,Nickel and articles thereof,4673.0
2011,Exportacion,76,Aluminium and articles thereof,85093895.0
2011,Exportacion,78,Lead and articles thereof,4035955.0
2011,Exportacion,79,Zinc and articles thereof,1149898.0
2011,Exportacion,80,Tin; articles thereof,32118.0
2011,Exportacion,81,"Metals; n.e.c., cermets and articles thereof",390165.0
2011,Exportacion,82,"Tools, implements, cutlery, spoons and forks, of base metal; parts thereof, of base metal",2164608.0
2011,Exportacion,83,Metal; miscellaneous products of base metal,28469101.0
2011,Exportacion,84,"Machinery and mechanical appliances, boilers, nuclear reactors; parts thereof",172247680.0
2011,Exportacion,85,"Electrical machinery and equipment and parts thereof; sound recorders and reproducers; television image and sound recorders and reproducers, parts and accessories of such articles",2479941350.0
2011,Exportacion,86,"Railway, tramway locomotives, rolling-stock and parts thereof; railway or tramway track fixtures and fittings and parts thereof; mechanical (including electro-mechanical) traffic signalling equipment of all kinds",13109692.0
2011,Exportacion,87,"Vehicles; other than railway or tramway rolling stock, and parts and accessories thereof",51438854.0
2011,Exportacion,88,"Aircraft, spacecraft, and parts thereof",8342119.0
2011,Exportacion,89,"Ships, boats and floating structures",1978760.0
2011,Exportacion,90,"Optical, photographic, cinematographic, measuring, checking, medical or surgical instruments and apparatus; parts and accessories",1197690656.0
2011,Exportacion,91,Clocks and watches and parts thereof,149857.0
2011,Exportacion,92,Musical instruments; parts and accessories of such articles,178502.0
2011,Exportacion,93,Arms and ammunition; parts and accessories thereof,336.0
2011,Exportacion,94,"Furniture; bedding, mattresses, mattress supports, cushions and similar stuffed furnishings; lamps and lighting fittings, n.e.c.; illuminated signs, illuminated name-plates and the like; prefabricated buildings",41038638.0
2011,Exportacion,95,"Toys, games and sports requisites; parts and accessories thereof",20606744.0
2011,Exportacion,96,Miscellaneous manufactured articles,10930859.0
2011,Exportacion,97,Works of art; collectors' pieces and antiques,315315.0
2011,Importacion,11,"Products of the milling industry; malt, starches, inulin, wheat gluten",56785560.0
2011,Importacion,09,"Coffee, tea, mate and spices",42237912.0
2011,Importacion,08,"Fruit and nuts, edible; peel of citrus fruit or melons",117912148.0
2011,Importacion,12,"Oil seeds and oleaginous fruits; miscellaneous grains, seeds and fruit, industrial or medicinal plants; straw and fodder",146170960.0
2011,Importacion,10,Cereals,316590106.0
2011,Importacion,16,"Meat, fish, crustaceans, molluscs or other aquatic invertebrates, or insects; preparations thereof",30750891.0
2011,Importacion,07,Vegetables and certain roots and tubers; edible,60456091.0
2011,Importacion,06,"Trees and other plants, live; bulbs, roots and the like; cut flowers and ornamental foliage",15113213.0
2011,Importacion,05,Animal originated products; not elsewhere specified or included,4260418.0
2011,Importacion,04,"Dairy produce; birds' eggs; natural honey; edible products of animal origin, not elsewhere specified or included",30900116.0
2011,Importacion,03,"Fish and crustaceans, molluscs and other aquatic invertebrates",52488884.0
2011,Importacion,02,Meat and edible meat offal,37715315.0
2011,Importacion,01,Animals; live,8565582.0
2011,Importacion,18,Cocoa and cocoa preparations,30663335.0
2011,Importacion,19,"Preparations of cereals, flour, starch or milk; pastrycooks' products",117027005.0
2011,Importacion,20,"Preparations of vegetables, fruit, nuts or other parts of plants",122304037.0
2011,Importacion,13,"Lac; gums, resins and other vegetable saps and extracts",6477921.0
2011,Importacion,14,Vegetable plaiting materials; vegetable products not elsewhere specified or included,353824.0
2011,Importacion,15,"Animal, vegetable or microbial fats and oils and their cleavage products; prepared edible fats; animal or vegetable waxes",63236519.0
2011,Importacion,21,Miscellaneous edible preparations,161387766.0
2011,Importacion,17,Sugars and sugar confectionery,33452834.0
2011,Importacion,22,"Beverages, spirits and vinegar",81795968.0
2011,Importacion,23,"Food industries, residues and wastes thereof; prepared animal fodder",92575584.0
2011,Importacion,24,"Tobacco and manufactured tobacco substitutes; products, whether or not containing nicotine, intended for inhalation without combustion; other nicotine containing products intended for the intake of nicotine into the human body",18533860.0
2011,Importacion,25,"Salt; sulphur; earths, stone; plastering materials, lime and cement",39690157.0
2011,Importacion,26,"Ores, slag and ash",316609.0
2011,Importacion,28,"Inorganic chemicals; organic and inorganic compounds of precious metals; of rare earth metals, of radio-active elements and of isotopes",94981905.0
2011,Importacion,27,"Mineral fuels, mineral oils and products of their distillation; bituminous substances; mineral waxes",2298759960.0
2011,Importacion,29,Organic chemicals,201020467.0
2011,Importacion,30,Pharmaceutical products,568612017.0
2011,Importacion,31,Fertilizers,242569210.0
2011,Importacion,32,"Tanning or dyeing extracts; tannins and their derivatives; dyes, pigments and other colouring matter; paints, varnishes; putty, other mastics; inks",90071781.0
2011,Importacion,33,"Essential oils and resinoids; perfumery, cosmetic or toilet preparations",166110815.0
2011,Importacion,34,"Soap, organic surface-active agents; washing, lubricating, polishing or scouring preparations; artificial or prepared waxes, candles and similar articles, modelling pastes, dental waxes and dental preparations with a basis of plaster",105982721.0
2011,Importacion,35,Albuminoidal substances; modified starches; glues; enzymes,41804780.0
2011,Importacion,36,Explosives; pyrotechnic products; matches; pyrophoric alloys; certain combustible preparations,3430262.0
2011,Importacion,37,Photographic or cinematographic goods,11764205.0
2011,Importacion,38,Chemical products n.e.c.,266038163.0
2011,Importacion,39,Plastics and articles thereof,1130182219.0
2011,Importacion,40,Rubber and articles thereof,249810545.0
2011,Importacion,41,Raw hides and skins (other than furskins) and leather,28042642.0
2011,Importacion,42,"Articles of leather; saddlery and harness; travel goods, handbags and similar containers; articles of animal gut (other than silk-worm gut)",31058285.0
2011,Importacion,43,Furskins and artificial fur; manufactures thereof,79250.0
2011,Importacion,44,Wood and articles of wood; wood charcoal,124291835.0
2011,Importacion,45,Cork and articles of cork,200031.0
2011,Importacion,46,"Manufactures of straw, esparto or other plaiting materials; basketware and wickerwork",671832.0
2011,Importacion,47,Pulp of wood or other fibrous cellulosic material; recovered (waste and scrap) paper or paperboard,19858546.0
2011,Importacion,48,"Paper and paperboard; articles of paper pulp, of paper or paperboard",609741118.0
2011,Importacion,49,"Printed books, newspapers, pictures and other products of the printing industry; manuscripts, typescripts and plans",98080087.0
2011,Importacion,50,Silk,105280.0
2011,Importacion,51,"Wool, fine or coarse animal hair; horsehair yarn and woven fabric",6590777.0
2011,Importacion,52,Cotton,55104539.0
2011,Importacion,61,Apparel and clothing accessories; knitted or crocheted,102936791.0
2011,Importacion,53,Vegetable textile fibres; paper yarn and woven fabrics of paper yarn,333847.0
2011,Importacion,54,Man-made filaments; strip and the like of man-made textile materials,54261311.0
2011,Importacion,55,Man-made staple fibres,25116549.0
2011,Importacion,56,"Wadding, felt and nonwovens, special yarns; twine, cordage, ropes and cables and articles thereof",61083982.0
2011,Importacion,57,Carpets and other textile floor coverings,6453444.0
2011,Importacion,58,"Fabrics; special woven fabrics, tufted textile fabrics, lace, tapestries, trimmings, embroidery",19133991.0
2011,Importacion,59,"Textile fabrics; impregnated, coated, covered or laminated; textile articles of a kind suitable for industrial use",22553672.0
2011,Importacion,60,Fabrics; knitted or crocheted,37088566.0
2011,Importacion,62,Apparel and clothing accessories; not knitted or crocheted,165572003.0
2011,Importacion,63,"Textiles, made up articles; sets; worn clothing and worn textile articles; rags",52770749.0
2011,Importacion,66,"Umbrellas, sun umbrellas, walking-sticks, seat sticks, whips, riding crops; and parts thereof",4816598.0
2011,Importacion,67,"Feathers and down, prepared; and articles made of feather or of down; artificial flowers; articles of human hair",1883840.0
2011,Importacion,68,"Stone, plaster, cement, asbestos, mica or similar materials; articles thereof",46880357.0
2011,Importacion,69,Ceramic products,73861223.0
2011,Importacion,70,Glass and glassware,83386811.0
2011,Importacion,71,"Natural, cultured pearls; precious, semi-precious stones; precious metals, metals clad with precious metal, and articles thereof; imitation jewellery; coin",46514571.0
2011,Importacion,72,Iron and steel,528431448.0
2011,Importacion,64,Footwear; gaiters and the like; parts of such articles,131301917.0
2011,Importacion,65,Headgear and parts thereof,5811687.0
2011,Importacion,73,Iron or steel articles,493265206.0
2011,Importacion,74,Copper and articles thereof,161581127.0
2011,Importacion,75,Nickel and articles thereof,1372306.0
2011,Importacion,76,Aluminium and articles thereof,138440838.0
2011,Importacion,78,Lead and articles thereof,614437.0
2011,Importacion,79,Zinc and articles thereof,15203134.0
2011,Importacion,80,Tin; articles thereof,337061.0
2011,Importacion,81,"Metals; n.e.c., cermets and articles thereof",27336528.0
2011,Importacion,82,"Tools, implements, cutlery, spoons and forks, of base metal; parts thereof, of base metal",68169955.0
2011,Importacion,83,Metal; miscellaneous products of base metal,86955259.0
2011,Importacion,87,"Vehicles; other than railway or tramway rolling stock, and parts and accessories thereof",1461435392.0
2011,Importacion,86,"Railway, tramway locomotives, rolling-stock and parts thereof; railway or tramway track fixtures and fittings and parts thereof; mechanical (including electro-mechanical) traffic signalling equipment of all kinds",46727737.0
2011,Importacion,88,"Aircraft, spacecraft, and parts thereof",16148665.0
2011,Importacion,89,"Ships, boats and floating structures",32061636.0
2011,Importacion,90,"Optical, photographic, cinematographic, measuring, checking, medical or surgical instruments and apparatus; parts and accessories",499033656.0
2011,Importacion,91,Clocks and watches and parts thereof,10109035.0
2011,Importacion,92,Musical instruments; parts and accessories of such articles,28231676.0
2011,Importacion,93,Arms and ammunition; parts and accessories thereof,5873235.0
2011,Importacion,94,"Furniture; bedding, mattresses, mattress supports, cushions and similar stuffed furnishings; lamps and lighting fittings, n.e.c.; illuminated signs, illuminated name-plates and the like; prefabricated buildings",158748769.0
2011,Importacion,95,"Toys, games and sports requisites; parts and accessories thereof",158485559.0
2011,Importacion,96,Miscellaneous manufactured articles,40034302.0
2011,Importacion,97,Works of art; collectors' pieces and antiques,9574505.0
2011,Importacion,99,Commodities not specified according to kind,1.0
2011,Importacion,84,"Machinery and mechanical appliances, boilers, nuclear reactors; parts thereof",1687461629.0
2011,Importacion,85,"Electrical machinery and equipment and parts thereof; sound recorders and reproducers; television image and sound recorders and reproducers, parts and accessories of such articles",3513684079.0
2012,Exportacion,85,"Electrical machinery and equipment and parts thereof; sound recorders and reproducers; television image and sound recorders and reproducers, parts and accessories of such articles",2809707712.0
2012,Exportacion,13,"Lac; gums, resins and other vegetable saps and extracts",1978634.0
2012,Exportacion,04,"Dairy produce; birds' eggs; natural honey; edible products of animal origin, not elsewhere specified or included",118521023.0
2012,Exportacion,05,Animal originated products; not elsewhere specified or included,10554349.0
2012,Exportacion,06,"Trees and other plants, live; bulbs, roots and the like; cut flowers and ornamental foliage",163566577.0
2012,Exportacion,07,Vegetables and certain roots and tubers; edible,126711488.0
2012,Exportacion,08,"Fruit and nuts, edible; peel of citrus fruit or melons",1636434348.0
2012,Exportacion,09,"Coffee, tea, mate and spices",428344587.0
2012,Exportacion,10,Cereals,1397894.0
2012,Exportacion,01,Animals; live,5741082.0
2012,Exportacion,02,Meat and edible meat offal,60622498.0
2012,Exportacion,12,"Oil seeds and oleaginous fruits; miscellaneous grains, seeds and fruit, industrial or medicinal plants; straw and fodder",41571823.0
2012,Exportacion,03,"Fish and crustaceans, molluscs and other aquatic invertebrates",145739953.0
2012,Exportacion,14,Vegetable plaiting materials; vegetable products not elsewhere specified or included,236284.0
2012,Exportacion,15,"Animal, vegetable or microbial fats and oils and their cleavage products; prepared edible fats; animal or vegetable waxes",237046139.0
2012,Exportacion,16,"Meat, fish, crustaceans, molluscs or other aquatic invertebrates, or insects; preparations thereof",47361572.0
2012,Exportacion,17,Sugars and sugar confectionery,81526551.0
2012,Exportacion,18,Cocoa and cocoa preparations,8809035.0
2012,Exportacion,19,"Preparations of cereals, flour, starch or milk; pastrycooks' products",93800048.0
2012,Exportacion,20,"Preparations of vegetables, fruit, nuts or other parts of plants",282644662.0
2012,Exportacion,21,Miscellaneous edible preparations,394040051.0
2012,Exportacion,22,"Beverages, spirits and vinegar",85979205.0
2012,Exportacion,23,"Food industries, residues and wastes thereof; prepared animal fodder",46084438.0
2012,Exportacion,24,"Tobacco and manufactured tobacco substitutes; products, whether or not containing nicotine, intended for inhalation without combustion; other nicotine containing products intended for the intake of nicotine into the human body",3061233.0
2012,Exportacion,25,"Salt; sulphur; earths, stone; plastering materials, lime and cement",34872303.0
2012,Exportacion,11,"Products of the milling industry; malt, starches, inulin, wheat gluten",14830331.0
2012,Exportacion,26,"Ores, slag and ash",119095.0
2012,Exportacion,27,"Mineral fuels, mineral oils and products of their distillation; bituminous substances; mineral waxes",4743440.0
2012,Exportacion,28,"Inorganic chemicals; organic and inorganic compounds of precious metals; of rare earth metals, of radio-active elements and of isotopes",10836121.0
2012,Exportacion,29,Organic chemicals,7242491.0
2012,Exportacion,31,Fertilizers,50314438.0
2012,Exportacion,32,"Tanning or dyeing extracts; tannins and their derivatives; dyes, pigments and other colouring matter; paints, varnishes; putty, other mastics; inks",63650151.0
2012,Exportacion,33,"Essential oils and resinoids; perfumery, cosmetic or toilet preparations",19355418.0
2012,Exportacion,34,"Soap, organic surface-active agents; washing, lubricating, polishing or scouring preparations; artificial or prepared waxes, candles and similar articles, modelling pastes, dental waxes and dental preparations with a basis of plaster",39186648.0
2012,Exportacion,35,Albuminoidal substances; modified starches; glues; enzymes,18342378.0
2012,Exportacion,36,Explosives; pyrotechnic products; matches; pyrophoric alloys; certain combustible preparations,10297425.0
2012,Exportacion,37,Photographic or cinematographic goods,238974.0
2012,Exportacion,38,Chemical products n.e.c.,123654812.0
2012,Exportacion,39,Plastics and articles thereof,373087050.0
2012,Exportacion,30,Pharmaceutical products,224387394.0
2012,Exportacion,40,Rubber and articles thereof,223359462.0
2012,Exportacion,41,Raw hides and skins (other than furskins) and leather,19692517.0
2012,Exportacion,42,"Articles of leather; saddlery and harness; travel goods, handbags and similar containers; articles of animal gut (other than silk-worm gut)",4239039.0
2012,Exportacion,43,Furskins and artificial fur; manufactures thereof,3869.0
2012,Exportacion,44,Wood and articles of wood; wood charcoal,86797501.0
2012,Exportacion,61,Apparel and clothing accessories; knitted or crocheted,78462886.0
2012,Exportacion,45,Cork and articles of cork,27.0
2012,Exportacion,46,"Manufactures of straw, esparto or other plaiting materials; basketware and wickerwork",10243.0
2012,Exportacion,47,Pulp of wood or other fibrous cellulosic material; recovered (waste and scrap) paper or paperboard,14116196.0
2012,Exportacion,48,"Paper and paperboard; articles of paper pulp, of paper or paperboard",91705333.0
2012,Exportacion,51,"Wool, fine or coarse animal hair; horsehair yarn and woven fabric",4.0
2012,Exportacion,52,Cotton,802538.0
2012,Exportacion,53,Vegetable textile fibres; paper yarn and woven fabrics of paper yarn,13161.0
2012,Exportacion,54,Man-made filaments; strip and the like of man-made textile materials,40612456.0
2012,Exportacion,55,Man-made staple fibres,2651012.0
2012,Exportacion,56,"Wadding, felt and nonwovens, special yarns; twine, cordage, ropes and cables and articles thereof",9835806.0
2012,Exportacion,57,Carpets and other textile floor coverings,121616.0
2012,Exportacion,58,"Fabrics; special woven fabrics, tufted textile fabrics, lace, tapestries, trimmings, embroidery",2196677.0
2012,Exportacion,59,"Textile fabrics; impregnated, coated, covered or laminated; textile articles of a kind suitable for industrial use",6769155.0
2012,Exportacion,60,Fabrics; knitted or crocheted,654691.0
2012,Exportacion,62,Apparel and clothing accessories; not knitted or crocheted,113143922.0
2012,Exportacion,49,"Printed books, newspapers, pictures and other products of the printing industry; manuscripts, typescripts and plans",55626118.0
2012,Exportacion,63,"Textiles, made up articles; sets; worn clothing and worn textile articles; rags",13798703.0
2012,Exportacion,64,Footwear; gaiters and the like; parts of such articles,1129005.0
2012,Exportacion,65,Headgear and parts thereof,294066.0
2012,Exportacion,66,"Umbrellas, sun umbrellas, walking-sticks, seat sticks, whips, riding crops; and parts thereof",40930.0
2012,Exportacion,67,"Feathers and down, prepared; and articles made of feather or of down; artificial flowers; articles of human hair",95404.0
2012,Exportacion,68,"Stone, plaster, cement, asbestos, mica or similar materials; articles thereof",54746076.0
2012,Exportacion,69,Ceramic products,13381941.0
2012,Exportacion,70,Glass and glassware,96329276.0
2012,Exportacion,71,"Natural, cultured pearls; precious, semi-precious stones; precious metals, metals clad with precious metal, and articles thereof; imitation jewellery; coin",90628797.0
2012,Exportacion,73,Iron or steel articles,118540783.0
2012,Exportacion,74,Copper and articles thereof,28723614.0
2012,Exportacion,72,Iron and steel,265373799.0
2012,Exportacion,80,Tin; articles thereof,147.0
2012,Exportacion,81,"Metals; n.e.c., cermets and articles thereof",1090023.0
2012,Exportacion,82,"Tools, implements, cutlery, spoons and forks, of base metal; parts thereof, of base metal",6023867.0
2012,Exportacion,83,Metal; miscellaneous products of base metal,29460884.0
2012,Exportacion,84,"Machinery and mechanical appliances, boilers, nuclear reactors; parts thereof",177657725.0
2012,Exportacion,75,Nickel and articles thereof,2104866.0
2012,Exportacion,76,Aluminium and articles thereof,80259730.0
2012,Exportacion,78,Lead and articles thereof,5740183.0
2012,Exportacion,79,Zinc and articles thereof,1265136.0
2012,Exportacion,86,"Railway, tramway locomotives, rolling-stock and parts thereof; railway or tramway track fixtures and fittings and parts thereof; mechanical (including electro-mechanical) traffic signalling equipment of all kinds",29058788.0
2012,Exportacion,87,"Vehicles; other than railway or tramway rolling stock, and parts and accessories thereof",86042819.0
2012,Exportacion,88,"Aircraft, spacecraft, and parts thereof",5328329.0
2012,Exportacion,90,"Optical, photographic, cinematographic, measuring, checking, medical or surgical instruments and apparatus; parts and accessories",1364413767.0
2012,Exportacion,91,Clocks and watches and parts thereof,139738.0
2012,Exportacion,92,Musical instruments; parts and accessories of such articles,166450.0
2012,Exportacion,96,Miscellaneous manufactured articles,129819190.0
2012,Exportacion,89,"Ships, boats and floating structures",1600959.0
2012,Exportacion,93,Arms and ammunition; parts and accessories thereof,1015.0
2012,Exportacion,94,"Furniture; bedding, mattresses, mattress supports, cushions and similar stuffed furnishings; lamps and lighting fittings, n.e.c.; illuminated signs, illuminated name-plates and the like; prefabricated buildings",42898093.0
2012,Exportacion,95,"Toys, games and sports requisites; parts and accessories thereof",26925759.0
2012,Exportacion,97,Works of art; collectors' pieces and antiques,270145.0
2012,Exportacion,99,Commodities not specified according to kind,1.0
2012,Importacion,10,Cereals,325249251.0
2012,Importacion,09,"Coffee, tea, mate and spices",18222312.0
2012,Importacion,08,"Fruit and nuts, edible; peel of citrus fruit or melons",90443213.0
2012,Importacion,07,Vegetables and certain roots and tubers; edible,55704057.0
2012,Importacion,06,"Trees and other plants, live; bulbs, roots and the like; cut flowers and ornamental foliage",13651948.0
2012,Importacion,05,Animal originated products; not elsewhere specified or included,2248378.0
2012,Importacion,04,"Dairy produce; birds' eggs; natural honey; edible products of animal origin, not elsewhere specified or included",37339240.0
2012,Importacion,20,"Preparations of vegetables, fruit, nuts or other parts of plants",128296300.0
2012,Importacion,11,"Products of the milling industry; malt, starches, inulin, wheat gluten",46916645.0
2012,Importacion,12,"Oil seeds and oleaginous fruits; miscellaneous grains, seeds and fruit, industrial or medicinal plants; straw and fodder",194205680.0
2012,Importacion,19,"Preparations of cereals, flour, starch or milk; pastrycooks' products",127293370.0
2012,Importacion,03,"Fish and crustaceans, molluscs and other aquatic invertebrates",47860777.0
2012,Importacion,02,Meat and edible meat offal,48482990.0
2012,Importacion,01,Animals; live,7125556.0
2012,Importacion,21,Miscellaneous edible preparations,149425244.0
2012,Importacion,22,"Beverages, spirits and vinegar",121447645.0
2012,Importacion,23,"Food industries, residues and wastes thereof; prepared animal fodder",196402601.0
2012,Importacion,13,"Lac; gums, resins and other vegetable saps and extracts",7132201.0
2012,Importacion,14,Vegetable plaiting materials; vegetable products not elsewhere specified or included,447856.0
2012,Importacion,15,"Animal, vegetable or microbial fats and oils and their cleavage products; prepared edible fats; animal or vegetable waxes",57420863.0
2012,Importacion,16,"Meat, fish, crustaceans, molluscs or other aquatic invertebrates, or insects; preparations thereof",282524819.0
2012,Importacion,17,Sugars and sugar confectionery,36433896.0
2012,Importacion,18,Cocoa and cocoa preparations,30566800.0
2012,Importacion,24,"Tobacco and manufactured tobacco substitutes; products, whether or not containing nicotine, intended for inhalation without combustion; other nicotine containing products intended for the intake of nicotine into the human body",27555683.0
2012,Importacion,25,"Salt; sulphur; earths, stone; plastering materials, lime and cement",31806907.0
2012,Importacion,27,"Mineral fuels, mineral oils and products of their distillation; bituminous substances; mineral waxes",2325792018.0
2012,Importacion,28,"Inorganic chemicals; organic and inorganic compounds of precious metals; of rare earth metals, of radio-active elements and of isotopes",111702852.0
2012,Importacion,29,Organic chemicals,200219089.0
2012,Importacion,26,"Ores, slag and ash",636645.0
2012,Importacion,30,Pharmaceutical products,546414609.0
2012,Importacion,31,Fertilizers,232585990.0
2012,Importacion,32,"Tanning or dyeing extracts; tannins and their derivatives; dyes, pigments and other colouring matter; paints, varnishes; putty, other mastics; inks",97316387.0
2012,Importacion,33,"Essential oils and resinoids; perfumery, cosmetic or toilet preparations",196171091.0
2012,Importacion,34,"Soap, organic surface-active agents; washing, lubricating, polishing or scouring preparations; artificial or prepared waxes, candles and similar articles, modelling pastes, dental waxes and dental preparations with a basis of plaster",107260041.0
2012,Importacion,35,Albuminoidal substances; modified starches; glues; enzymes,57773021.0
2012,Importacion,36,Explosives; pyrotechnic products; matches; pyrophoric alloys; certain combustible preparations,3790246.0
2012,Importacion,37,Photographic or cinematographic goods,11845649.0
2012,Importacion,38,Chemical products n.e.c.,296018500.0
2012,Importacion,42,"Articles of leather; saddlery and harness; travel goods, handbags and similar containers; articles of animal gut (other than silk-worm gut)",36081662.0
2012,Importacion,43,Furskins and artificial fur; manufactures thereof,48612.0
2012,Importacion,44,Wood and articles of wood; wood charcoal,79957561.0
2012,Importacion,47,Pulp of wood or other fibrous cellulosic material; recovered (waste and scrap) paper or paperboard,15014785.0
2012,Importacion,53,Vegetable textile fibres; paper yarn and woven fabrics of paper yarn,407384.0
2012,Importacion,48,"Paper and paperboard; articles of paper pulp, of paper or paperboard",560231147.0
2012,Importacion,40,Rubber and articles thereof,247780673.0
2012,Importacion,41,Raw hides and skins (other than furskins) and leather,8697471.0
2012,Importacion,49,"Printed books, newspapers, pictures and other products of the printing industry; manuscripts, typescripts and plans",115579351.0
2012,Importacion,56,"Wadding, felt and nonwovens, special yarns; twine, cordage, ropes and cables and articles thereof",59423599.0
2012,Importacion,50,Silk,37137.0
2012,Importacion,51,"Wool, fine or coarse animal hair; horsehair yarn and woven fabric",5700690.0
2012,Importacion,52,Cotton,46340417.0
2012,Importacion,45,Cork and articles of cork,194079.0
2012,Importacion,46,"Manufactures of straw, esparto or other plaiting materials; basketware and wickerwork",839456.0
2012,Importacion,54,Man-made filaments; strip and the like of man-made textile materials,46677026.0
2012,Importacion,55,Man-made staple fibres,24510097.0
2012,Importacion,57,Carpets and other textile floor coverings,6605552.0
2012,Importacion,58,"Fabrics; special woven fabrics, tufted textile fabrics, lace, tapestries, trimmings, embroidery",18863054.0
2012,Importacion,59,"Textile fabrics; impregnated, coated, covered or laminated; textile articles of a kind suitable for industrial use",21561398.0
2012,Importacion,60,Fabrics; knitted or crocheted,12663293.0
2012,Importacion,67,"Feathers and down, prepared; and articles made of feather or of down; artificial flowers; articles of human hair",2021940.0
2012,Importacion,62,Apparel and clothing accessories; not knitted or crocheted,160070668.0
2012,Importacion,63,"Textiles, made up articles; sets; worn clothing and worn textile articles; rags",101716706.0
2012,Importacion,64,Footwear; gaiters and the like; parts of such articles,141436818.0
2012,Importacion,65,Headgear and parts thereof,7120753.0
2012,Importacion,66,"Umbrellas, sun umbrellas, walking-sticks, seat sticks, whips, riding crops; and parts thereof",4800649.0
2012,Importacion,61,Apparel and clothing accessories; knitted or crocheted,122850873.0
2012,Importacion,69,Ceramic products,83836357.0
2012,Importacion,70,Glass and glassware,54556659.0
2012,Importacion,71,"Natural, cultured pearls; precious, semi-precious stones; precious metals, metals clad with precious metal, and articles thereof; imitation jewellery; coin",53383460.0
2012,Importacion,72,Iron and steel,582067674.0
2012,Importacion,68,"Stone, plaster, cement, asbestos, mica or similar materials; articles thereof",53851758.0
2012,Importacion,74,Copper and articles thereof,178912531.0
2012,Importacion,75,Nickel and articles thereof,2189057.0
2012,Importacion,76,Aluminium and articles thereof,130053286.0
2012,Importacion,73,Iron or steel articles,418462667.0
2012,Importacion,78,Lead and articles thereof,621076.0
2012,Importacion,79,Zinc and articles thereof,14851421.0
2012,Importacion,80,Tin; articles thereof,640063.0
2012,Importacion,81,"Metals; n.e.c., cermets and articles thereof",23183528.0
2012,Importacion,82,"Tools, implements, cutlery, spoons and forks, of base metal; parts thereof, of base metal",77310044.0
2012,Importacion,83,Metal; miscellaneous products of base metal,83764375.0
2012,Importacion,86,"Railway, tramway locomotives, rolling-stock and parts thereof; railway or tramway track fixtures and fittings and parts thereof; mechanical (including electro-mechanical) traffic signalling equipment of all kinds",144714067.0
2012,Importacion,87,"Vehicles; other than railway or tramway rolling stock, and parts and accessories thereof",1046062468.0
2012,Importacion,88,"Aircraft, spacecraft, and parts thereof",15885172.0
2012,Importacion,89,"Ships, boats and floating structures",195933069.0
2012,Importacion,90,"Optical, photographic, cinematographic, measuring, checking, medical or surgical instruments and apparatus; parts and accessories",617315074.0
2012,Importacion,92,Musical instruments; parts and accessories of such articles,6566002.0
2012,Importacion,93,Arms and ammunition; parts and accessories thereof,4879445.0
2012,Importacion,94,"Furniture; bedding, mattresses, mattress supports, cushions and similar stuffed furnishings; lamps and lighting fittings, n.e.c.; illuminated signs, illuminated name-plates and the like; prefabricated buildings",163782818.0
2012,Importacion,95,"Toys, games and sports requisites; parts and accessories thereof",91787678.0
2012,Importacion,96,Miscellaneous manufactured articles,69324138.0
2012,Importacion,97,Works of art; collectors' pieces and antiques,3901023.0
2012,Importacion,99,Commodities not specified according to kind,1.0
2012,Importacion,91,Clocks and watches and parts thereof,11837443.0
2012,Importacion,39,Plastics and articles thereof,1009217318.0
2012,Importacion,84,"Machinery and mechanical appliances, boilers, nuclear reactors; parts thereof",1358674760.0
2012,Importacion,85,"Electrical machinery and equipment and parts thereof; sound recorders and reproducers; television image and sound recorders and reproducers, parts and accessories of such articles",3739465138.0
2013,Exportacion,85,"Electrical machinery and equipment and parts thereof; sound recorders and reproducers; television image and sound recorders and reproducers, parts and accessories of such articles",3113964980.0
2013,Exportacion,07,Vegetables and certain roots and tubers; edible,141273172.0
2013,Exportacion,08,"Fruit and nuts, edible; peel of citrus fruit or melons",1741626612.0
2013,Exportacion,09,"Coffee, tea, mate and spices",313204193.0
2013,Exportacion,01,Animals; live,4039158.0
2013,Exportacion,02,Meat and edible meat offal,61925157.0
2013,Exportacion,03,"Fish and crustaceans, molluscs and other aquatic invertebrates",122308055.0
2013,Exportacion,10,Cereals,1759714.0
2013,Exportacion,11,"Products of the milling industry; malt, starches, inulin, wheat gluten",17235080.0
2013,Exportacion,12,"Oil seeds and oleaginous fruits; miscellaneous grains, seeds and fruit, industrial or medicinal plants; straw and fodder",35786525.0
2013,Exportacion,04,"Dairy produce; birds' eggs; natural honey; edible products of animal origin, not elsewhere specified or included",129056843.0
2013,Exportacion,05,Animal originated products; not elsewhere specified or included,4052817.0
2013,Exportacion,06,"Trees and other plants, live; bulbs, roots and the like; cut flowers and ornamental foliage",155250299.0
2013,Exportacion,13,"Lac; gums, resins and other vegetable saps and extracts",4286837.0
2013,Exportacion,14,Vegetable plaiting materials; vegetable products not elsewhere specified or included,35515.0
2013,Exportacion,15,"Animal, vegetable or microbial fats and oils and their cleavage products; prepared edible fats; animal or vegetable waxes",190640917.0
2013,Exportacion,16,"Meat, fish, crustaceans, molluscs or other aquatic invertebrates, or insects; preparations thereof",52280103.0
2013,Exportacion,17,Sugars and sugar confectionery,116513932.0
2013,Exportacion,18,Cocoa and cocoa preparations,9899549.0
2013,Exportacion,20,"Preparations of vegetables, fruit, nuts or other parts of plants",335171194.0
2013,Exportacion,21,Miscellaneous edible preparations,450138413.0
2013,Exportacion,22,"Beverages, spirits and vinegar",119084183.0
2013,Exportacion,23,"Food industries, residues and wastes thereof; prepared animal fodder",50040574.0
2013,Exportacion,24,"Tobacco and manufactured tobacco substitutes; products, whether or not containing nicotine, intended for inhalation without combustion; other nicotine containing products intended for the intake of nicotine into the human body",21488289.0
2013,Exportacion,25,"Salt; sulphur; earths, stone; plastering materials, lime and cement",32314069.0
2013,Exportacion,28,"Inorganic chemicals; organic and inorganic compounds of precious metals; of rare earth metals, of radio-active elements and of isotopes",13579866.0
2013,Exportacion,29,Organic chemicals,11439624.0
2013,Exportacion,19,"Preparations of cereals, flour, starch or milk; pastrycooks' products",100601674.0
2013,Exportacion,30,Pharmaceutical products,234995643.0
2013,Exportacion,26,"Ores, slag and ash",123407.0
2013,Exportacion,27,"Mineral fuels, mineral oils and products of their distillation; bituminous substances; mineral waxes",4157328.0
2013,Exportacion,31,Fertilizers,38329080.0
2013,Exportacion,32,"Tanning or dyeing extracts; tannins and their derivatives; dyes, pigments and other colouring matter; paints, varnishes; putty, other mastics; inks",62172725.0
2013,Exportacion,34,"Soap, organic surface-active agents; washing, lubricating, polishing or scouring preparations; artificial or prepared waxes, candles and similar articles, modelling pastes, dental waxes and dental preparations with a basis of plaster",41953937.0
2013,Exportacion,35,Albuminoidal substances; modified starches; glues; enzymes,12172555.0
2013,Exportacion,36,Explosives; pyrotechnic products; matches; pyrophoric alloys; certain combustible preparations,9395958.0
2013,Exportacion,37,Photographic or cinematographic goods,189897.0
2013,Exportacion,38,Chemical products n.e.c.,124774235.0
2013,Exportacion,39,Plastics and articles thereof,378261084.0
2013,Exportacion,33,"Essential oils and resinoids; perfumery, cosmetic or toilet preparations",20476402.0
2013,Exportacion,53,Vegetable textile fibres; paper yarn and woven fabrics of paper yarn,139524.0
2013,Exportacion,41,Raw hides and skins (other than furskins) and leather,18770222.0
2013,Exportacion,42,"Articles of leather; saddlery and harness; travel goods, handbags and similar containers; articles of animal gut (other than silk-worm gut)",5024161.0
2013,Exportacion,43,Furskins and artificial fur; manufactures thereof,2578.0
2013,Exportacion,44,Wood and articles of wood; wood charcoal,65186229.0
2013,Exportacion,45,Cork and articles of cork,977.0
2013,Exportacion,46,"Manufactures of straw, esparto or other plaiting materials; basketware and wickerwork",11511.0
2013,Exportacion,47,Pulp of wood or other fibrous cellulosic material; recovered (waste and scrap) paper or paperboard,14982872.0
2013,Exportacion,48,"Paper and paperboard; articles of paper pulp, of paper or paperboard",98607474.0
2013,Exportacion,40,Rubber and articles thereof,249530990.0
2013,Exportacion,54,Man-made filaments; strip and the like of man-made textile materials,21269926.0
2013,Exportacion,55,Man-made staple fibres,2362467.0
2013,Exportacion,56,"Wadding, felt and nonwovens, special yarns; twine, cordage, ropes and cables and articles thereof",8149691.0
2013,Exportacion,57,Carpets and other textile floor coverings,47125.0
2013,Exportacion,58,"Fabrics; special woven fabrics, tufted textile fabrics, lace, tapestries, trimmings, embroidery",2357754.0
2013,Exportacion,59,"Textile fabrics; impregnated, coated, covered or laminated; textile articles of a kind suitable for industrial use",3728285.0
2013,Exportacion,60,Fabrics; knitted or crocheted,631589.0
2013,Exportacion,61,Apparel and clothing accessories; knitted or crocheted,45827977.0
2013,Exportacion,62,Apparel and clothing accessories; not knitted or crocheted,81329077.0
2013,Exportacion,49,"Printed books, newspapers, pictures and other products of the printing industry; manuscripts, typescripts and plans",17611453.0
2013,Exportacion,51,"Wool, fine or coarse animal hair; horsehair yarn and woven fabric",567.0
2013,Exportacion,52,Cotton,327462.0
2013,Exportacion,63,"Textiles, made up articles; sets; worn clothing and worn textile articles; rags",4377696.0
2013,Exportacion,64,Footwear; gaiters and the like; parts of such articles,1115433.0
2013,Exportacion,65,Headgear and parts thereof,259099.0
2013,Exportacion,66,"Umbrellas, sun umbrellas, walking-sticks, seat sticks, whips, riding crops; and parts thereof",287625.0
2013,Exportacion,67,"Feathers and down, prepared; and articles made of feather or of down; artificial flowers; articles of human hair",115859.0
2013,Exportacion,68,"Stone, plaster, cement, asbestos, mica or similar materials; articles thereof",14374307.0
2013,Exportacion,70,Glass and glassware,89291319.0
2013,Exportacion,71,"Natural, cultured pearls; precious, semi-precious stones; precious metals, metals clad with precious metal, and articles thereof; imitation jewellery; coin",75202720.0
2013,Exportacion,72,Iron and steel,153029345.0
2013,Exportacion,73,Iron or steel articles,84579311.0
2013,Exportacion,69,Ceramic products,13447058.0
2013,Exportacion,74,Copper and articles thereof,30011400.0
2013,Exportacion,75,Nickel and articles thereof,1251683.0
2013,Exportacion,76,Aluminium and articles thereof,94267861.0
2013,Exportacion,78,Lead and articles thereof,7806828.0
2013,Exportacion,79,Zinc and articles thereof,1089133.0
2013,Exportacion,80,Tin; articles thereof,41382.0
2013,Exportacion,81,"Metals; n.e.c., cermets and articles thereof",1241354.0
2013,Exportacion,82,"Tools, implements, cutlery, spoons and forks, of base metal; parts thereof, of base metal",6711025.0
2013,Exportacion,83,Metal; miscellaneous products of base metal,26545220.0
2013,Exportacion,84,"Machinery and mechanical appliances, boilers, nuclear reactors; parts thereof",163292688.0
2013,Exportacion,86,"Railway, tramway locomotives, rolling-stock and parts thereof; railway or tramway track fixtures and fittings and parts thereof; mechanical (including electro-mechanical) traffic signalling equipment of all kinds",7069844.0
2013,Exportacion,87,"Vehicles; other than railway or tramway rolling stock, and parts and accessories thereof",54819056.0
2013,Exportacion,88,"Aircraft, spacecraft, and parts thereof",22757427.0
2013,Exportacion,89,"Ships, boats and floating structures",1043684.0
2013,Exportacion,90,"Optical, photographic, cinematographic, measuring, checking, medical or surgical instruments and apparatus; parts and accessories",1516811300.0
2013,Exportacion,91,Clocks and watches and parts thereof,171419.0
2013,Exportacion,92,Musical instruments; parts and accessories of such articles,107679.0
2013,Exportacion,93,Arms and ammunition; parts and accessories thereof,1650.0
2013,Exportacion,94,"Furniture; bedding, mattresses, mattress supports, cushions and similar stuffed furnishings; lamps and lighting fittings, n.e.c.; illuminated signs, illuminated name-plates and the like; prefabricated buildings",43009373.0
2013,Exportacion,95,"Toys, games and sports requisites; parts and accessories thereof",25041346.0
2013,Exportacion,96,Miscellaneous manufactured articles,120728870.0
2013,Exportacion,97,Works of art; collectors' pieces and antiques,264030.0
2013,Exportacion,99,Commodities not specified according to kind,1.0
2013,Importacion,04,"Dairy produce; birds' eggs; natural honey; edible products of animal origin, not elsewhere specified or included",40700816.0
2013,Importacion,08,"Fruit and nuts, edible; peel of citrus fruit or melons",86632293.0
2013,Importacion,07,Vegetables and certain roots and tubers; edible,49183667.0
2013,Importacion,06,"Trees and other plants, live; bulbs, roots and the like; cut flowers and ornamental foliage",13085634.0
2013,Importacion,05,Animal originated products; not elsewhere specified or included,2814862.0
2013,Importacion,03,"Fish and crustaceans, molluscs and other aquatic invertebrates",60379369.0
2013,Importacion,11,"Products of the milling industry; malt, starches, inulin, wheat gluten",49492907.0
2013,Importacion,10,Cereals,330896202.0
2013,Importacion,09,"Coffee, tea, mate and spices",13970246.0
2013,Importacion,12,"Oil seeds and oleaginous fruits; miscellaneous grains, seeds and fruit, industrial or medicinal plants; straw and fodder",167251262.0
2013,Importacion,13,"Lac; gums, resins and other vegetable saps and extracts",6649958.0
2013,Importacion,14,Vegetable plaiting materials; vegetable products not elsewhere specified or included,463683.0
2013,Importacion,15,"Animal, vegetable or microbial fats and oils and their cleavage products; prepared edible fats; animal or vegetable waxes",59165478.0
2013,Importacion,02,Meat and edible meat offal,55152339.0
2013,Importacion,01,Animals; live,14195204.0
2013,Importacion,21,Miscellaneous edible preparations,194089267.0
2013,Importacion,22,"Beverages, spirits and vinegar",129148271.0
2013,Importacion,23,"Food industries, residues and wastes thereof; prepared animal fodder",134601898.0
2013,Importacion,24,"Tobacco and manufactured tobacco substitutes; products, whether or not containing nicotine, intended for inhalation without combustion; other nicotine containing products intended for the intake of nicotine into the human body",38391546.0
2013,Importacion,25,"Salt; sulphur; earths, stone; plastering materials, lime and cement",42431107.0
2013,Importacion,16,"Meat, fish, crustaceans, molluscs or other aquatic invertebrates, or insects; preparations thereof",187051554.0
2013,Importacion,17,Sugars and sugar confectionery,43361871.0
2013,Importacion,18,Cocoa and cocoa preparations,31548940.0
2013,Importacion,19,"Preparations of cereals, flour, starch or milk; pastrycooks' products",138519447.0
2013,Importacion,26,"Ores, slag and ash",82918.0
2013,Importacion,20,"Preparations of vegetables, fruit, nuts or other parts of plants",125060445.0
2013,Importacion,28,"Inorganic chemicals; organic and inorganic compounds of precious metals; of rare earth metals, of radio-active elements and of isotopes",102922734.0
2013,Importacion,29,Organic chemicals,173714384.0
2013,Importacion,27,"Mineral fuels, mineral oils and products of their distillation; bituminous substances; mineral waxes",2310558242.0
2013,Importacion,30,Pharmaceutical products,582394379.0
2013,Importacion,34,"Soap, organic surface-active agents; washing, lubricating, polishing or scouring preparations; artificial or prepared waxes, candles and similar articles, modelling pastes, dental waxes and dental preparations with a basis of plaster",117761235.0
2013,Importacion,36,Explosives; pyrotechnic products; matches; pyrophoric alloys; certain combustible preparations,3416317.0
2013,Importacion,37,Photographic or cinematographic goods,10671482.0
2013,Importacion,38,Chemical products n.e.c.,292071491.0
2013,Importacion,31,Fertilizers,188797624.0
2013,Importacion,32,"Tanning or dyeing extracts; tannins and their derivatives; dyes, pigments and other colouring matter; paints, varnishes; putty, other mastics; inks",96161356.0
2013,Importacion,33,"Essential oils and resinoids; perfumery, cosmetic or toilet preparations",205418610.0
2013,Importacion,35,Albuminoidal substances; modified starches; glues; enzymes,48070225.0
2013,Importacion,40,Rubber and articles thereof,231873059.0
2013,Importacion,41,Raw hides and skins (other than furskins) and leather,7874572.0
2013,Importacion,39,Plastics and articles thereof,1072160770.0
2013,Importacion,52,Cotton,30665863.0
2013,Importacion,42,"Articles of leather; saddlery and harness; travel goods, handbags and similar containers; articles of animal gut (other than silk-worm gut)",37092028.0
2013,Importacion,43,Furskins and artificial fur; manufactures thereof,38070.0
2013,Importacion,44,Wood and articles of wood; wood charcoal,76876363.0
2013,Importacion,45,Cork and articles of cork,303608.0
2013,Importacion,46,"Manufactures of straw, esparto or other plaiting materials; basketware and wickerwork",290023.0
2013,Importacion,49,"Printed books, newspapers, pictures and other products of the printing industry; manuscripts, typescripts and plans",123802153.0
2013,Importacion,50,Silk,23657.0
2013,Importacion,51,"Wool, fine or coarse animal hair; horsehair yarn and woven fabric",5466548.0
2013,Importacion,54,Man-made filaments; strip and the like of man-made textile materials,44573227.0
2013,Importacion,47,Pulp of wood or other fibrous cellulosic material; recovered (waste and scrap) paper or paperboard,12945454.0
2013,Importacion,48,"Paper and paperboard; articles of paper pulp, of paper or paperboard",614305654.0
2013,Importacion,56,"Wadding, felt and nonwovens, special yarns; twine, cordage, ropes and cables and articles thereof",56000860.0
2013,Importacion,57,Carpets and other textile floor coverings,8517835.0
2013,Importacion,58,"Fabrics; special woven fabrics, tufted textile fabrics, lace, tapestries, trimmings, embroidery",15672496.0
2013,Importacion,59,"Textile fabrics; impregnated, coated, covered or laminated; textile articles of a kind suitable for industrial use",20827889.0
2013,Importacion,60,Fabrics; knitted or crocheted,12336207.0
2013,Importacion,53,Vegetable textile fibres; paper yarn and woven fabrics of paper yarn,341624.0
2013,Importacion,55,Man-made staple fibres,26282115.0
2013,Importacion,62,Apparel and clothing accessories; not knitted or crocheted,154988615.0
2013,Importacion,64,Footwear; gaiters and the like; parts of such articles,149862356.0
2013,Importacion,61,Apparel and clothing accessories; knitted or crocheted,126707895.0
2013,Importacion,66,"Umbrellas, sun umbrellas, walking-sticks, seat sticks, whips, riding crops; and parts thereof",3845930.0
2013,Importacion,67,"Feathers and down, prepared; and articles made of feather or of down; artificial flowers; articles of human hair",1683855.0
2013,Importacion,68,"Stone, plaster, cement, asbestos, mica or similar materials; articles thereof",54265990.0
2013,Importacion,69,Ceramic products,91241758.0
2013,Importacion,70,Glass and glassware,51731169.0
2013,Importacion,63,"Textiles, made up articles; sets; worn clothing and worn textile articles; rags",68121208.0
2013,Importacion,71,"Natural, cultured pearls; precious, semi-precious stones; precious metals, metals clad with precious metal, and articles thereof; imitation jewellery; coin",56145782.0
2013,Importacion,72,Iron and steel,460081157.0
2013,Importacion,65,Headgear and parts thereof,9345327.0
2013,Importacion,73,Iron or steel articles,430245059.0
2013,Importacion,74,Copper and articles thereof,170714286.0
2013,Importacion,75,Nickel and articles thereof,9586128.0
2013,Importacion,79,Zinc and articles thereof,13365130.0
2013,Importacion,80,Tin; articles thereof,488203.0
2013,Importacion,81,"Metals; n.e.c., cermets and articles thereof",22916266.0
2013,Importacion,82,"Tools, implements, cutlery, spoons and forks, of base metal; parts thereof, of base metal",78870405.0
2013,Importacion,83,Metal; miscellaneous products of base metal,91553326.0
2013,Importacion,76,Aluminium and articles thereof,128963795.0
2013,Importacion,78,Lead and articles thereof,884186.0
2013,Importacion,86,"Railway, tramway locomotives, rolling-stock and parts thereof; railway or tramway track fixtures and fittings and parts thereof; mechanical (including electro-mechanical) traffic signalling equipment of all kinds",229874392.0
2013,Importacion,89,"Ships, boats and floating structures",48801427.0
2013,Importacion,90,"Optical, photographic, cinematographic, measuring, checking, medical or surgical instruments and apparatus; parts and accessories",526698421.0
2013,Importacion,91,Clocks and watches and parts thereof,13558422.0
2013,Importacion,92,Musical instruments; parts and accessories of such articles,5978488.0
2013,Importacion,87,"Vehicles; other than railway or tramway rolling stock, and parts and accessories thereof",1009149623.0
2013,Importacion,94,"Furniture; bedding, mattresses, mattress supports, cushions and similar stuffed furnishings; lamps and lighting fittings, n.e.c.; illuminated signs, illuminated name-plates and the like; prefabricated buildings",167403988.0
2013,Importacion,88,"Aircraft, spacecraft, and parts thereof",24292690.0
2013,Importacion,95,"Toys, games and sports requisites; parts and accessories thereof",86641677.0
2013,Importacion,96,Miscellaneous manufactured articles,77285768.0
2013,Importacion,97,Works of art; collectors' pieces and antiques,3574572.0
2013,Importacion,93,Arms and ammunition; parts and accessories thereof,3162934.0
2013,Importacion,84,"Machinery and mechanical appliances, boilers, nuclear reactors; parts thereof",1411147031.0
2013,Importacion,85,"Electrical machinery and equipment and parts thereof; sound recorders and reproducers; television image and sound recorders and reproducers, parts and accessories of such articles",3796742654.0
2014,Exportacion,49,"Printed books, newspapers, pictures and other products of the printing industry; manuscripts, typescripts and plans",15545129.0
2014,Exportacion,12,"Oil seeds and oleaginous fruits; miscellaneous grains, seeds and fruit, industrial or medicinal plants; straw and fodder",24578069.0
2014,Exportacion,03,"Fish and crustaceans, molluscs and other aquatic invertebrates",113771260.0
2014,Exportacion,04,"Dairy produce; birds' eggs; natural honey; edible products of animal origin, not elsewhere specified or included",152060832.0
2014,Exportacion,05,Animal originated products; not elsewhere specified or included,4034133.0
2014,Exportacion,06,"Trees and other plants, live; bulbs, roots and the like; cut flowers and ornamental foliage",150721062.0
2014,Exportacion,07,Vegetables and certain roots and tubers; edible,145656575.0
2014,Exportacion,08,"Fruit and nuts, edible; peel of citrus fruit or melons",1960791308.0
2014,Exportacion,09,"Coffee, tea, mate and spices",290457177.0
2014,Exportacion,10,Cereals,2207919.0
2014,Exportacion,11,"Products of the milling industry; malt, starches, inulin, wheat gluten",16533446.0
2014,Exportacion,01,Animals; live,2994328.0
2014,Exportacion,02,Meat and edible meat offal,85487453.0
2014,Exportacion,13,"Lac; gums, resins and other vegetable saps and extracts",4598528.0
2014,Exportacion,14,Vegetable plaiting materials; vegetable products not elsewhere specified or included,134887.0
2014,Exportacion,15,"Animal, vegetable or microbial fats and oils and their cleavage products; prepared edible fats; animal or vegetable waxes",175309217.0
2014,Exportacion,16,"Meat, fish, crustaceans, molluscs or other aquatic invertebrates, or insects; preparations thereof",49713924.0
2014,Exportacion,17,Sugars and sugar confectionery,87997058.0
2014,Exportacion,18,Cocoa and cocoa preparations,10225950.0
2014,Exportacion,19,"Preparations of cereals, flour, starch or milk; pastrycooks' products",104466604.0
2014,Exportacion,21,Miscellaneous edible preparations,482911804.0
2014,Exportacion,22,"Beverages, spirits and vinegar",90820085.0
2014,Exportacion,23,"Food industries, residues and wastes thereof; prepared animal fodder",51733894.0
2014,Exportacion,24,"Tobacco and manufactured tobacco substitutes; products, whether or not containing nicotine, intended for inhalation without combustion; other nicotine containing products intended for the intake of nicotine into the human body",18816644.0
2014,Exportacion,25,"Salt; sulphur; earths, stone; plastering materials, lime and cement",30372725.0
2014,Exportacion,32,"Tanning or dyeing extracts; tannins and their derivatives; dyes, pigments and other colouring matter; paints, varnishes; putty, other mastics; inks",68204700.0
2014,Exportacion,26,"Ores, slag and ash",38085.0
2014,Exportacion,28,"Inorganic chemicals; organic and inorganic compounds of precious metals; of rare earth metals, of radio-active elements and of isotopes",13599397.0
2014,Exportacion,29,Organic chemicals,4304304.0
2014,Exportacion,20,"Preparations of vegetables, fruit, nuts or other parts of plants",327534861.0
2014,Exportacion,30,Pharmaceutical products,231255944.0
2014,Exportacion,31,Fertilizers,39895334.0
2014,Exportacion,33,"Essential oils and resinoids; perfumery, cosmetic or toilet preparations",19931421.0
2014,Exportacion,27,"Mineral fuels, mineral oils and products of their distillation; bituminous substances; mineral waxes",3349195.0
2014,Exportacion,43,Furskins and artificial fur; manufactures thereof,1477.0
2014,Exportacion,44,Wood and articles of wood; wood charcoal,72414881.0
2014,Exportacion,34,"Soap, organic surface-active agents; washing, lubricating, polishing or scouring preparations; artificial or prepared waxes, candles and similar articles, modelling pastes, dental waxes and dental preparations with a basis of plaster",42866400.0
2014,Exportacion,35,Albuminoidal substances; modified starches; glues; enzymes,13793155.0
2014,Exportacion,36,Explosives; pyrotechnic products; matches; pyrophoric alloys; certain combustible preparations,11039850.0
2014,Exportacion,39,Plastics and articles thereof,389614007.0
2014,Exportacion,40,Rubber and articles thereof,248802021.0
2014,Exportacion,41,Raw hides and skins (other than furskins) and leather,19178287.0
2014,Exportacion,42,"Articles of leather; saddlery and harness; travel goods, handbags and similar containers; articles of animal gut (other than silk-worm gut)",5377538.0
2014,Exportacion,59,"Textile fabrics; impregnated, coated, covered or laminated; textile articles of a kind suitable for industrial use",4365588.0
2014,Exportacion,45,Cork and articles of cork,977.0
2014,Exportacion,46,"Manufactures of straw, esparto or other plaiting materials; basketware and wickerwork",6254.0
2014,Exportacion,37,Photographic or cinematographic goods,285023.0
2014,Exportacion,38,Chemical products n.e.c.,122175591.0
2014,Exportacion,47,Pulp of wood or other fibrous cellulosic material; recovered (waste and scrap) paper or paperboard,13712035.0
2014,Exportacion,48,"Paper and paperboard; articles of paper pulp, of paper or paperboard",91832899.0
2014,Exportacion,51,"Wool, fine or coarse animal hair; horsehair yarn and woven fabric",532.0
2014,Exportacion,52,Cotton,629345.0
2014,Exportacion,53,Vegetable textile fibres; paper yarn and woven fabrics of paper yarn,159337.0
2014,Exportacion,54,Man-made filaments; strip and the like of man-made textile materials,19200102.0
2014,Exportacion,55,Man-made staple fibres,2524906.0
2014,Exportacion,56,"Wadding, felt and nonwovens, special yarns; twine, cordage, ropes and cables and articles thereof",9992462.0
2014,Exportacion,57,Carpets and other textile floor coverings,43524.0
2014,Exportacion,58,"Fabrics; special woven fabrics, tufted textile fabrics, lace, tapestries, trimmings, embroidery",2957913.0
2014,Exportacion,60,Fabrics; knitted or crocheted,340065.0
2014,Exportacion,61,Apparel and clothing accessories; knitted or crocheted,43544540.0
2014,Exportacion,62,Apparel and clothing accessories; not knitted or crocheted,60486479.0
2014,Exportacion,63,"Textiles, made up articles; sets; worn clothing and worn textile articles; rags",3815808.0
2014,Exportacion,64,Footwear; gaiters and the like; parts of such articles,836550.0
2014,Exportacion,65,Headgear and parts thereof,211726.0
2014,Exportacion,66,"Umbrellas, sun umbrellas, walking-sticks, seat sticks, whips, riding crops; and parts thereof",29580.0
2014,Exportacion,67,"Feathers and down, prepared; and articles made of feather or of down; artificial flowers; articles of human hair",92371.0
2014,Exportacion,68,"Stone, plaster, cement, asbestos, mica or similar materials; articles thereof",14051901.0
2014,Exportacion,70,Glass and glassware,90456634.0
2014,Exportacion,71,"Natural, cultured pearls; precious, semi-precious stones; precious metals, metals clad with precious metal, and articles thereof; imitation jewellery; coin",55538950.0
2014,Exportacion,72,Iron and steel,137682594.0
2014,Exportacion,73,Iron or steel articles,76081722.0
2014,Exportacion,74,Copper and articles thereof,32782947.0
2014,Exportacion,69,Ceramic products,12150836.0
2014,Exportacion,75,Nickel and articles thereof,6682151.0
2014,Exportacion,76,Aluminium and articles thereof,103309786.0
2014,Exportacion,78,Lead and articles thereof,11703549.0
2014,Exportacion,79,Zinc and articles thereof,907698.0
2014,Exportacion,80,Tin; articles thereof,41934.0
2014,Exportacion,81,"Metals; n.e.c., cermets and articles thereof",913639.0
2014,Exportacion,82,"Tools, implements, cutlery, spoons and forks, of base metal; parts thereof, of base metal",4695176.0
2014,Exportacion,84,"Machinery and mechanical appliances, boilers, nuclear reactors; parts thereof",198876745.0
2014,Exportacion,83,Metal; miscellaneous products of base metal,28125636.0
2014,Exportacion,86,"Railway, tramway locomotives, rolling-stock and parts thereof; railway or tramway track fixtures and fittings and parts thereof; mechanical (including electro-mechanical) traffic signalling equipment of all kinds",1752747.0
2014,Exportacion,87,"Vehicles; other than railway or tramway rolling stock, and parts and accessories thereof",61129607.0
2014,Exportacion,96,Miscellaneous manufactured articles,116517629.0
2014,Exportacion,85,"Electrical machinery and equipment and parts thereof; sound recorders and reproducers; television image and sound recorders and reproducers, parts and accessories of such articles",2421358174.0
2014,Exportacion,89,"Ships, boats and floating structures",1669183.0
2014,Exportacion,91,Clocks and watches and parts thereof,477582.0
2014,Exportacion,92,Musical instruments; parts and accessories of such articles,165647.0
2014,Exportacion,93,Arms and ammunition; parts and accessories thereof,1380.0
2014,Exportacion,94,"Furniture; bedding, mattresses, mattress supports, cushions and similar stuffed furnishings; lamps and lighting fittings, n.e.c.; illuminated signs, illuminated name-plates and the like; prefabricated buildings",39379858.0
2014,Exportacion,95,"Toys, games and sports requisites; parts and accessories thereof",24812364.0
2014,Exportacion,88,"Aircraft, spacecraft, and parts thereof",3648454.0
2014,Exportacion,90,"Optical, photographic, cinematographic, measuring, checking, medical or surgical instruments and apparatus; parts and accessories",1836958492.0
2014,Exportacion,97,Works of art; collectors' pieces and antiques,403557.0
2014,Importacion,09,"Coffee, tea, mate and spices",36459190.0
2014,Importacion,07,Vegetables and certain roots and tubers; edible,62307295.0
2014,Importacion,14,Vegetable plaiting materials; vegetable products not elsewhere specified or included,512532.0
2014,Importacion,06,"Trees and other plants, live; bulbs, roots and the like; cut flowers and ornamental foliage",15623921.0
2014,Importacion,05,Animal originated products; not elsewhere specified or included,3321645.0
2014,Importacion,04,"Dairy produce; birds' eggs; natural honey; edible products of animal origin, not elsewhere specified or included",48042604.0
2014,Importacion,11,"Products of the milling industry; malt, starches, inulin, wheat gluten",50369462.0
2014,Importacion,10,Cereals,318679642.0
2014,Importacion,12,"Oil seeds and oleaginous fruits; miscellaneous grains, seeds and fruit, industrial or medicinal plants; straw and fodder",165363305.0
2014,Importacion,08,"Fruit and nuts, edible; peel of citrus fruit or melons",89289329.0
2014,Importacion,13,"Lac; gums, resins and other vegetable saps and extracts",6796294.0
2014,Importacion,15,"Animal, vegetable or microbial fats and oils and their cleavage products; prepared edible fats; animal or vegetable waxes",69028058.0
2014,Importacion,03,"Fish and crustaceans, molluscs and other aquatic invertebrates",72781294.0
2014,Importacion,02,Meat and edible meat offal,56108810.0
2014,Importacion,01,Animals; live,15486971.0
2014,Importacion,18,Cocoa and cocoa preparations,33208518.0
2014,Importacion,19,"Preparations of cereals, flour, starch or milk; pastrycooks' products",145181580.0
2014,Importacion,20,"Preparations of vegetables, fruit, nuts or other parts of plants",129704847.0
2014,Importacion,21,Miscellaneous edible preparations,223162819.0
2014,Importacion,22,"Beverages, spirits and vinegar",112907321.0
2014,Importacion,23,"Food industries, residues and wastes thereof; prepared animal fodder",137680764.0
2014,Importacion,24,"Tobacco and manufactured tobacco substitutes; products, whether or not containing nicotine, intended for inhalation without combustion; other nicotine containing products intended for the intake of nicotine into the human body",19991206.0
2014,Importacion,25,"Salt; sulphur; earths, stone; plastering materials, lime and cement",38365883.0
2014,Importacion,16,"Meat, fish, crustaceans, molluscs or other aquatic invertebrates, or insects; preparations thereof",163851301.0
2014,Importacion,17,Sugars and sugar confectionery,42777225.0
2014,Importacion,26,"Ores, slag and ash",111186.0
2014,Importacion,27,"Mineral fuels, mineral oils and products of their distillation; bituminous substances; mineral waxes",2231920681.0
2014,Importacion,28,"Inorganic chemicals; organic and inorganic compounds of precious metals; of rare earth metals, of radio-active elements and of isotopes",101332191.0
2014,Importacion,29,Organic chemicals,182463993.0
2014,Importacion,30,Pharmaceutical products,629955459.0
2014,Importacion,31,Fertilizers,187150264.0
2014,Importacion,32,"Tanning or dyeing extracts; tannins and their derivatives; dyes, pigments and other colouring matter; paints, varnishes; putty, other mastics; inks",96907351.0
2014,Importacion,33,"Essential oils and resinoids; perfumery, cosmetic or toilet preparations",208471663.0
2014,Importacion,34,"Soap, organic surface-active agents; washing, lubricating, polishing or scouring preparations; artificial or prepared waxes, candles and similar articles, modelling pastes, dental waxes and dental preparations with a basis of plaster",121263557.0
2014,Importacion,35,Albuminoidal substances; modified starches; glues; enzymes,49940167.0
2014,Importacion,36,Explosives; pyrotechnic products; matches; pyrophoric alloys; certain combustible preparations,3171953.0
2014,Importacion,37,Photographic or cinematographic goods,10023196.0
2014,Importacion,44,Wood and articles of wood; wood charcoal,80529491.0
2014,Importacion,38,Chemical products n.e.c.,311428186.0
2014,Importacion,45,Cork and articles of cork,141766.0
2014,Importacion,40,Rubber and articles thereof,219045194.0
2014,Importacion,51,"Wool, fine or coarse animal hair; horsehair yarn and woven fabric",4392188.0
2014,Importacion,41,Raw hides and skins (other than furskins) and leather,7181848.0
2014,Importacion,42,"Articles of leather; saddlery and harness; travel goods, handbags and similar containers; articles of animal gut (other than silk-worm gut)",40054927.0
2014,Importacion,43,Furskins and artificial fur; manufactures thereof,59602.0
2014,Importacion,46,"Manufactures of straw, esparto or other plaiting materials; basketware and wickerwork",518906.0
2014,Importacion,47,Pulp of wood or other fibrous cellulosic material; recovered (waste and scrap) paper or paperboard,14215042.0
2014,Importacion,49,"Printed books, newspapers, pictures and other products of the printing industry; manuscripts, typescripts and plans",84581600.0
2014,Importacion,50,Silk,24153.0
2014,Importacion,52,Cotton,23298268.0
2014,Importacion,53,Vegetable textile fibres; paper yarn and woven fabrics of paper yarn,353416.0
2014,Importacion,54,Man-made filaments; strip and the like of man-made textile materials,47045677.0
2014,Importacion,55,Man-made staple fibres,24354045.0
2014,Importacion,48,"Paper and paperboard; articles of paper pulp, of paper or paperboard",607087813.0
2014,Importacion,56,"Wadding, felt and nonwovens, special yarns; twine, cordage, ropes and cables and articles thereof",55658479.0
2014,Importacion,57,Carpets and other textile floor coverings,7593208.0
2014,Importacion,58,"Fabrics; special woven fabrics, tufted textile fabrics, lace, tapestries, trimmings, embroidery",14177156.0
2014,Importacion,64,Footwear; gaiters and the like; parts of such articles,146638273.0
2014,Importacion,59,"Textile fabrics; impregnated, coated, covered or laminated; textile articles of a kind suitable for industrial use",21504358.0
2014,Importacion,61,Apparel and clothing accessories; knitted or crocheted,121879001.0
2014,Importacion,62,Apparel and clothing accessories; not knitted or crocheted,154357071.0
2014,Importacion,63,"Textiles, made up articles; sets; worn clothing and worn textile articles; rags",59721291.0
2014,Importacion,65,Headgear and parts thereof,9635492.0
2014,Importacion,66,"Umbrellas, sun umbrellas, walking-sticks, seat sticks, whips, riding crops; and parts thereof",4485361.0
2014,Importacion,60,Fabrics; knitted or crocheted,12006664.0
2014,Importacion,67,"Feathers and down, prepared; and articles made of feather or of down; artificial flowers; articles of human hair",2465623.0
2014,Importacion,68,"Stone, plaster, cement, asbestos, mica or similar materials; articles thereof",58257310.0
2014,Importacion,69,Ceramic products,89243972.0
2014,Importacion,70,Glass and glassware,59912642.0
2014,Importacion,72,Iron and steel,480414258.0
2014,Importacion,82,"Tools, implements, cutlery, spoons and forks, of base metal; parts thereof, of base metal",85680214.0
2014,Importacion,73,Iron or steel articles,440534269.0
2014,Importacion,75,Nickel and articles thereof,7089878.0
2014,Importacion,76,Aluminium and articles thereof,142473577.0
2014,Importacion,78,Lead and articles thereof,494421.0
2014,Importacion,79,Zinc and articles thereof,16476738.0
2014,Importacion,80,Tin; articles thereof,421229.0
2014,Importacion,81,"Metals; n.e.c., cermets and articles thereof",19791758.0
2014,Importacion,83,Metal; miscellaneous products of base metal,98267322.0
2014,Importacion,71,"Natural, cultured pearls; precious, semi-precious stones; precious metals, metals clad with precious metal, and articles thereof; imitation jewellery; coin",61806605.0
2014,Importacion,74,Copper and articles thereof,148261267.0
2014,Importacion,87,"Vehicles; other than railway or tramway rolling stock, and parts and accessories thereof",1049448140.0
2014,Importacion,88,"Aircraft, spacecraft, and parts thereof",21499038.0
2014,Importacion,89,"Ships, boats and floating structures",5127009.0
2014,Importacion,90,"Optical, photographic, cinematographic, measuring, checking, medical or surgical instruments and apparatus; parts and accessories",453558333.0
2014,Importacion,91,Clocks and watches and parts thereof,13960287.0
2014,Importacion,92,Musical instruments; parts and accessories of such articles,5573749.0
2014,Importacion,86,"Railway, tramway locomotives, rolling-stock and parts thereof; railway or tramway track fixtures and fittings and parts thereof; mechanical (including electro-mechanical) traffic signalling equipment of all kinds",161293730.0
2014,Importacion,95,"Toys, games and sports requisites; parts and accessories thereof",93129607.0
2014,Importacion,96,Miscellaneous manufactured articles,74159360.0
2014,Importacion,97,Works of art; collectors' pieces and antiques,521737.0
2014,Importacion,93,Arms and ammunition; parts and accessories thereof,3589552.0
2014,Importacion,94,"Furniture; bedding, mattresses, mattress supports, cushions and similar stuffed furnishings; lamps and lighting fittings, n.e.c.; illuminated signs, illuminated name-plates and the like; prefabricated buildings",178543835.0
2014,Importacion,39,Plastics and articles thereof,1198127194.0
2014,Importacion,85,"Electrical machinery and equipment and parts thereof; sound recorders and reproducers; television image and sound recorders and reproducers, parts and accessories of such articles",2829494990.0
2014,Importacion,84,"Machinery and mechanical appliances, boilers, nuclear reactors; parts thereof",1433613080.0
2015,Exportacion,90,"Optical, photographic, cinematographic, measuring, checking, medical or surgical instruments and apparatus; parts and accessories",2219020536.0
2015,Exportacion,16,"Meat, fish, crustaceans, molluscs or other aquatic invertebrates, or insects; preparations thereof",56564294.0
2015,Exportacion,05,Animal originated products; not elsewhere specified or included,4024329.0
2015,Exportacion,06,"Trees and other plants, live; bulbs, roots and the like; cut flowers and ornamental foliage",147548125.0
2015,Exportacion,07,Vegetables and certain roots and tubers; edible,145761662.0
2015,Exportacion,08,"Fruit and nuts, edible; peel of citrus fruit or melons",1822627637.0
2015,Exportacion,01,Animals; live,6989948.0
2015,Exportacion,09,"Coffee, tea, mate and spices",313923905.0
2015,Exportacion,10,Cereals,2165202.0
2015,Exportacion,13,"Lac; gums, resins and other vegetable saps and extracts",4032043.0
2015,Exportacion,14,Vegetable plaiting materials; vegetable products not elsewhere specified or included,164317.0
2015,Exportacion,04,"Dairy produce; birds' eggs; natural honey; edible products of animal origin, not elsewhere specified or included",126593962.0
2015,Exportacion,17,Sugars and sugar confectionery,107853426.0
2015,Exportacion,18,Cocoa and cocoa preparations,10762912.0
2015,Exportacion,19,"Preparations of cereals, flour, starch or milk; pastrycooks' products",112602034.0
2015,Exportacion,20,"Preparations of vegetables, fruit, nuts or other parts of plants",353915371.0
2015,Exportacion,21,Miscellaneous edible preparations,510607914.0
2015,Exportacion,22,"Beverages, spirits and vinegar",82452651.0
2015,Exportacion,23,"Food industries, residues and wastes thereof; prepared animal fodder",53924985.0
2015,Exportacion,24,"Tobacco and manufactured tobacco substitutes; products, whether or not containing nicotine, intended for inhalation without combustion; other nicotine containing products intended for the intake of nicotine into the human body",15201791.0
2015,Exportacion,25,"Salt; sulphur; earths, stone; plastering materials, lime and cement",26575945.0
2015,Exportacion,11,"Products of the milling industry; malt, starches, inulin, wheat gluten",16914253.0
2015,Exportacion,12,"Oil seeds and oleaginous fruits; miscellaneous grains, seeds and fruit, industrial or medicinal plants; straw and fodder",18002970.0
2015,Exportacion,02,Meat and edible meat offal,88768832.0
2015,Exportacion,03,"Fish and crustaceans, molluscs and other aquatic invertebrates",100122259.0
2015,Exportacion,15,"Animal, vegetable or microbial fats and oils and their cleavage products; prepared edible fats; animal or vegetable waxes",150184277.0
2015,Exportacion,28,"Inorganic chemicals; organic and inorganic compounds of precious metals; of rare earth metals, of radio-active elements and of isotopes",15236683.0
2015,Exportacion,29,Organic chemicals,4971592.0
2015,Exportacion,30,Pharmaceutical products,255976773.0
2015,Exportacion,26,"Ores, slag and ash",29821.0
2015,Exportacion,27,"Mineral fuels, mineral oils and products of their distillation; bituminous substances; mineral waxes",3666143.0
2015,Exportacion,32,"Tanning or dyeing extracts; tannins and their derivatives; dyes, pigments and other colouring matter; paints, varnishes; putty, other mastics; inks",77491768.0
2015,Exportacion,39,Plastics and articles thereof,358081815.0
2015,Exportacion,31,Fertilizers,30221307.0
2015,Exportacion,33,"Essential oils and resinoids; perfumery, cosmetic or toilet preparations",21671009.0
2015,Exportacion,34,"Soap, organic surface-active agents; washing, lubricating, polishing or scouring preparations; artificial or prepared waxes, candles and similar articles, modelling pastes, dental waxes and dental preparations with a basis of plaster",43795527.0
2015,Exportacion,35,Albuminoidal substances; modified starches; glues; enzymes,13999650.0
2015,Exportacion,36,Explosives; pyrotechnic products; matches; pyrophoric alloys; certain combustible preparations,11304472.0
2015,Exportacion,37,Photographic or cinematographic goods,190596.0
2015,Exportacion,38,Chemical products n.e.c.,123258148.0
2015,Exportacion,42,"Articles of leather; saddlery and harness; travel goods, handbags and similar containers; articles of animal gut (other than silk-worm gut)",4999669.0
2015,Exportacion,43,Furskins and artificial fur; manufactures thereof,90.0
2015,Exportacion,44,Wood and articles of wood; wood charcoal,71348954.0
2015,Exportacion,40,Rubber and articles thereof,236115759.0
2015,Exportacion,47,Pulp of wood or other fibrous cellulosic material; recovered (waste and scrap) paper or paperboard,12395792.0
2015,Exportacion,48,"Paper and paperboard; articles of paper pulp, of paper or paperboard",98801958.0
2015,Exportacion,49,"Printed books, newspapers, pictures and other products of the printing industry; manuscripts, typescripts and plans",12801073.0
2015,Exportacion,51,"Wool, fine or coarse animal hair; horsehair yarn and woven fabric",3074.0
2015,Exportacion,52,Cotton,28556023.0
2015,Exportacion,53,Vegetable textile fibres; paper yarn and woven fabrics of paper yarn,240130.0
2015,Exportacion,54,Man-made filaments; strip and the like of man-made textile materials,22339265.0
2015,Exportacion,55,Man-made staple fibres,2345032.0
2015,Exportacion,56,"Wadding, felt and nonwovens, special yarns; twine, cordage, ropes and cables and articles thereof",6885822.0
2015,Exportacion,41,Raw hides and skins (other than furskins) and leather,15374201.0
2015,Exportacion,57,Carpets and other textile floor coverings,80567.0
2015,Exportacion,45,Cork and articles of cork,572.0
2015,Exportacion,46,"Manufactures of straw, esparto or other plaiting materials; basketware and wickerwork",13082.0
2015,Exportacion,60,Fabrics; knitted or crocheted,1255855.0
2015,Exportacion,61,Apparel and clothing accessories; knitted or crocheted,41053276.0
2015,Exportacion,62,Apparel and clothing accessories; not knitted or crocheted,19806657.0
2015,Exportacion,63,"Textiles, made up articles; sets; worn clothing and worn textile articles; rags",4212153.0
2015,Exportacion,64,Footwear; gaiters and the like; parts of such articles,773656.0
2015,Exportacion,58,"Fabrics; special woven fabrics, tufted textile fabrics, lace, tapestries, trimmings, embroidery",3086425.0
2015,Exportacion,65,Headgear and parts thereof,229645.0
2015,Exportacion,59,"Textile fabrics; impregnated, coated, covered or laminated; textile articles of a kind suitable for industrial use",5762819.0
2015,Exportacion,69,Ceramic products,7623117.0
2015,Exportacion,70,Glass and glassware,81592820.0
2015,Exportacion,71,"Natural, cultured pearls; precious, semi-precious stones; precious metals, metals clad with precious metal, and articles thereof; imitation jewellery; coin",40697989.0
2015,Exportacion,72,Iron and steel,99029289.0
2015,Exportacion,82,"Tools, implements, cutlery, spoons and forks, of base metal; parts thereof, of base metal",5991054.0
2015,Exportacion,73,Iron or steel articles,82887709.0
2015,Exportacion,66,"Umbrellas, sun umbrellas, walking-sticks, seat sticks, whips, riding crops; and parts thereof",76155.0
2015,Exportacion,67,"Feathers and down, prepared; and articles made of feather or of down; artificial flowers; articles of human hair",72040.0
2015,Exportacion,68,"Stone, plaster, cement, asbestos, mica or similar materials; articles thereof",14401130.0
2015,Exportacion,74,Copper and articles thereof,20075768.0
2015,Exportacion,75,Nickel and articles thereof,5093584.0
2015,Exportacion,76,Aluminium and articles thereof,73055038.0
2015,Exportacion,78,Lead and articles thereof,11454626.0
2015,Exportacion,79,Zinc and articles thereof,744443.0
2015,Exportacion,80,Tin; articles thereof,69070.0
2015,Exportacion,81,"Metals; n.e.c., cermets and articles thereof",1531689.0
2015,Exportacion,83,Metal; miscellaneous products of base metal,29284646.0
2015,Exportacion,84,"Machinery and mechanical appliances, boilers, nuclear reactors; parts thereof",144385794.0
2015,Exportacion,85,"Electrical machinery and equipment and parts thereof; sound recorders and reproducers; television image and sound recorders and reproducers, parts and accessories of such articles",642644140.0
2015,Exportacion,88,"Aircraft, spacecraft, and parts thereof",2692269.0
2015,Exportacion,86,"Railway, tramway locomotives, rolling-stock and parts thereof; railway or tramway track fixtures and fittings and parts thereof; mechanical (including electro-mechanical) traffic signalling equipment of all kinds",2811506.0
2015,Exportacion,87,"Vehicles; other than railway or tramway rolling stock, and parts and accessories thereof",57721689.0
2015,Exportacion,89,"Ships, boats and floating structures",1975988.0
2015,Exportacion,91,Clocks and watches and parts thereof,523431.0
2015,Exportacion,92,Musical instruments; parts and accessories of such articles,107527.0
2015,Exportacion,93,Arms and ammunition; parts and accessories thereof,11000.0
2015,Exportacion,94,"Furniture; bedding, mattresses, mattress supports, cushions and similar stuffed furnishings; lamps and lighting fittings, n.e.c.; illuminated signs, illuminated name-plates and the like; prefabricated buildings",41669030.0
2015,Exportacion,95,"Toys, games and sports requisites; parts and accessories thereof",26200733.0
2015,Exportacion,96,Miscellaneous manufactured articles,138068009.0
2015,Exportacion,97,Works of art; collectors' pieces and antiques,164061.0
2015,Exportacion,99,Commodities not specified according to kind,1.0
2015,Importacion,09,"Coffee, tea, mate and spices",26733265.0
2015,Importacion,08,"Fruit and nuts, edible; peel of citrus fruit or melons",93112280.0
2015,Importacion,07,Vegetables and certain roots and tubers; edible,53130604.0
2015,Importacion,06,"Trees and other plants, live; bulbs, roots and the like; cut flowers and ornamental foliage",13111062.0
2015,Importacion,05,Animal originated products; not elsewhere specified or included,4440691.0
2015,Importacion,04,"Dairy produce; birds' eggs; natural honey; edible products of animal origin, not elsewhere specified or included",52585021.0
2015,Importacion,03,"Fish and crustaceans, molluscs and other aquatic invertebrates",76505480.0
2015,Importacion,11,"Products of the milling industry; malt, starches, inulin, wheat gluten",43102969.0
2015,Importacion,10,Cereals,294948382.0
2015,Importacion,12,"Oil seeds and oleaginous fruits; miscellaneous grains, seeds and fruit, industrial or medicinal plants; straw and fodder",141538897.0
2015,Importacion,13,"Lac; gums, resins and other vegetable saps and extracts",7748409.0
2015,Importacion,14,Vegetable plaiting materials; vegetable products not elsewhere specified or included,446510.0
2015,Importacion,15,"Animal, vegetable or microbial fats and oils and their cleavage products; prepared edible fats; animal or vegetable waxes",49857176.0
2015,Importacion,16,"Meat, fish, crustaceans, molluscs or other aquatic invertebrates, or insects; preparations thereof",96752845.0
2015,Importacion,17,Sugars and sugar confectionery,46462925.0
2015,Importacion,18,Cocoa and cocoa preparations,36232265.0
2015,Importacion,02,Meat and edible meat offal,78621228.0
2015,Importacion,01,Animals; live,11236968.0
2015,Importacion,21,Miscellaneous edible preparations,212843340.0
2015,Importacion,22,"Beverages, spirits and vinegar",122061473.0
2015,Importacion,23,"Food industries, residues and wastes thereof; prepared animal fodder",143925474.0
2015,Importacion,24,"Tobacco and manufactured tobacco substitutes; products, whether or not containing nicotine, intended for inhalation without combustion; other nicotine containing products intended for the intake of nicotine into the human body",14254595.0
2015,Importacion,25,"Salt; sulphur; earths, stone; plastering materials, lime and cement",54500430.0
2015,Importacion,26,"Ores, slag and ash",627999.0
2015,Importacion,27,"Mineral fuels, mineral oils and products of their distillation; bituminous substances; mineral waxes",1340593021.0
2015,Importacion,19,"Preparations of cereals, flour, starch or milk; pastrycooks' products",144126669.0
2015,Importacion,20,"Preparations of vegetables, fruit, nuts or other parts of plants",140889406.0
2015,Importacion,29,Organic chemicals,173526006.0
2015,Importacion,31,Fertilizers,183108458.0
2015,Importacion,28,"Inorganic chemicals; organic and inorganic compounds of precious metals; of rare earth metals, of radio-active elements and of isotopes",99004825.0
2015,Importacion,30,Pharmaceutical products,671207049.0
2015,Importacion,32,"Tanning or dyeing extracts; tannins and their derivatives; dyes, pigments and other colouring matter; paints, varnishes; putty, other mastics; inks",98319772.0
2015,Importacion,33,"Essential oils and resinoids; perfumery, cosmetic or toilet preparations",195329394.0
2015,Importacion,34,"Soap, organic surface-active agents; washing, lubricating, polishing or scouring preparations; artificial or prepared waxes, candles and similar articles, modelling pastes, dental waxes and dental preparations with a basis of plaster",126128585.0
2015,Importacion,35,Albuminoidal substances; modified starches; glues; enzymes,50907170.0
2015,Importacion,36,Explosives; pyrotechnic products; matches; pyrophoric alloys; certain combustible preparations,3305429.0
2015,Importacion,37,Photographic or cinematographic goods,8685636.0
2015,Importacion,38,Chemical products n.e.c.,312875379.0
2015,Importacion,39,Plastics and articles thereof,1185577208.0
2015,Importacion,40,Rubber and articles thereof,210885985.0
2015,Importacion,41,Raw hides and skins (other than furskins) and leather,8267064.0
2015,Importacion,42,"Articles of leather; saddlery and harness; travel goods, handbags and similar containers; articles of animal gut (other than silk-worm gut)",44382211.0
2015,Importacion,43,Furskins and artificial fur; manufactures thereof,61101.0
2015,Importacion,44,Wood and articles of wood; wood charcoal,79049056.0
2015,Importacion,45,Cork and articles of cork,245858.0
2015,Importacion,46,"Manufactures of straw, esparto or other plaiting materials; basketware and wickerwork",623789.0
2015,Importacion,47,Pulp of wood or other fibrous cellulosic material; recovered (waste and scrap) paper or paperboard,16869253.0
2015,Importacion,48,"Paper and paperboard; articles of paper pulp, of paper or paperboard",579607144.0
2015,Importacion,49,"Printed books, newspapers, pictures and other products of the printing industry; manuscripts, typescripts and plans",90265903.0
2015,Importacion,50,Silk,13286.0
2015,Importacion,51,"Wool, fine or coarse animal hair; horsehair yarn and woven fabric",3740587.0
2015,Importacion,52,Cotton,19679825.0
2015,Importacion,53,Vegetable textile fibres; paper yarn and woven fabrics of paper yarn,462916.0
2015,Importacion,54,Man-made filaments; strip and the like of man-made textile materials,48252841.0
2015,Importacion,55,Man-made staple fibres,25600033.0
2015,Importacion,56,"Wadding, felt and nonwovens, special yarns; twine, cordage, ropes and cables and articles thereof",49297167.0
2015,Importacion,57,Carpets and other textile floor coverings,9474952.0
2015,Importacion,58,"Fabrics; special woven fabrics, tufted textile fabrics, lace, tapestries, trimmings, embroidery",11322679.0
2015,Importacion,59,"Textile fabrics; impregnated, coated, covered or laminated; textile articles of a kind suitable for industrial use",22361178.0
2015,Importacion,60,Fabrics; knitted or crocheted,12561565.0
2015,Importacion,61,Apparel and clothing accessories; knitted or crocheted,118792168.0
2015,Importacion,67,"Feathers and down, prepared; and articles made of feather or of down; artificial flowers; articles of human hair",3196351.0
2015,Importacion,62,Apparel and clothing accessories; not knitted or crocheted,161698029.0
2015,Importacion,64,Footwear; gaiters and the like; parts of such articles,155482737.0
2015,Importacion,65,Headgear and parts thereof,11398155.0
2015,Importacion,66,"Umbrellas, sun umbrellas, walking-sticks, seat sticks, whips, riding crops; and parts thereof",5268455.0
2015,Importacion,68,"Stone, plaster, cement, asbestos, mica or similar materials; articles thereof",68948022.0
2015,Importacion,69,Ceramic products,97628279.0
2015,Importacion,70,Glass and glassware,60266916.0
2015,Importacion,71,"Natural, cultured pearls; precious, semi-precious stones; precious metals, metals clad with precious metal, and articles thereof; imitation jewellery; coin",62720939.0
2015,Importacion,72,Iron and steel,437266298.0
2015,Importacion,63,"Textiles, made up articles; sets; worn clothing and worn textile articles; rags",63672583.0
2015,Importacion,73,Iron or steel articles,428376893.0
2015,Importacion,74,Copper and articles thereof,113013146.0
2015,Importacion,75,Nickel and articles thereof,8031240.0
2015,Importacion,76,Aluminium and articles thereof,168153648.0
2015,Importacion,78,Lead and articles thereof,653311.0
2015,Importacion,79,Zinc and articles thereof,13299320.0
2015,Importacion,80,Tin; articles thereof,164688.0
2015,Importacion,81,"Metals; n.e.c., cermets and articles thereof",11107613.0
2015,Importacion,82,"Tools, implements, cutlery, spoons and forks, of base metal; parts thereof, of base metal",85449406.0
2015,Importacion,83,Metal; miscellaneous products of base metal,87130871.0
2015,Importacion,90,"Optical, photographic, cinematographic, measuring, checking, medical or surgical instruments and apparatus; parts and accessories",552582660.0
2015,Importacion,92,Musical instruments; parts and accessories of such articles,6019708.0
2015,Importacion,86,"Railway, tramway locomotives, rolling-stock and parts thereof; railway or tramway track fixtures and fittings and parts thereof; mechanical (including electro-mechanical) traffic signalling equipment of all kinds",197725004.0
2015,Importacion,87,"Vehicles; other than railway or tramway rolling stock, and parts and accessories thereof",1299793018.0
2015,Importacion,88,"Aircraft, spacecraft, and parts thereof",23414733.0
2015,Importacion,89,"Ships, boats and floating structures",4642445.0
2015,Importacion,91,Clocks and watches and parts thereof,15542835.0
2015,Importacion,93,Arms and ammunition; parts and accessories thereof,4684191.0
2015,Importacion,94,"Furniture; bedding, mattresses, mattress supports, cushions and similar stuffed furnishings; lamps and lighting fittings, n.e.c.; illuminated signs, illuminated name-plates and the like; prefabricated buildings",207480619.0
2015,Importacion,95,"Toys, games and sports requisites; parts and accessories thereof",96790498.0
2015,Importacion,96,Miscellaneous manufactured articles,77066623.0
2015,Importacion,97,Works of art; collectors' pieces and antiques,509395.0
2015,Importacion,84,"Machinery and mechanical appliances, boilers, nuclear reactors; parts thereof",1350031144.0
2015,Importacion,85,"Electrical machinery and equipment and parts thereof; sound recorders and reproducers; television image and sound recorders and reproducers, parts and accessories of such articles",1865032130.0
2016,Exportacion,15,"Animal, vegetable or microbial fats and oils and their cleavage products; prepared edible fats; animal or vegetable waxes",147115938.0
2016,Exportacion,05,Animal originated products; not elsewhere specified or included,4012546.0
2016,Exportacion,08,"Fruit and nuts, edible; peel of citrus fruit or melons",2066779303.0
2016,Exportacion,09,"Coffee, tea, mate and spices",315631569.0
2016,Exportacion,10,Cereals,2906762.0
2016,Exportacion,11,"Products of the milling industry; malt, starches, inulin, wheat gluten",14940407.0
2016,Exportacion,12,"Oil seeds and oleaginous fruits; miscellaneous grains, seeds and fruit, industrial or medicinal plants; straw and fodder",19630224.0
2016,Exportacion,13,"Lac; gums, resins and other vegetable saps and extracts",2066025.0
2016,Exportacion,14,Vegetable plaiting materials; vegetable products not elsewhere specified or included,177050.0
2016,Exportacion,01,Animals; live,7304394.0
2016,Exportacion,02,Meat and edible meat offal,71692365.0
2016,Exportacion,03,"Fish and crustaceans, molluscs and other aquatic invertebrates",84091684.0
2016,Exportacion,04,"Dairy produce; birds' eggs; natural honey; edible products of animal origin, not elsewhere specified or included",143387900.0
2016,Exportacion,06,"Trees and other plants, live; bulbs, roots and the like; cut flowers and ornamental foliage",138881820.0
2016,Exportacion,07,Vegetables and certain roots and tubers; edible,154739100.0
2016,Exportacion,17,Sugars and sugar confectionery,93736678.0
2016,Exportacion,18,Cocoa and cocoa preparations,11892133.0
2016,Exportacion,19,"Preparations of cereals, flour, starch or milk; pastrycooks' products",121560055.0
2016,Exportacion,20,"Preparations of vegetables, fruit, nuts or other parts of plants",463300597.0
2016,Exportacion,21,Miscellaneous edible preparations,503690486.0
2016,Exportacion,22,"Beverages, spirits and vinegar",76259833.0
2016,Exportacion,23,"Food industries, residues and wastes thereof; prepared animal fodder",51338405.0
2016,Exportacion,24,"Tobacco and manufactured tobacco substitutes; products, whether or not containing nicotine, intended for inhalation without combustion; other nicotine containing products intended for the intake of nicotine into the human body",15205540.0
2016,Exportacion,25,"Salt; sulphur; earths, stone; plastering materials, lime and cement",32956110.0
2016,Exportacion,26,"Ores, slag and ash",378.0
2016,Exportacion,27,"Mineral fuels, mineral oils and products of their distillation; bituminous substances; mineral waxes",3345828.0
2016,Exportacion,28,"Inorganic chemicals; organic and inorganic compounds of precious metals; of rare earth metals, of radio-active elements and of isotopes",15171957.0
2016,Exportacion,16,"Meat, fish, crustaceans, molluscs or other aquatic invertebrates, or insects; preparations thereof",51442520.0
2016,Exportacion,29,Organic chemicals,5855258.0
2016,Exportacion,30,Pharmaceutical products,266717838.0
2016,Exportacion,31,Fertilizers,26675856.0
2016,Exportacion,32,"Tanning or dyeing extracts; tannins and their derivatives; dyes, pigments and other colouring matter; paints, varnishes; putty, other mastics; inks",77698058.0
2016,Exportacion,33,"Essential oils and resinoids; perfumery, cosmetic or toilet preparations",26756928.0
2016,Exportacion,34,"Soap, organic surface-active agents; washing, lubricating, polishing or scouring preparations; artificial or prepared waxes, candles and similar articles, modelling pastes, dental waxes and dental preparations with a basis of plaster",43014176.0
2016,Exportacion,36,Explosives; pyrotechnic products; matches; pyrophoric alloys; certain combustible preparations,16615957.0
2016,Exportacion,37,Photographic or cinematographic goods,383153.0
2016,Exportacion,38,Chemical products n.e.c.,118694364.0
2016,Exportacion,48,"Paper and paperboard; articles of paper pulp, of paper or paperboard",100015885.0
2016,Exportacion,39,Plastics and articles thereof,347185366.0
2016,Exportacion,40,Rubber and articles thereof,228274528.0
2016,Exportacion,42,"Articles of leather; saddlery and harness; travel goods, handbags and similar containers; articles of animal gut (other than silk-worm gut)",5365415.0
2016,Exportacion,35,Albuminoidal substances; modified starches; glues; enzymes,15722471.0
2016,Exportacion,47,Pulp of wood or other fibrous cellulosic material; recovered (waste and scrap) paper or paperboard,11625949.0
2016,Exportacion,41,Raw hides and skins (other than furskins) and leather,7398552.0
2016,Exportacion,43,Furskins and artificial fur; manufactures thereof,125.0
2016,Exportacion,44,Wood and articles of wood; wood charcoal,67476913.0
2016,Exportacion,45,Cork and articles of cork,20409.0
2016,Exportacion,46,"Manufactures of straw, esparto or other plaiting materials; basketware and wickerwork",36703.0
2016,Exportacion,61,Apparel and clothing accessories; knitted or crocheted,34065026.0
2016,Exportacion,60,Fabrics; knitted or crocheted,267681.0
2016,Exportacion,59,"Textile fabrics; impregnated, coated, covered or laminated; textile articles of a kind suitable for industrial use",109853.0
2016,Exportacion,58,"Fabrics; special woven fabrics, tufted textile fabrics, lace, tapestries, trimmings, embroidery",2790709.0
2016,Exportacion,57,Carpets and other textile floor coverings,147719.0
2016,Exportacion,56,"Wadding, felt and nonwovens, special yarns; twine, cordage, ropes and cables and articles thereof",6438934.0
2016,Exportacion,55,Man-made staple fibres,1793366.0
2016,Exportacion,54,Man-made filaments; strip and the like of man-made textile materials,20635001.0
2016,Exportacion,53,Vegetable textile fibres; paper yarn and woven fabrics of paper yarn,66110.0
2016,Exportacion,52,Cotton,34297008.0
2016,Exportacion,51,"Wool, fine or coarse animal hair; horsehair yarn and woven fabric",2259.0
2016,Exportacion,49,"Printed books, newspapers, pictures and other products of the printing industry; manuscripts, typescripts and plans",14921665.0
2016,Exportacion,62,Apparel and clothing accessories; not knitted or crocheted,22638950.0
2016,Exportacion,63,"Textiles, made up articles; sets; worn clothing and worn textile articles; rags",3081109.0
2016,Exportacion,64,Footwear; gaiters and the like; parts of such articles,753126.0
2016,Exportacion,65,Headgear and parts thereof,356769.0
2016,Exportacion,66,"Umbrellas, sun umbrellas, walking-sticks, seat sticks, whips, riding crops; and parts thereof",126772.0
2016,Exportacion,67,"Feathers and down, prepared; and articles made of feather or of down; artificial flowers; articles of human hair",16653.0
2016,Exportacion,68,"Stone, plaster, cement, asbestos, mica or similar materials; articles thereof",17914041.0
2016,Exportacion,69,Ceramic products,6152955.0
2016,Exportacion,70,Glass and glassware,70783770.0
2016,Exportacion,72,Iron and steel,107992036.0
2016,Exportacion,73,Iron or steel articles,76848490.0
2016,Exportacion,74,Copper and articles thereof,16110711.0
2016,Exportacion,78,Lead and articles thereof,12745645.0
2016,Exportacion,79,Zinc and articles thereof,635524.0
2016,Exportacion,80,Tin; articles thereof,107167.0
2016,Exportacion,81,"Metals; n.e.c., cermets and articles thereof",2461836.0
2016,Exportacion,82,"Tools, implements, cutlery, spoons and forks, of base metal; parts thereof, of base metal",6022105.0
2016,Exportacion,83,Metal; miscellaneous products of base metal,28461763.0
2016,Exportacion,84,"Machinery and mechanical appliances, boilers, nuclear reactors; parts thereof",102391960.0
2016,Exportacion,75,Nickel and articles thereof,2088120.0
2016,Exportacion,76,Aluminium and articles thereof,64974092.0
2016,Exportacion,71,"Natural, cultured pearls; precious, semi-precious stones; precious metals, metals clad with precious metal, and articles thereof; imitation jewellery; coin",21230044.0
2016,Exportacion,85,"Electrical machinery and equipment and parts thereof; sound recorders and reproducers; television image and sound recorders and reproducers, parts and accessories of such articles",436265358.0
2016,Exportacion,87,"Vehicles; other than railway or tramway rolling stock, and parts and accessories thereof",8502092.0
2016,Exportacion,88,"Aircraft, spacecraft, and parts thereof",1453107.0
2016,Exportacion,89,"Ships, boats and floating structures",876754.0
2016,Exportacion,90,"Optical, photographic, cinematographic, measuring, checking, medical or surgical instruments and apparatus; parts and accessories",2597993267.0
2016,Exportacion,91,Clocks and watches and parts thereof,441089.0
2016,Exportacion,92,Musical instruments; parts and accessories of such articles,168652.0
2016,Exportacion,93,Arms and ammunition; parts and accessories thereof,150.0
2016,Exportacion,94,"Furniture; bedding, mattresses, mattress supports, cushions and similar stuffed furnishings; lamps and lighting fittings, n.e.c.; illuminated signs, illuminated name-plates and the like; prefabricated buildings",47408305.0
2016,Exportacion,95,"Toys, games and sports requisites; parts and accessories thereof",25310969.0
2016,Exportacion,86,"Railway, tramway locomotives, rolling-stock and parts thereof; railway or tramway track fixtures and fittings and parts thereof; mechanical (including electro-mechanical) traffic signalling equipment of all kinds",2656046.0
2016,Exportacion,96,Miscellaneous manufactured articles,128009318.0
2016,Exportacion,99,Commodities not specified according to kind,1.0
2016,Exportacion,97,Works of art; collectors' pieces and antiques,568230.0
2016,Importacion,08,"Fruit and nuts, edible; peel of citrus fruit or melons",98454398.0
2016,Importacion,07,Vegetables and certain roots and tubers; edible,60250916.0
2016,Importacion,06,"Trees and other plants, live; bulbs, roots and the like; cut flowers and ornamental foliage",13745869.0
2016,Importacion,05,Animal originated products; not elsewhere specified or included,4828722.0
2016,Importacion,04,"Dairy produce; birds' eggs; natural honey; edible products of animal origin, not elsewhere specified or included",53864949.0
2016,Importacion,03,"Fish and crustaceans, molluscs and other aquatic invertebrates",81055390.0
2016,Importacion,10,Cereals,296089782.0
2016,Importacion,11,"Products of the milling industry; malt, starches, inulin, wheat gluten",43667594.0
2016,Importacion,09,"Coffee, tea, mate and spices",28665498.0
2016,Importacion,12,"Oil seeds and oleaginous fruits; miscellaneous grains, seeds and fruit, industrial or medicinal plants; straw and fodder",156833556.0
2016,Importacion,13,"Lac; gums, resins and other vegetable saps and extracts",6963444.0
2016,Importacion,14,Vegetable plaiting materials; vegetable products not elsewhere specified or included,486979.0
2016,Importacion,15,"Animal, vegetable or microbial fats and oils and their cleavage products; prepared edible fats; animal or vegetable waxes",84832206.0
2016,Importacion,16,"Meat, fish, crustaceans, molluscs or other aquatic invertebrates, or insects; preparations thereof",101302934.0
2016,Importacion,17,Sugars and sugar confectionery,51581692.0
2016,Importacion,18,Cocoa and cocoa preparations,40347900.0
2016,Importacion,19,"Preparations of cereals, flour, starch or milk; pastrycooks' products",146986428.0
2016,Importacion,02,Meat and edible meat offal,104113930.0
2016,Importacion,01,Animals; live,20347538.0
2016,Importacion,20,"Preparations of vegetables, fruit, nuts or other parts of plants",151546414.0
2016,Importacion,21,Miscellaneous edible preparations,250805717.0
2016,Importacion,22,"Beverages, spirits and vinegar",131204107.0
2016,Importacion,23,"Food industries, residues and wastes thereof; prepared animal fodder",144348743.0
2016,Importacion,24,"Tobacco and manufactured tobacco substitutes; products, whether or not containing nicotine, intended for inhalation without combustion; other nicotine containing products intended for the intake of nicotine into the human body",11982986.0
2016,Importacion,25,"Salt; sulphur; earths, stone; plastering materials, lime and cement",54360925.0
2016,Importacion,26,"Ores, slag and ash",200486.0
2016,Importacion,27,"Mineral fuels, mineral oils and products of their distillation; bituminous substances; mineral waxes",1181868175.0
2016,Importacion,28,"Inorganic chemicals; organic and inorganic compounds of precious metals; of rare earth metals, of radio-active elements and of isotopes",89467128.0
2016,Importacion,29,Organic chemicals,164890143.0
2016,Importacion,30,Pharmaceutical products,718560592.0
2016,Importacion,31,Fertilizers,141644724.0
2016,Importacion,32,"Tanning or dyeing extracts; tannins and their derivatives; dyes, pigments and other colouring matter; paints, varnishes; putty, other mastics; inks",101396676.0
2016,Importacion,33,"Essential oils and resinoids; perfumery, cosmetic or toilet preparations",220117558.0
2016,Importacion,34,"Soap, organic surface-active agents; washing, lubricating, polishing or scouring preparations; artificial or prepared waxes, candles and similar articles, modelling pastes, dental waxes and dental preparations with a basis of plaster",138463467.0
2016,Importacion,35,Albuminoidal substances; modified starches; glues; enzymes,50601896.0
2016,Importacion,36,Explosives; pyrotechnic products; matches; pyrophoric alloys; certain combustible preparations,3922221.0
2016,Importacion,37,Photographic or cinematographic goods,9010683.0
2016,Importacion,39,Plastics and articles thereof,1197551567.0
2016,Importacion,40,Rubber and articles thereof,199853605.0
2016,Importacion,41,Raw hides and skins (other than furskins) and leather,6804100.0
2016,Importacion,38,Chemical products n.e.c.,316067471.0
2016,Importacion,43,Furskins and artificial fur; manufactures thereof,23934.0
2016,Importacion,44,Wood and articles of wood; wood charcoal,92528072.0
2016,Importacion,45,Cork and articles of cork,403645.0
2016,Importacion,46,"Manufactures of straw, esparto or other plaiting materials; basketware and wickerwork",507433.0
2016,Importacion,47,Pulp of wood or other fibrous cellulosic material; recovered (waste and scrap) paper or paperboard,13689578.0
2016,Importacion,48,"Paper and paperboard; articles of paper pulp, of paper or paperboard",625797138.0
2016,Importacion,49,"Printed books, newspapers, pictures and other products of the printing industry; manuscripts, typescripts and plans",58223035.0
2016,Importacion,50,Silk,12909.0
2016,Importacion,51,"Wool, fine or coarse animal hair; horsehair yarn and woven fabric",4080738.0
2016,Importacion,52,Cotton,20992465.0
2016,Importacion,42,"Articles of leather; saddlery and harness; travel goods, handbags and similar containers; articles of animal gut (other than silk-worm gut)",43876826.0
2016,Importacion,53,Vegetable textile fibres; paper yarn and woven fabrics of paper yarn,610014.0
2016,Importacion,54,Man-made filaments; strip and the like of man-made textile materials,47966005.0
2016,Importacion,55,Man-made staple fibres,23708597.0
2016,Importacion,56,"Wadding, felt and nonwovens, special yarns; twine, cordage, ropes and cables and articles thereof",44415977.0
2016,Importacion,58,"Fabrics; special woven fabrics, tufted textile fabrics, lace, tapestries, trimmings, embroidery",10811653.0
2016,Importacion,60,Fabrics; knitted or crocheted,15319038.0
2016,Importacion,61,Apparel and clothing accessories; knitted or crocheted,127091462.0
2016,Importacion,62,Apparel and clothing accessories; not knitted or crocheted,158281456.0
2016,Importacion,57,Carpets and other textile floor coverings,9418531.0
2016,Importacion,59,"Textile fabrics; impregnated, coated, covered or laminated; textile articles of a kind suitable for industrial use",17997948.0
2016,Importacion,63,"Textiles, made up articles; sets; worn clothing and worn textile articles; rags",74537825.0
2016,Importacion,64,Footwear; gaiters and the like; parts of such articles,156336341.0
2016,Importacion,65,Headgear and parts thereof,14149275.0
2016,Importacion,66,"Umbrellas, sun umbrellas, walking-sticks, seat sticks, whips, riding crops; and parts thereof",4554751.0
2016,Importacion,67,"Feathers and down, prepared; and articles made of feather or of down; artificial flowers; articles of human hair",3617042.0
2016,Importacion,68,"Stone, plaster, cement, asbestos, mica or similar materials; articles thereof",82895379.0
2016,Importacion,69,Ceramic products,90466152.0
2016,Importacion,71,"Natural, cultured pearls; precious, semi-precious stones; precious metals, metals clad with precious metal, and articles thereof; imitation jewellery; coin",41661804.0
2016,Importacion,72,Iron and steel,414958335.0
2016,Importacion,73,Iron or steel articles,399042609.0
2016,Importacion,70,Glass and glassware,60872700.0
2016,Importacion,74,Copper and articles thereof,106297948.0
2016,Importacion,76,Aluminium and articles thereof,116694026.0
2016,Importacion,78,Lead and articles thereof,522259.0
2016,Importacion,79,Zinc and articles thereof,15190053.0
2016,Importacion,80,Tin; articles thereof,175485.0
2016,Importacion,75,Nickel and articles thereof,6936012.0
2016,Importacion,81,"Metals; n.e.c., cermets and articles thereof",14237516.0
2016,Importacion,82,"Tools, implements, cutlery, spoons and forks, of base metal; parts thereof, of base metal",87737928.0
2016,Importacion,83,Metal; miscellaneous products of base metal,85285463.0
2016,Importacion,86,"Railway, tramway locomotives, rolling-stock and parts thereof; railway or tramway track fixtures and fittings and parts thereof; mechanical (including electro-mechanical) traffic signalling equipment of all kinds",127417403.0
2016,Importacion,87,"Vehicles; other than railway or tramway rolling stock, and parts and accessories thereof",1486980402.0
2016,Importacion,88,"Aircraft, spacecraft, and parts thereof",5670129.0
2016,Importacion,89,"Ships, boats and floating structures",5448995.0
2016,Importacion,90,"Optical, photographic, cinematographic, measuring, checking, medical or surgical instruments and apparatus; parts and accessories",549746862.0
2016,Importacion,91,Clocks and watches and parts thereof,16124669.0
2016,Importacion,92,Musical instruments; parts and accessories of such articles,5477020.0
2016,Importacion,93,Arms and ammunition; parts and accessories thereof,3644622.0
2016,Importacion,94,"Furniture; bedding, mattresses, mattress supports, cushions and similar stuffed furnishings; lamps and lighting fittings, n.e.c.; illuminated signs, illuminated name-plates and the like; prefabricated buildings",228849910.0
2016,Importacion,95,"Toys, games and sports requisites; parts and accessories thereof",98328021.0
2016,Importacion,96,Miscellaneous manufactured articles,77938702.0
2016,Importacion,97,Works of art; collectors' pieces and antiques,560790.0
2016,Importacion,84,"Machinery and mechanical appliances, boilers, nuclear reactors; parts thereof",1380350820.0
2016,Importacion,85,"Electrical machinery and equipment and parts thereof; sound recorders and reproducers; television image and sound recorders and reproducers, parts and accessories of such articles",1563959482.0
2017,Exportacion,07,Vegetables and certain roots and tubers; edible,163715546.868
2017,Exportacion,01,Animals; live,8767017.486
2017,Exportacion,19,"Preparations of cereals, flour, starch or milk; pastrycooks' products",131147287.838
2017,Exportacion,02,Meat and edible meat offal,78438234.628
2017,Exportacion,23,"Food industries, residues and wastes thereof; prepared animal fodder",56074260.454
2017,Exportacion,04,"Dairy produce; birds' eggs; natural honey; edible products of animal origin, not elsewhere specified or included",154031903.956
2017,Exportacion,05,Animal originated products; not elsewhere specified or included,4808210.012
2017,Exportacion,06,"Trees and other plants, live; bulbs, roots and the like; cut flowers and ornamental foliage",140682817.067
2017,Exportacion,26,"Ores, slag and ash",39674.677
2017,Exportacion,14,Vegetable plaiting materials; vegetable products not elsewhere specified or included,138655.313
2017,Exportacion,15,"Animal, vegetable or microbial fats and oils and their cleavage products; prepared edible fats; animal or vegetable waxes",181797591.529
2017,Exportacion,16,"Meat, fish, crustaceans, molluscs or other aquatic invertebrates, or insects; preparations thereof",57405511.733
2017,Exportacion,24,"Tobacco and manufactured tobacco substitutes; products, whether or not containing nicotine, intended for inhalation without combustion; other nicotine containing products intended for the intake of nicotine into the human body",16205578.674
2017,Exportacion,28,"Inorganic chemicals; organic and inorganic compounds of precious metals; of rare earth metals, of radio-active elements and of isotopes",13765357.446
2017,Exportacion,31,Fertilizers,35165479.018
2017,Exportacion,46,"Manufactures of straw, esparto or other plaiting materials; basketware and wickerwork",1218.29
2017,Exportacion,47,Pulp of wood or other fibrous cellulosic material; recovered (waste and scrap) paper or paperboard,15667540.262
2017,Exportacion,36,Explosives; pyrotechnic products; matches; pyrophoric alloys; certain combustible preparations,19221603.934
2017,Exportacion,43,Furskins and artificial fur; manufactures thereof,959.854
2017,Exportacion,51,"Wool, fine or coarse animal hair; horsehair yarn and woven fabric",2694.077
2017,Exportacion,53,Vegetable textile fibres; paper yarn and woven fabrics of paper yarn,209084.488
2017,Exportacion,78,Lead and articles thereof,21233053.078
2017,Exportacion,80,Tin; articles thereof,36627.354
2017,Exportacion,88,"Aircraft, spacecraft, and parts thereof",2543550.12
2017,Exportacion,89,"Ships, boats and floating structures",719277.779
2017,Exportacion,93,Arms and ammunition; parts and accessories thereof,1982.068
2017,Exportacion,08,"Fruit and nuts, edible; peel of citrus fruit or melons",2347433378.078
2017,Exportacion,12,"Oil seeds and oleaginous fruits; miscellaneous grains, seeds and fruit, industrial or medicinal plants; straw and fodder",27100947.635
2017,Exportacion,17,Sugars and sugar confectionery,136812261.031
2017,Exportacion,20,"Preparations of vegetables, fruit, nuts or other parts of plants",446329398.426
2017,Exportacion,03,"Fish and crustaceans, molluscs and other aquatic invertebrates",96387639.464
2017,Exportacion,27,"Mineral fuels, mineral oils and products of their distillation; bituminous substances; mineral waxes",4393529.536
2017,Exportacion,13,"Lac; gums, resins and other vegetable saps and extracts",661253.854
2017,Exportacion,18,Cocoa and cocoa preparations,11222617.664
2017,Exportacion,21,Miscellaneous edible preparations,561828426.407
2017,Exportacion,22,"Beverages, spirits and vinegar",85062392.945
2017,Exportacion,25,"Salt; sulphur; earths, stone; plastering materials, lime and cement",36773264.956
2017,Exportacion,09,"Coffee, tea, mate and spices",337922693.469
2017,Exportacion,10,Cereals,3239131.768
2017,Exportacion,11,"Products of the milling industry; malt, starches, inulin, wheat gluten",15181541.848
2017,Exportacion,29,Organic chemicals,5934721.993
2017,Exportacion,30,Pharmaceutical products,299818910.941
2017,Exportacion,32,"Tanning or dyeing extracts; tannins and their derivatives; dyes, pigments and other colouring matter; paints, varnishes; putty, other mastics; inks",96878822.346
2017,Exportacion,33,"Essential oils and resinoids; perfumery, cosmetic or toilet preparations",33965912.495
2017,Exportacion,41,Raw hides and skins (other than furskins) and leather,8512870.87
2017,Exportacion,44,Wood and articles of wood; wood charcoal,87531712.68
2017,Exportacion,40,Rubber and articles thereof,279184593.857
2017,Exportacion,39,Plastics and articles thereof,373043616.924
2017,Exportacion,38,Chemical products n.e.c.,130425136.937
2017,Exportacion,57,Carpets and other textile floor coverings,114260.908
2017,Exportacion,37,Photographic or cinematographic goods,440188.597
2017,Exportacion,35,Albuminoidal substances; modified starches; glues; enzymes,15145189.979
2017,Exportacion,34,"Soap, organic surface-active agents; washing, lubricating, polishing or scouring preparations; artificial or prepared waxes, candles and similar articles, modelling pastes, dental waxes and dental preparations with a basis of plaster",46058755.034
2017,Exportacion,42,"Articles of leather; saddlery and harness; travel goods, handbags and similar containers; articles of animal gut (other than silk-worm gut)",5143419.219
2017,Exportacion,62,Apparel and clothing accessories; not knitted or crocheted,10772921.329
2017,Exportacion,45,Cork and articles of cork,1064.594
2017,Exportacion,48,"Paper and paperboard; articles of paper pulp, of paper or paperboard",96116501.848
2017,Exportacion,49,"Printed books, newspapers, pictures and other products of the printing industry; manuscripts, typescripts and plans",12419239.151
2017,Exportacion,52,Cotton,31995096.186
2017,Exportacion,54,Man-made filaments; strip and the like of man-made textile materials,20732432.821
2017,Exportacion,55,Man-made staple fibres,4558384.581
2017,Exportacion,56,"Wadding, felt and nonwovens, special yarns; twine, cordage, ropes and cables and articles thereof",6009804.321
2017,Exportacion,58,"Fabrics; special woven fabrics, tufted textile fabrics, lace, tapestries, trimmings, embroidery",4246136.653
2017,Exportacion,59,"Textile fabrics; impregnated, coated, covered or laminated; textile articles of a kind suitable for industrial use",3158961.924
2017,Exportacion,60,Fabrics; knitted or crocheted,243459.169
2017,Exportacion,61,Apparel and clothing accessories; knitted or crocheted,33036973.78
2017,Exportacion,63,"Textiles, made up articles; sets; worn clothing and worn textile articles; rags",3683158.848
2017,Exportacion,64,Footwear; gaiters and the like; parts of such articles,1726142.393
2017,Exportacion,65,Headgear and parts thereof,309542.211
2017,Exportacion,66,"Umbrellas, sun umbrellas, walking-sticks, seat sticks, whips, riding crops; and parts thereof",108396.982
2017,Exportacion,67,"Feathers and down, prepared; and articles made of feather or of down; artificial flowers; articles of human hair",27700.43
2017,Exportacion,68,"Stone, plaster, cement, asbestos, mica or similar materials; articles thereof",28535552.302
2017,Exportacion,69,Ceramic products,4133897.3
2017,Exportacion,70,Glass and glassware,94746141.568
2017,Exportacion,71,"Natural, cultured pearls; precious, semi-precious stones; precious metals, metals clad with precious metal, and articles thereof; imitation jewellery; coin",42349736.751
2017,Exportacion,72,Iron and steel,169146508.203
2017,Exportacion,79,Zinc and articles thereof,1818800.438
2017,Exportacion,74,Copper and articles thereof,26058768.198
2017,Exportacion,73,Iron or steel articles,105428086.045
2017,Exportacion,82,"Tools, implements, cutlery, spoons and forks, of base metal; parts thereof, of base metal",5800081.552
2017,Exportacion,81,"Metals; n.e.c., cermets and articles thereof",1835458.812
2017,Exportacion,83,Metal; miscellaneous products of base metal,26848879.869
2017,Exportacion,84,"Machinery and mechanical appliances, boilers, nuclear reactors; parts thereof",83806107.613
2017,Exportacion,90,"Optical, photographic, cinematographic, measuring, checking, medical or surgical instruments and apparatus; parts and accessories",3053462739.6
2017,Exportacion,76,Aluminium and articles thereof,67471332.608
2017,Exportacion,75,Nickel and articles thereof,19321441.581
2017,Exportacion,86,"Railway, tramway locomotives, rolling-stock and parts thereof; railway or tramway track fixtures and fittings and parts thereof; mechanical (including electro-mechanical) traffic signalling equipment of all kinds",1810121.454
2017,Exportacion,87,"Vehicles; other than railway or tramway rolling stock, and parts and accessories thereof",8112596.482
2017,Exportacion,85,"Electrical machinery and equipment and parts thereof; sound recorders and reproducers; television image and sound recorders and reproducers, parts and accessories of such articles",510347005.201
2017,Exportacion,91,Clocks and watches and parts thereof,527249.217
2017,Exportacion,92,Musical instruments; parts and accessories of such articles,72542.015
2017,Exportacion,94,"Furniture; bedding, mattresses, mattress supports, cushions and similar stuffed furnishings; lamps and lighting fittings, n.e.c.; illuminated signs, illuminated name-plates and the like; prefabricated buildings",46690989.997
2017,Exportacion,95,"Toys, games and sports requisites; parts and accessories thereof",28502398.273
2017,Exportacion,96,Miscellaneous manufactured articles,145850362.122
2017,Exportacion,97,Works of art; collectors' pieces and antiques,450406.454
2017,Importacion,12,"Oil seeds and oleaginous fruits; miscellaneous grains, seeds and fruit, industrial or medicinal plants; straw and fodder",161415976.156
2017,Importacion,09,"Coffee, tea, mate and spices",23994034.855
2017,Importacion,08,"Fruit and nuts, edible; peel of citrus fruit or melons",104072942.997
2017,Importacion,07,Vegetables and certain roots and tubers; edible,83179768.381
2017,Importacion,06,"Trees and other plants, live; bulbs, roots and the like; cut flowers and ornamental foliage",13040763.398
2017,Importacion,05,Animal originated products; not elsewhere specified or included,5382225.626
2017,Importacion,04,"Dairy produce; birds' eggs; natural honey; edible products of animal origin, not elsewhere specified or included",58498470.809
2017,Importacion,03,"Fish and crustaceans, molluscs and other aquatic invertebrates",92373835.59
2017,Importacion,02,Meat and edible meat offal,116127903.749
2017,Importacion,11,"Products of the milling industry; malt, starches, inulin, wheat gluten",45207295.235
2017,Importacion,13,"Lac; gums, resins and other vegetable saps and extracts",7313891.071
2017,Importacion,14,Vegetable plaiting materials; vegetable products not elsewhere specified or included,868618.224
2017,Importacion,15,"Animal, vegetable or microbial fats and oils and their cleavage products; prepared edible fats; animal or vegetable waxes",95846931.305
2017,Importacion,16,"Meat, fish, crustaceans, molluscs or other aquatic invertebrates, or insects; preparations thereof",136015305.497
2017,Importacion,17,Sugars and sugar confectionery,55698660.658
2017,Importacion,18,Cocoa and cocoa preparations,42858988.489
2017,Importacion,19,"Preparations of cereals, flour, starch or milk; pastrycooks' products",146852142.754
2017,Importacion,20,"Preparations of vegetables, fruit, nuts or other parts of plants",170812678.788
2017,Importacion,21,Miscellaneous edible preparations,264608689.717
2017,Importacion,22,"Beverages, spirits and vinegar",129905074.03
2017,Importacion,23,"Food industries, residues and wastes thereof; prepared animal fodder",151861807.192
2017,Importacion,24,"Tobacco and manufactured tobacco substitutes; products, whether or not containing nicotine, intended for inhalation without combustion; other nicotine containing products intended for the intake of nicotine into the human body",13199018.017
2017,Importacion,25,"Salt; sulphur; earths, stone; plastering materials, lime and cement",54232206.501
2017,Importacion,26,"Ores, slag and ash",1089620.451
2017,Importacion,27,"Mineral fuels, mineral oils and products of their distillation; bituminous substances; mineral waxes",1529050261.85
2017,Importacion,28,"Inorganic chemicals; organic and inorganic compounds of precious metals; of rare earth metals, of radio-active elements and of isotopes",100493258.149
2017,Importacion,34,"Soap, organic surface-active agents; washing, lubricating, polishing or scouring preparations; artificial or prepared waxes, candles and similar articles, modelling pastes, dental waxes and dental preparations with a basis of plaster",150961704.35
2017,Importacion,38,Chemical products n.e.c.,329206265.899
2017,Importacion,30,Pharmaceutical products,809971235.755
2017,Importacion,31,Fertilizers,160293512.801
2017,Importacion,32,"Tanning or dyeing extracts; tannins and their derivatives; dyes, pigments and other colouring matter; paints, varnishes; putty, other mastics; inks",111338201.155
2017,Importacion,29,Organic chemicals,180323847.896
2017,Importacion,33,"Essential oils and resinoids; perfumery, cosmetic or toilet preparations",226817317.372
2017,Importacion,35,Albuminoidal substances; modified starches; glues; enzymes,47504602.451
2017,Importacion,37,Photographic or cinematographic goods,8612714.344
2017,Importacion,39,Plastics and articles thereof,1272810116.511
2017,Importacion,40,Rubber and articles thereof,224943426.403
2017,Importacion,41,Raw hides and skins (other than furskins) and leather,6066862.231
2017,Importacion,45,Cork and articles of cork,320713.329
2017,Importacion,46,"Manufactures of straw, esparto or other plaiting materials; basketware and wickerwork",450425.743
2017,Importacion,47,Pulp of wood or other fibrous cellulosic material; recovered (waste and scrap) paper or paperboard,12055318.164
2017,Importacion,48,"Paper and paperboard; articles of paper pulp, of paper or paperboard",656326124.781
2017,Importacion,56,"Wadding, felt and nonwovens, special yarns; twine, cordage, ropes and cables and articles thereof",39157696.983
2017,Importacion,49,"Printed books, newspapers, pictures and other products of the printing industry; manuscripts, typescripts and plans",57983595.252
2017,Importacion,50,Silk,35031.638
2017,Importacion,57,Carpets and other textile floor coverings,11313770.04
2017,Importacion,51,"Wool, fine or coarse animal hair; horsehair yarn and woven fabric",3369357.731
2017,Importacion,42,"Articles of leather; saddlery and harness; travel goods, handbags and similar containers; articles of animal gut (other than silk-worm gut)",44832308.233
2017,Importacion,43,Furskins and artificial fur; manufactures thereof,30788.196
2017,Importacion,44,Wood and articles of wood; wood charcoal,96423777.994
2017,Importacion,60,Fabrics; knitted or crocheted,14192678.836
2017,Importacion,61,Apparel and clothing accessories; knitted or crocheted,126819803.413
2017,Importacion,53,Vegetable textile fibres; paper yarn and woven fabrics of paper yarn,421086.044
2017,Importacion,54,Man-made filaments; strip and the like of man-made textile materials,48728822.682
2017,Importacion,55,Man-made staple fibres,19139627.557
2017,Importacion,58,"Fabrics; special woven fabrics, tufted textile fabrics, lace, tapestries, trimmings, embroidery",9798764.897
2017,Importacion,52,Cotton,11034873.945
2017,Importacion,59,"Textile fabrics; impregnated, coated, covered or laminated; textile articles of a kind suitable for industrial use",18259334.856
2017,Importacion,62,Apparel and clothing accessories; not knitted or crocheted,166377942.872
2017,Importacion,63,"Textiles, made up articles; sets; worn clothing and worn textile articles; rags",83160603.698
2017,Importacion,70,Glass and glassware,59731462.564
2017,Importacion,71,"Natural, cultured pearls; precious, semi-precious stones; precious metals, metals clad with precious metal, and articles thereof; imitation jewellery; coin",46465405.851
2017,Importacion,64,Footwear; gaiters and the like; parts of such articles,145805122.076
2017,Importacion,65,Headgear and parts thereof,12843179.963
2017,Importacion,66,"Umbrellas, sun umbrellas, walking-sticks, seat sticks, whips, riding crops; and parts thereof",5981750.455
2017,Importacion,67,"Feathers and down, prepared; and articles made of feather or of down; artificial flowers; articles of human hair",3885162.839
2017,Importacion,68,"Stone, plaster, cement, asbestos, mica or similar materials; articles thereof",76973607.177
2017,Importacion,69,Ceramic products,87469276.199
2017,Importacion,72,Iron and steel,489971680.021
2017,Importacion,73,Iron or steel articles,445211646.055
2017,Importacion,74,Copper and articles thereof,89582759.874
2017,Importacion,75,Nickel and articles thereof,8583041.476
2017,Importacion,76,Aluminium and articles thereof,138326394.284
2017,Importacion,78,Lead and articles thereof,654819.277
2017,Importacion,79,Zinc and articles thereof,20497727.331
2017,Importacion,80,Tin; articles thereof,216910.213
2017,Importacion,81,"Metals; n.e.c., cermets and articles thereof",17253659.804
2017,Importacion,82,"Tools, implements, cutlery, spoons and forks, of base metal; parts thereof, of base metal",87089136.195
2017,Importacion,83,Metal; miscellaneous products of base metal,87765669.636
2017,Importacion,84,"Machinery and mechanical appliances, boilers, nuclear reactors; parts thereof",1452445257.561
2017,Importacion,86,"Railway, tramway locomotives, rolling-stock and parts thereof; railway or tramway track fixtures and fittings and parts thereof; mechanical (including electro-mechanical) traffic signalling equipment of all kinds",8445277.048
2017,Importacion,87,"Vehicles; other than railway or tramway rolling stock, and parts and accessories thereof",1346341139.223
2017,Importacion,88,"Aircraft, spacecraft, and parts thereof",38387830.879
2017,Importacion,89,"Ships, boats and floating structures",3994886.125
2017,Importacion,90,"Optical, photographic, cinematographic, measuring, checking, medical or surgical instruments and apparatus; parts and accessories",601706917.618
2017,Importacion,92,Musical instruments; parts and accessories of such articles,5685847.922
2017,Importacion,93,Arms and ammunition; parts and accessories thereof,4755302.222
2017,Importacion,94,"Furniture; bedding, mattresses, mattress supports, cushions and similar stuffed furnishings; lamps and lighting fittings, n.e.c.; illuminated signs, illuminated name-plates and the like; prefabricated buildings",272607602.392
2017,Importacion,91,Clocks and watches and parts thereof,14886401.422
2017,Importacion,95,"Toys, games and sports requisites; parts and accessories thereof",113269907.102
2017,Importacion,96,Miscellaneous manufactured articles,88550915.767
2017,Importacion,97,Works of art; collectors' pieces and antiques,734581.685
2017,Importacion,85,"Electrical machinery and equipment and parts thereof; sound recorders and reproducers; television image and sound recorders and reproducers, parts and accessories of such articles",1692440549.004
2017,Importacion,10,Cereals,312492367.15
2017,Importacion,01,Animals; live,11008186.489
2017,Importacion,36,Explosives; pyrotechnic products; matches; pyrophoric alloys; certain combustible preparations,7206359.943
2018,Exportacion,02,Meat and edible meat offal,75323040.86
2018,Exportacion,04,"Dairy produce; birds' eggs; natural honey; edible products of animal origin, not elsewhere specified or included",147831913.77
2018,Exportacion,05,Animal originated products; not elsewhere specified or included,5857300.8
2018,Exportacion,07,Vegetables and certain roots and tubers; edible,160520488.66
2018,Exportacion,09,"Coffee, tea, mate and spices",326223309.84
2018,Exportacion,13,"Lac; gums, resins and other vegetable saps and extracts",1909611.28
2018,Exportacion,14,Vegetable plaiting materials; vegetable products not elsewhere specified or included,262387.86
2018,Exportacion,16,"Meat, fish, crustaceans, molluscs or other aquatic invertebrates, or insects; preparations thereof",51556861.87
2018,Exportacion,18,Cocoa and cocoa preparations,11052602.51
2018,Exportacion,22,"Beverages, spirits and vinegar",81248150.42
2018,Exportacion,23,"Food industries, residues and wastes thereof; prepared animal fodder",55704277.94
2018,Exportacion,24,"Tobacco and manufactured tobacco substitutes; products, whether or not containing nicotine, intended for inhalation without combustion; other nicotine containing products intended for the intake of nicotine into the human body",5457508.41
2018,Exportacion,26,"Ores, slag and ash",40130.92
2018,Exportacion,31,Fertilizers,28881312.71
2018,Exportacion,36,Explosives; pyrotechnic products; matches; pyrophoric alloys; certain combustible preparations,19753488.44
2018,Exportacion,45,Cork and articles of cork,4689.82
2018,Exportacion,47,Pulp of wood or other fibrous cellulosic material; recovered (waste and scrap) paper or paperboard,14283844.82
2018,Exportacion,43,Furskins and artificial fur; manufactures thereof,3452.64
2018,Exportacion,55,Man-made staple fibres,5809368.79
2018,Exportacion,78,Lead and articles thereof,20627253.34
2018,Exportacion,80,Tin; articles thereof,85385.96
2018,Exportacion,88,"Aircraft, spacecraft, and parts thereof",855688.46
2018,Exportacion,93,Arms and ammunition; parts and accessories thereof,200.0
2018,Exportacion,01,Animals; live,7471032.55
2018,Exportacion,03,"Fish and crustaceans, molluscs and other aquatic invertebrates",99661141.23
2018,Exportacion,06,"Trees and other plants, live; bulbs, roots and the like; cut flowers and ornamental foliage",130321404.39
2018,Exportacion,08,"Fruit and nuts, edible; peel of citrus fruit or melons",2243247973.67
2018,Exportacion,10,Cereals,2406029.5
2018,Exportacion,11,"Products of the milling industry; malt, starches, inulin, wheat gluten",11224896.75
2018,Exportacion,12,"Oil seeds and oleaginous fruits; miscellaneous grains, seeds and fruit, industrial or medicinal plants; straw and fodder",24976037.92
2018,Exportacion,15,"Animal, vegetable or microbial fats and oils and their cleavage products; prepared edible fats; animal or vegetable waxes",179685469.5
2018,Exportacion,17,Sugars and sugar confectionery,104535534.47
2018,Exportacion,19,"Preparations of cereals, flour, starch or milk; pastrycooks' products",126140211.7
2018,Exportacion,20,"Preparations of vegetables, fruit, nuts or other parts of plants",374946551.87
2018,Exportacion,21,Miscellaneous edible preparations,558942698.44
2018,Exportacion,25,"Salt; sulphur; earths, stone; plastering materials, lime and cement",29804719.97
2018,Exportacion,27,"Mineral fuels, mineral oils and products of their distillation; bituminous substances; mineral waxes",3684868.83
2018,Exportacion,28,"Inorganic chemicals; organic and inorganic compounds of precious metals; of rare earth metals, of radio-active elements and of isotopes",13392817.89
2018,Exportacion,29,Organic chemicals,6186266.82
2018,Exportacion,30,Pharmaceutical products,316019304.89
2018,Exportacion,32,"Tanning or dyeing extracts; tannins and their derivatives; dyes, pigments and other colouring matter; paints, varnishes; putty, other mastics; inks",88742907.11
2018,Exportacion,33,"Essential oils and resinoids; perfumery, cosmetic or toilet preparations",32101416.49
2018,Exportacion,34,"Soap, organic surface-active agents; washing, lubricating, polishing or scouring preparations; artificial or prepared waxes, candles and similar articles, modelling pastes, dental waxes and dental preparations with a basis of plaster",46052123.24
2018,Exportacion,35,Albuminoidal substances; modified starches; glues; enzymes,14386797.9
2018,Exportacion,37,Photographic or cinematographic goods,383023.85
2018,Exportacion,38,Chemical products n.e.c.,116173966.41
2018,Exportacion,39,Plastics and articles thereof,367070316.1
2018,Exportacion,40,Rubber and articles thereof,285496811.67
2018,Exportacion,46,"Manufactures of straw, esparto or other plaiting materials; basketware and wickerwork",8471.64
2018,Exportacion,44,Wood and articles of wood; wood charcoal,73543333.42
2018,Exportacion,42,"Articles of leather; saddlery and harness; travel goods, handbags and similar containers; articles of animal gut (other than silk-worm gut)",4986449.13
2018,Exportacion,41,Raw hides and skins (other than furskins) and leather,5865541.76
2018,Exportacion,48,"Paper and paperboard; articles of paper pulp, of paper or paperboard",84752916.44
2018,Exportacion,49,"Printed books, newspapers, pictures and other products of the printing industry; manuscripts, typescripts and plans",9496526.22
2018,Exportacion,51,"Wool, fine or coarse animal hair; horsehair yarn and woven fabric",2130.89
2018,Exportacion,52,Cotton,34997681.95
2018,Exportacion,53,Vegetable textile fibres; paper yarn and woven fabrics of paper yarn,428233.73
2018,Exportacion,54,Man-made filaments; strip and the like of man-made textile materials,21704449.37
2018,Exportacion,56,"Wadding, felt and nonwovens, special yarns; twine, cordage, ropes and cables and articles thereof",4789466.84
2018,Exportacion,57,Carpets and other textile floor coverings,66892.58
2018,Exportacion,58,"Fabrics; special woven fabrics, tufted textile fabrics, lace, tapestries, trimmings, embroidery",3226316.77
2018,Exportacion,59,"Textile fabrics; impregnated, coated, covered or laminated; textile articles of a kind suitable for industrial use",8257317.01
2018,Exportacion,60,Fabrics; knitted or crocheted,345967.8
2018,Exportacion,61,Apparel and clothing accessories; knitted or crocheted,26913211.02
2018,Exportacion,62,Apparel and clothing accessories; not knitted or crocheted,12049305.9
2018,Exportacion,71,"Natural, cultured pearls; precious, semi-precious stones; precious metals, metals clad with precious metal, and articles thereof; imitation jewellery; coin",35571119.81
2018,Exportacion,73,Iron or steel articles,107994932.53
2018,Exportacion,70,Glass and glassware,112261357.04
2018,Exportacion,69,Ceramic products,3644510.3
2018,Exportacion,68,"Stone, plaster, cement, asbestos, mica or similar materials; articles thereof",27806288.05
2018,Exportacion,67,"Feathers and down, prepared; and articles made of feather or of down; artificial flowers; articles of human hair",62630.71
2018,Exportacion,74,Copper and articles thereof,32405159.91
2018,Exportacion,66,"Umbrellas, sun umbrellas, walking-sticks, seat sticks, whips, riding crops; and parts thereof",50702.15
2018,Exportacion,65,Headgear and parts thereof,160218.29
2018,Exportacion,64,Footwear; gaiters and the like; parts of such articles,1080328.48
2018,Exportacion,63,"Textiles, made up articles; sets; worn clothing and worn textile articles; rags",3333109.2
2018,Exportacion,72,Iron and steel,172826896.86
2018,Exportacion,75,Nickel and articles thereof,16646789.77
2018,Exportacion,76,Aluminium and articles thereof,67217309.2
2018,Exportacion,79,Zinc and articles thereof,1351307.86
2018,Exportacion,81,"Metals; n.e.c., cermets and articles thereof",4142056.3
2018,Exportacion,82,"Tools, implements, cutlery, spoons and forks, of base metal; parts thereof, of base metal",4467835.44
2018,Exportacion,83,Metal; miscellaneous products of base metal,28348523.34
2018,Exportacion,84,"Machinery and mechanical appliances, boilers, nuclear reactors; parts thereof",96283606.3
2018,Exportacion,85,"Electrical machinery and equipment and parts thereof; sound recorders and reproducers; television image and sound recorders and reproducers, parts and accessories of such articles",518644866.44
2018,Exportacion,89,"Ships, boats and floating structures",1568792.37
2018,Exportacion,87,"Vehicles; other than railway or tramway rolling stock, and parts and accessories thereof",12905818.39
2018,Exportacion,86,"Railway, tramway locomotives, rolling-stock and parts thereof; railway or tramway track fixtures and fittings and parts thereof; mechanical (including electro-mechanical) traffic signalling equipment of all kinds",1339850.68
2018,Exportacion,90,"Optical, photographic, cinematographic, measuring, checking, medical or surgical instruments and apparatus; parts and accessories",3284132377.5
2018,Exportacion,96,Miscellaneous manufactured articles,157730399.31
2018,Exportacion,97,Works of art; collectors' pieces and antiques,503637.76
2018,Exportacion,95,"Toys, games and sports requisites; parts and accessories thereof",28416750.03
2018,Exportacion,94,"Furniture; bedding, mattresses, mattress supports, cushions and similar stuffed furnishings; lamps and lighting fittings, n.e.c.; illuminated signs, illuminated name-plates and the like; prefabricated buildings",42435166.88
2018,Exportacion,92,Musical instruments; parts and accessories of such articles,110833.01
2018,Exportacion,91,Clocks and watches and parts thereof,557468.53
2018,Importacion,08,"Fruit and nuts, edible; peel of citrus fruit or melons",102460239.71
2018,Importacion,07,Vegetables and certain roots and tubers; edible,62881592.83
2018,Importacion,06,"Trees and other plants, live; bulbs, roots and the like; cut flowers and ornamental foliage",12849744.39
2018,Importacion,05,Animal originated products; not elsewhere specified or included,4800948.36
2018,Importacion,04,"Dairy produce; birds' eggs; natural honey; edible products of animal origin, not elsewhere specified or included",66046308.38
2018,Importacion,03,"Fish and crustaceans, molluscs and other aquatic invertebrates",86713264.49
2018,Importacion,02,Meat and edible meat offal,98342225.22
2018,Importacion,09,"Coffee, tea, mate and spices",23231584.41
2018,Importacion,10,Cereals,320426001.59
2018,Importacion,11,"Products of the milling industry; malt, starches, inulin, wheat gluten",44937779.57
2018,Importacion,12,"Oil seeds and oleaginous fruits; miscellaneous grains, seeds and fruit, industrial or medicinal plants; straw and fodder",157927804.75
2018,Importacion,13,"Lac; gums, resins and other vegetable saps and extracts",5570410.95
2018,Importacion,24,"Tobacco and manufactured tobacco substitutes; products, whether or not containing nicotine, intended for inhalation without combustion; other nicotine containing products intended for the intake of nicotine into the human body",11653361.24
2018,Importacion,23,"Food industries, residues and wastes thereof; prepared animal fodder",174353767.82
2018,Importacion,28,"Inorganic chemicals; organic and inorganic compounds of precious metals; of rare earth metals, of radio-active elements and of isotopes",100643660.22
2018,Importacion,22,"Beverages, spirits and vinegar",135267852.98
2018,Importacion,21,Miscellaneous edible preparations,250087422.57
2018,Importacion,20,"Preparations of vegetables, fruit, nuts or other parts of plants",155127886.25
2018,Importacion,19,"Preparations of cereals, flour, starch or milk; pastrycooks' products",145606713.73
2018,Importacion,18,Cocoa and cocoa preparations,41991536.44
2018,Importacion,17,Sugars and sugar confectionery,52144227.56
2018,Importacion,16,"Meat, fish, crustaceans, molluscs or other aquatic invertebrates, or insects; preparations thereof",129860202.59
2018,Importacion,15,"Animal, vegetable or microbial fats and oils and their cleavage products; prepared edible fats; animal or vegetable waxes",97126809.28
2018,Importacion,14,Vegetable plaiting materials; vegetable products not elsewhere specified or included,975575.58
2018,Importacion,25,"Salt; sulphur; earths, stone; plastering materials, lime and cement",45410876.25
2018,Importacion,26,"Ores, slag and ash",466868.54
2018,Importacion,27,"Mineral fuels, mineral oils and products of their distillation; bituminous substances; mineral waxes",1717095714.78
2018,Importacion,31,Fertilizers,173748570.54
2018,Importacion,33,"Essential oils and resinoids; perfumery, cosmetic or toilet preparations",227119551.74
2018,Importacion,35,Albuminoidal substances; modified starches; glues; enzymes,49093416.76
2018,Importacion,29,Organic chemicals,188100910.54
2018,Importacion,30,Pharmaceutical products,776942194.44
2018,Importacion,32,"Tanning or dyeing extracts; tannins and their derivatives; dyes, pigments and other colouring matter; paints, varnishes; putty, other mastics; inks",111788230.14
2018,Importacion,34,"Soap, organic surface-active agents; washing, lubricating, polishing or scouring preparations; artificial or prepared waxes, candles and similar articles, modelling pastes, dental waxes and dental preparations with a basis of plaster",148901349.14
2018,Importacion,37,Photographic or cinematographic goods,6851009.58
2018,Importacion,45,Cork and articles of cork,395989.66
2018,Importacion,40,Rubber and articles thereof,234669731.29
2018,Importacion,38,Chemical products n.e.c.,327868251.03
2018,Importacion,50,Silk,3327.95
2018,Importacion,51,"Wool, fine or coarse animal hair; horsehair yarn and woven fabric",3916638.4
2018,Importacion,39,Plastics and articles thereof,1336724825.99
2018,Importacion,43,Furskins and artificial fur; manufactures thereof,32185.75
2018,Importacion,44,Wood and articles of wood; wood charcoal,103781043.21
2018,Importacion,46,"Manufactures of straw, esparto or other plaiting materials; basketware and wickerwork",611966.45
2018,Importacion,47,Pulp of wood or other fibrous cellulosic material; recovered (waste and scrap) paper or paperboard,12203396.22
2018,Importacion,48,"Paper and paperboard; articles of paper pulp, of paper or paperboard",683690938.37
2018,Importacion,41,Raw hides and skins (other than furskins) and leather,6718073.0
2018,Importacion,49,"Printed books, newspapers, pictures and other products of the printing industry; manuscripts, typescripts and plans",55413038.97
2018,Importacion,42,"Articles of leather; saddlery and harness; travel goods, handbags and similar containers; articles of animal gut (other than silk-worm gut)",48671632.81
2018,Importacion,52,Cotton,8923044.16
2018,Importacion,53,Vegetable textile fibres; paper yarn and woven fabrics of paper yarn,313372.36
2018,Importacion,54,Man-made filaments; strip and the like of man-made textile materials,52120478.04
2018,Importacion,55,Man-made staple fibres,17402920.58
2018,Importacion,56,"Wadding, felt and nonwovens, special yarns; twine, cordage, ropes and cables and articles thereof",42531047.47
2018,Importacion,57,Carpets and other textile floor coverings,9477978.18
2018,Importacion,58,"Fabrics; special woven fabrics, tufted textile fabrics, lace, tapestries, trimmings, embroidery",8176347.2
2018,Importacion,59,"Textile fabrics; impregnated, coated, covered or laminated; textile articles of a kind suitable for industrial use",20275032.57
2018,Importacion,60,Fabrics; knitted or crocheted,14371530.76
2018,Importacion,67,"Feathers and down, prepared; and articles made of feather or of down; artificial flowers; articles of human hair",4829373.12
2018,Importacion,68,"Stone, plaster, cement, asbestos, mica or similar materials; articles thereof",72071158.33
2018,Importacion,66,"Umbrellas, sun umbrellas, walking-sticks, seat sticks, whips, riding crops; and parts thereof",5023119.9
2018,Importacion,65,Headgear and parts thereof,12991619.46
2018,Importacion,64,Footwear; gaiters and the like; parts of such articles,133467362.1
2018,Importacion,63,"Textiles, made up articles; sets; worn clothing and worn textile articles; rags",73628136.15
2018,Importacion,62,Apparel and clothing accessories; not knitted or crocheted,173546214.24
2018,Importacion,61,Apparel and clothing accessories; knitted or crocheted,138471467.99
2018,Importacion,69,Ceramic products,84639265.44
2018,Importacion,70,Glass and glassware,64606680.16
2018,Importacion,71,"Natural, cultured pearls; precious, semi-precious stones; precious metals, metals clad with precious metal, and articles thereof; imitation jewellery; coin",44213616.76
2018,Importacion,72,Iron and steel,634998015.95
2018,Importacion,73,Iron or steel articles,444403074.16
2018,Importacion,74,Copper and articles thereof,111111263.76
2018,Importacion,75,Nickel and articles thereof,14444614.24
2018,Importacion,76,Aluminium and articles thereof,129673507.67
2018,Importacion,78,Lead and articles thereof,666995.7
2018,Importacion,79,Zinc and articles thereof,20461979.95
2018,Importacion,80,Tin; articles thereof,197986.27
2018,Importacion,81,"Metals; n.e.c., cermets and articles thereof",17501644.84
2018,Importacion,82,"Tools, implements, cutlery, spoons and forks, of base metal; parts thereof, of base metal",92942416.5
2018,Importacion,84,"Machinery and mechanical appliances, boilers, nuclear reactors; parts thereof",1497413248.54
2018,Importacion,83,Metal; miscellaneous products of base metal,82343712.83
2018,Importacion,86,"Railway, tramway locomotives, rolling-stock and parts thereof; railway or tramway track fixtures and fittings and parts thereof; mechanical (including electro-mechanical) traffic signalling equipment of all kinds",20372129.7
2018,Importacion,87,"Vehicles; other than railway or tramway rolling stock, and parts and accessories thereof",1127101874.55
2018,Importacion,88,"Aircraft, spacecraft, and parts thereof",6070628.7
2018,Importacion,89,"Ships, boats and floating structures",58332603.99
2018,Importacion,90,"Optical, photographic, cinematographic, measuring, checking, medical or surgical instruments and apparatus; parts and accessories",614854910.38
2018,Importacion,91,Clocks and watches and parts thereof,14773930.58
2018,Importacion,92,Musical instruments; parts and accessories of such articles,5763735.64
2018,Importacion,93,Arms and ammunition; parts and accessories thereof,5818353.93
2018,Importacion,94,"Furniture; bedding, mattresses, mattress supports, cushions and similar stuffed furnishings; lamps and lighting fittings, n.e.c.; illuminated signs, illuminated name-plates and the like; prefabricated buildings",243605653.96
2018,Importacion,95,"Toys, games and sports requisites; parts and accessories thereof",105531878.64
2018,Importacion,96,Miscellaneous manufactured articles,82533187.28
2018,Importacion,97,Works of art; collectors' pieces and antiques,906667.8
2018,Importacion,85,"Electrical machinery and equipment and parts thereof; sound recorders and reproducers; television image and sound recorders and reproducers, parts and accessories of such articles",1693995914.55
2018,Importacion,01,Animals; live,8198120.9
2018,Importacion,36,Explosives; pyrotechnic products; matches; pyrophoric alloys; certain combustible preparations,6674787.25
2019,Exportacion,31,Fertilizers,33731161.18
2019,Exportacion,05,Animal originated products; not elsewhere specified or included,8056523.1
2019,Exportacion,86,"Railway, tramway locomotives, rolling-stock and parts thereof; railway or tramway track fixtures and fittings and parts thereof; mechanical (including electro-mechanical) traffic signalling equipment of all kinds",1408523.46
2019,Exportacion,25,"Salt; sulphur; earths, stone; plastering materials, lime and cement",29404073.13
2019,Exportacion,02,Meat and edible meat offal,114357288.73
2019,Exportacion,79,Zinc and articles thereof,444415.75
2019,Exportacion,14,Vegetable plaiting materials; vegetable products not elsewhere specified or included,395366.22
2019,Exportacion,45,Cork and articles of cork,987.8
2019,Exportacion,11,"Products of the milling industry; malt, starches, inulin, wheat gluten",9054393.86
2019,Exportacion,51,"Wool, fine or coarse animal hair; horsehair yarn and woven fabric",1669.96
2019,Exportacion,55,Man-made staple fibres,3808683.45
2019,Exportacion,89,"Ships, boats and floating structures",3420885.89
2019,Exportacion,53,Vegetable textile fibres; paper yarn and woven fabrics of paper yarn,620828.49
2019,Exportacion,10,Cereals,3876384.35
2019,Exportacion,93,Arms and ammunition; parts and accessories thereof,67386.8
2019,Exportacion,16,"Meat, fish, crustaceans, molluscs or other aquatic invertebrates, or insects; preparations thereof",49627083.34
2019,Exportacion,80,Tin; articles thereof,250536.4
2019,Exportacion,36,Explosives; pyrotechnic products; matches; pyrophoric alloys; certain combustible preparations,34304406.56
2019,Exportacion,90,"Optical, photographic, cinematographic, measuring, checking, medical or surgical instruments and apparatus; parts and accessories",3650042883.89
2019,Exportacion,97,Works of art; collectors' pieces and antiques,339254.04
2019,Exportacion,66,"Umbrellas, sun umbrellas, walking-sticks, seat sticks, whips, riding crops; and parts thereof",44080.98
2019,Exportacion,88,"Aircraft, spacecraft, and parts thereof",2081893.14
2019,Exportacion,91,Clocks and watches and parts thereof,601477.1
2019,Exportacion,64,Footwear; gaiters and the like; parts of such articles,1843488.38
2019,Exportacion,84,"Machinery and mechanical appliances, boilers, nuclear reactors; parts thereof",101682914.02
2019,Exportacion,37,Photographic or cinematographic goods,208233.38
2019,Exportacion,42,"Articles of leather; saddlery and harness; travel goods, handbags and similar containers; articles of animal gut (other than silk-worm gut)",5745756.74
2019,Exportacion,87,"Vehicles; other than railway or tramway rolling stock, and parts and accessories thereof",13612296.5
2019,Exportacion,96,Miscellaneous manufactured articles,162005224.95
2019,Exportacion,73,Iron or steel articles,98256641.88
2019,Exportacion,30,Pharmaceutical products,324963702.97
2019,Exportacion,32,"Tanning or dyeing extracts; tannins and their derivatives; dyes, pigments and other colouring matter; paints, varnishes; putty, other mastics; inks",91548912.27
2019,Exportacion,33,"Essential oils and resinoids; perfumery, cosmetic or toilet preparations",34264486.28
2019,Exportacion,40,Rubber and articles thereof,270324408.52
2019,Exportacion,08,"Fruit and nuts, edible; peel of citrus fruit or melons",2159022579.47
2019,Exportacion,82,"Tools, implements, cutlery, spoons and forks, of base metal; parts thereof, of base metal",6668396.42
2019,Exportacion,95,"Toys, games and sports requisites; parts and accessories thereof",32462818.82
2019,Exportacion,81,"Metals; n.e.c., cermets and articles thereof",4385786.24
2019,Exportacion,03,"Fish and crustaceans, molluscs and other aquatic invertebrates",89332138.79
2019,Exportacion,21,Miscellaneous edible preparations,593870711.59
2019,Exportacion,43,Furskins and artificial fur; manufactures thereof,2063.0
2019,Exportacion,17,Sugars and sugar confectionery,92308501.57
2019,Exportacion,24,"Tobacco and manufactured tobacco substitutes; products, whether or not containing nicotine, intended for inhalation without combustion; other nicotine containing products intended for the intake of nicotine into the human body",4448275.04
2019,Exportacion,69,Ceramic products,3905785.96
2019,Exportacion,54,Man-made filaments; strip and the like of man-made textile materials,24405296.04
2019,Exportacion,72,Iron and steel,151527717.74
2019,Exportacion,59,"Textile fabrics; impregnated, coated, covered or laminated; textile articles of a kind suitable for industrial use",9891018.27
2019,Exportacion,35,Albuminoidal substances; modified starches; glues; enzymes,15261254.4
2019,Exportacion,52,Cotton,36049390.7
2019,Exportacion,49,"Printed books, newspapers, pictures and other products of the printing industry; manuscripts, typescripts and plans",9042324.23
2019,Exportacion,22,"Beverages, spirits and vinegar",81495032.26
2019,Exportacion,38,Chemical products n.e.c.,107109260.43
2019,Exportacion,62,Apparel and clothing accessories; not knitted or crocheted,11720382.03
2019,Exportacion,48,"Paper and paperboard; articles of paper pulp, of paper or paperboard",94686722.4
2019,Exportacion,29,Organic chemicals,5365734.06
2019,Exportacion,47,Pulp of wood or other fibrous cellulosic material; recovered (waste and scrap) paper or paperboard,10237302.2
2019,Exportacion,39,Plastics and articles thereof,378905046.34
2019,Exportacion,28,"Inorganic chemicals; organic and inorganic compounds of precious metals; of rare earth metals, of radio-active elements and of isotopes",15621952.37
2019,Exportacion,41,Raw hides and skins (other than furskins) and leather,3835272.92
2019,Exportacion,60,Fabrics; knitted or crocheted,69211.07
2019,Exportacion,13,"Lac; gums, resins and other vegetable saps and extracts",2703527.4
2019,Exportacion,70,Glass and glassware,106643265.56
2019,Exportacion,61,Apparel and clothing accessories; knitted or crocheted,27138430.8
2019,Exportacion,56,"Wadding, felt and nonwovens, special yarns; twine, cordage, ropes and cables and articles thereof",5765095.18
2019,Exportacion,15,"Animal, vegetable or microbial fats and oils and their cleavage products; prepared edible fats; animal or vegetable waxes",147639546.01
2019,Exportacion,57,Carpets and other textile floor coverings,44815.82
2019,Exportacion,04,"Dairy produce; birds' eggs; natural honey; edible products of animal origin, not elsewhere specified or included",158532617.36
2019,Exportacion,34,"Soap, organic surface-active agents; washing, lubricating, polishing or scouring preparations; artificial or prepared waxes, candles and similar articles, modelling pastes, dental waxes and dental preparations with a basis of plaster",47041713.31
2019,Exportacion,76,Aluminium and articles thereof,65838484.65
2019,Exportacion,65,Headgear and parts thereof,815536.5
2019,Exportacion,83,Metal; miscellaneous products of base metal,28123064.47
2019,Exportacion,46,"Manufactures of straw, esparto or other plaiting materials; basketware and wickerwork",7201.25
2019,Exportacion,20,"Preparations of vegetables, fruit, nuts or other parts of plants",334587579.87
2019,Exportacion,68,"Stone, plaster, cement, asbestos, mica or similar materials; articles thereof",28066878.33
2019,Exportacion,07,Vegetables and certain roots and tubers; edible,172184871.16
2019,Exportacion,09,"Coffee, tea, mate and spices",285592000.39
2019,Exportacion,12,"Oil seeds and oleaginous fruits; miscellaneous grains, seeds and fruit, industrial or medicinal plants; straw and fodder",17375896.56
2019,Exportacion,94,"Furniture; bedding, mattresses, mattress supports, cushions and similar stuffed furnishings; lamps and lighting fittings, n.e.c.; illuminated signs, illuminated name-plates and the like; prefabricated buildings",41223379.39
2019,Exportacion,63,"Textiles, made up articles; sets; worn clothing and worn textile articles; rags",6045611.05
2019,Exportacion,44,Wood and articles of wood; wood charcoal,64551117.11
2019,Exportacion,71,"Natural, cultured pearls; precious, semi-precious stones; precious metals, metals clad with precious metal, and articles thereof; imitation jewellery; coin",46277389.64
2019,Exportacion,06,"Trees and other plants, live; bulbs, roots and the like; cut flowers and ornamental foliage",132974174.86
2019,Exportacion,23,"Food industries, residues and wastes thereof; prepared animal fodder",48295407.63
2019,Exportacion,27,"Mineral fuels, mineral oils and products of their distillation; bituminous substances; mineral waxes",2158902.78
2019,Exportacion,18,Cocoa and cocoa preparations,10471430.52
2019,Exportacion,19,"Preparations of cereals, flour, starch or milk; pastrycooks' products",128978908.95
2019,Exportacion,67,"Feathers and down, prepared; and articles made of feather or of down; artificial flowers; articles of human hair",24140.33
2019,Exportacion,78,Lead and articles thereof,14946389.64
2019,Exportacion,75,Nickel and articles thereof,31065232.65
2019,Exportacion,85,"Electrical machinery and equipment and parts thereof; sound recorders and reproducers; television image and sound recorders and reproducers, parts and accessories of such articles",471593440.34
2019,Exportacion,92,Musical instruments; parts and accessories of such articles,85063.93
2019,Exportacion,58,"Fabrics; special woven fabrics, tufted textile fabrics, lace, tapestries, trimmings, embroidery",3065280.83
2019,Exportacion,74,Copper and articles thereof,22599850.14
2019,Exportacion,26,"Ores, slag and ash",126427.84
2019,Exportacion,01,Animals; live,7384176.75
2019,Importacion,28,"Inorganic chemicals; organic and inorganic compounds of precious metals; of rare earth metals, of radio-active elements and of isotopes",85334217.2
2019,Importacion,66,"Umbrellas, sun umbrellas, walking-sticks, seat sticks, whips, riding crops; and parts thereof",4321706.54
2019,Importacion,91,Clocks and watches and parts thereof,14129011.71
2019,Importacion,64,Footwear; gaiters and the like; parts of such articles,123355469.73
2019,Importacion,42,"Articles of leather; saddlery and harness; travel goods, handbags and similar containers; articles of animal gut (other than silk-worm gut)",45379415.19
2019,Importacion,92,Musical instruments; parts and accessories of such articles,4954454.71
2019,Importacion,86,"Railway, tramway locomotives, rolling-stock and parts thereof; railway or tramway track fixtures and fittings and parts thereof; mechanical (including electro-mechanical) traffic signalling equipment of all kinds",19410351.52
2019,Importacion,88,"Aircraft, spacecraft, and parts thereof",7611038.81
2019,Importacion,37,Photographic or cinematographic goods,6597244.45
2019,Importacion,84,"Machinery and mechanical appliances, boilers, nuclear reactors; parts thereof",1338210897.89
2019,Importacion,95,"Toys, games and sports requisites; parts and accessories thereof",101717732.09
2019,Importacion,85,"Electrical machinery and equipment and parts thereof; sound recorders and reproducers; television image and sound recorders and reproducers, parts and accessories of such articles",1630330393.22
2019,Importacion,96,Miscellaneous manufactured articles,82456031.26
2019,Importacion,89,"Ships, boats and floating structures",6016021.62
2019,Importacion,61,Apparel and clothing accessories; knitted or crocheted,126324394.88
2019,Importacion,97,Works of art; collectors' pieces and antiques,568683.48
2019,Importacion,90,"Optical, photographic, cinematographic, measuring, checking, medical or surgical instruments and apparatus; parts and accessories",794028286.44
2019,Importacion,62,Apparel and clothing accessories; not knitted or crocheted,163753335.75
2019,Importacion,94,"Furniture; bedding, mattresses, mattress supports, cushions and similar stuffed furnishings; lamps and lighting fittings, n.e.c.; illuminated signs, illuminated name-plates and the like; prefabricated buildings",237367217.94
2019,Importacion,22,"Beverages, spirits and vinegar",140772216.98
2019,Importacion,87,"Vehicles; other than railway or tramway rolling stock, and parts and accessories thereof",957423461.5
2019,Importacion,63,"Textiles, made up articles; sets; worn clothing and worn textile articles; rags",79924333.98
2019,Importacion,67,"Feathers and down, prepared; and articles made of feather or of down; artificial flowers; articles of human hair",4402980.18
2019,Importacion,34,"Soap, organic surface-active agents; washing, lubricating, polishing or scouring preparations; artificial or prepared waxes, candles and similar articles, modelling pastes, dental waxes and dental preparations with a basis of plaster",153707863.27
2019,Importacion,07,Vegetables and certain roots and tubers; edible,59350660.16
2019,Importacion,70,Glass and glassware,68163089.41
2019,Importacion,26,"Ores, slag and ash",818269.51
2019,Importacion,55,Man-made staple fibres,15358222.96
2019,Importacion,32,"Tanning or dyeing extracts; tannins and their derivatives; dyes, pigments and other colouring matter; paints, varnishes; putty, other mastics; inks",108193444.68
2019,Importacion,14,Vegetable plaiting materials; vegetable products not elsewhere specified or included,909035.61
2019,Importacion,76,Aluminium and articles thereof,126995546.55
2019,Importacion,31,Fertilizers,168545344.7
2019,Importacion,58,"Fabrics; special woven fabrics, tufted textile fabrics, lace, tapestries, trimmings, embroidery",7650942.75
2019,Importacion,75,Nickel and articles thereof,24098065.66
2019,Importacion,51,"Wool, fine or coarse animal hair; horsehair yarn and woven fabric",4021164.66
2019,Importacion,65,Headgear and parts thereof,12272215.2
2019,Importacion,23,"Food industries, residues and wastes thereof; prepared animal fodder",167851797.91
2019,Importacion,25,"Salt; sulphur; earths, stone; plastering materials, lime and cement",41716964.72
2019,Importacion,13,"Lac; gums, resins and other vegetable saps and extracts",5929106.65
2019,Importacion,19,"Preparations of cereals, flour, starch or milk; pastrycooks' products",147796520.1
2019,Importacion,60,Fabrics; knitted or crocheted,18507799.07
2019,Importacion,30,Pharmaceutical products,818632177.83
2019,Importacion,20,"Preparations of vegetables, fruit, nuts or other parts of plants",159255375.68
2019,Importacion,29,Organic chemicals,166751047.14
2019,Importacion,83,Metal; miscellaneous products of base metal,83097263.88
2019,Importacion,47,Pulp of wood or other fibrous cellulosic material; recovered (waste and scrap) paper or paperboard,15210204.94
2019,Importacion,05,Animal originated products; not elsewhere specified or included,4710403.64
2019,Importacion,06,"Trees and other plants, live; bulbs, roots and the like; cut flowers and ornamental foliage",11352427.47
2019,Importacion,12,"Oil seeds and oleaginous fruits; miscellaneous grains, seeds and fruit, industrial or medicinal plants; straw and fodder",123888532.56
2019,Importacion,41,Raw hides and skins (other than furskins) and leather,5839533.33
2019,Importacion,68,"Stone, plaster, cement, asbestos, mica or similar materials; articles thereof",67783181.94
2019,Importacion,03,"Fish and crustaceans, molluscs and other aquatic invertebrates",77095809.17
2019,Importacion,21,Miscellaneous edible preparations,250829768.16
2019,Importacion,33,"Essential oils and resinoids; perfumery, cosmetic or toilet preparations",232588943.56
2019,Importacion,39,Plastics and articles thereof,1394006504.99
2019,Importacion,72,Iron and steel,489333294.96
2019,Importacion,82,"Tools, implements, cutlery, spoons and forks, of base metal; parts thereof, of base metal",83717885.17
2019,Importacion,16,"Meat, fish, crustaceans, molluscs or other aquatic invertebrates, or insects; preparations thereof",130652890.6
2019,Importacion,50,Silk,9343.56
2019,Importacion,56,"Wadding, felt and nonwovens, special yarns; twine, cordage, ropes and cables and articles thereof",46578794.6
2019,Importacion,81,"Metals; n.e.c., cermets and articles thereof",26424121.8
2019,Importacion,45,Cork and articles of cork,695991.96
2019,Importacion,17,Sugars and sugar confectionery,52873150.02
2019,Importacion,69,Ceramic products,75215314.83
2019,Importacion,59,"Textile fabrics; impregnated, coated, covered or laminated; textile articles of a kind suitable for industrial use",21497751.49
2019,Importacion,35,Albuminoidal substances; modified starches; glues; enzymes,49517535.04
2019,Importacion,40,Rubber and articles thereof,226274902.99
2019,Importacion,02,Meat and edible meat offal,105944790.64
2019,Importacion,11,"Products of the milling industry; malt, starches, inulin, wheat gluten",40801861.0
2019,Importacion,27,"Mineral fuels, mineral oils and products of their distillation; bituminous substances; mineral waxes",1689749945.1
2019,Importacion,15,"Animal, vegetable or microbial fats and oils and their cleavage products; prepared edible fats; animal or vegetable waxes",97835936.76
2019,Importacion,43,Furskins and artificial fur; manufactures thereof,28645.63
2019,Importacion,44,Wood and articles of wood; wood charcoal,87256948.76
2019,Importacion,71,"Natural, cultured pearls; precious, semi-precious stones; precious metals, metals clad with precious metal, and articles thereof; imitation jewellery; coin",42485511.76
2019,Importacion,08,"Fruit and nuts, edible; peel of citrus fruit or melons",91049750.77
2019,Importacion,18,Cocoa and cocoa preparations,39447652.43
2019,Importacion,57,Carpets and other textile floor coverings,10564418.95
2019,Importacion,04,"Dairy produce; birds' eggs; natural honey; edible products of animal origin, not elsewhere specified or included",59103793.02
2019,Importacion,46,"Manufactures of straw, esparto or other plaiting materials; basketware and wickerwork",878088.75
2019,Importacion,49,"Printed books, newspapers, pictures and other products of the printing industry; manuscripts, typescripts and plans",50798763.85
2019,Importacion,09,"Coffee, tea, mate and spices",33640929.57
2019,Importacion,73,Iron or steel articles,487870157.67
2019,Importacion,74,Copper and articles thereof,100586966.91
2019,Importacion,54,Man-made filaments; strip and the like of man-made textile materials,52802270.47
2019,Importacion,52,Cotton,21402608.04
2019,Importacion,38,Chemical products n.e.c.,321799857.94
2019,Importacion,93,Arms and ammunition; parts and accessories thereof,6165685.28
2019,Importacion,80,Tin; articles thereof,201802.23
2019,Importacion,48,"Paper and paperboard; articles of paper pulp, of paper or paperboard",655047925.17
2019,Importacion,53,Vegetable textile fibres; paper yarn and woven fabrics of paper yarn,396873.19
2019,Importacion,79,Zinc and articles thereof,14490074.59
2019,Importacion,10,Cereals,341150428.12
2019,Importacion,01,Animals; live,8026371.72
2019,Importacion,78,Lead and articles thereof,684193.34
2019,Importacion,24,"Tobacco and manufactured tobacco substitutes; products, whether or not containing nicotine, intended for inhalation without combustion; other nicotine containing products intended for the intake of nicotine into the human body",18569911.17
2019,Importacion,36,Explosives; pyrotechnic products; matches; pyrophoric alloys; certain combustible preparations,7385117.54
2020,Exportacion,01,Animals; live,8576163.12
2020,Exportacion,27,"Mineral fuels, mineral oils and products of their distillation; bituminous substances; mineral waxes",1873476.76
2020,Exportacion,28,"Inorganic chemicals; organic and inorganic compounds of precious metals; of rare earth metals, of radio-active elements and of isotopes",12683919.46
2020,Exportacion,52,Cotton,25057389.49
2020,Exportacion,60,Fabrics; knitted or crocheted,218612.96
2020,Exportacion,72,Iron and steel,137912439.74
2020,Exportacion,13,"Lac; gums, resins and other vegetable saps and extracts",4049905.32
2020,Exportacion,15,"Animal, vegetable or microbial fats and oils and their cleavage products; prepared edible fats; animal or vegetable waxes",192264496.77
2020,Exportacion,17,Sugars and sugar confectionery,99181689.47
2020,Exportacion,18,Cocoa and cocoa preparations,9944582.56
2020,Exportacion,19,"Preparations of cereals, flour, starch or milk; pastrycooks' products",139311465.68
2020,Exportacion,20,"Preparations of vegetables, fruit, nuts or other parts of plants",346879617.25
2020,Exportacion,21,Miscellaneous edible preparations,610095034.35
2020,Exportacion,22,"Beverages, spirits and vinegar",74635000.74
2020,Exportacion,23,"Food industries, residues and wastes thereof; prepared animal fodder",51194752.25
2020,Exportacion,25,"Salt; sulphur; earths, stone; plastering materials, lime and cement",26223575.6
2020,Exportacion,29,Organic chemicals,5385919.2
2020,Exportacion,30,Pharmaceutical products,381100312.31
2020,Exportacion,32,"Tanning or dyeing extracts; tannins and their derivatives; dyes, pigments and other colouring matter; paints, varnishes; putty, other mastics; inks",89862925.99
2020,Exportacion,33,"Essential oils and resinoids; perfumery, cosmetic or toilet preparations",28102403.41
2020,Exportacion,34,"Soap, organic surface-active agents; washing, lubricating, polishing or scouring preparations; artificial or prepared waxes, candles and similar articles, modelling pastes, dental waxes and dental preparations with a basis of plaster",50036317.11
2020,Exportacion,35,Albuminoidal substances; modified starches; glues; enzymes,12264161.26
2020,Exportacion,37,Photographic or cinematographic goods,106588.37
2020,Exportacion,38,Chemical products n.e.c.,116420012.36
2020,Exportacion,39,Plastics and articles thereof,354484586.16
2020,Exportacion,40,Rubber and articles thereof,226002660.66
2020,Exportacion,41,Raw hides and skins (other than furskins) and leather,3205048.94
2020,Exportacion,44,Wood and articles of wood; wood charcoal,56276640.37
2020,Exportacion,45,Cork and articles of cork,518.55
2020,Exportacion,46,"Manufactures of straw, esparto or other plaiting materials; basketware and wickerwork",33033.92
2020,Exportacion,48,"Paper and paperboard; articles of paper pulp, of paper or paperboard",85307549.57
2020,Exportacion,49,"Printed books, newspapers, pictures and other products of the printing industry; manuscripts, typescripts and plans",7152490.56
2020,Exportacion,54,Man-made filaments; strip and the like of man-made textile materials,17902696.32
2020,Exportacion,56,"Wadding, felt and nonwovens, special yarns; twine, cordage, ropes and cables and articles thereof",5875870.97
2020,Exportacion,57,Carpets and other textile floor coverings,56673.46
2020,Exportacion,58,"Fabrics; special woven fabrics, tufted textile fabrics, lace, tapestries, trimmings, embroidery",2187870.52
2020,Exportacion,59,"Textile fabrics; impregnated, coated, covered or laminated; textile articles of a kind suitable for industrial use",8538242.02
2020,Exportacion,62,Apparel and clothing accessories; not knitted or crocheted,2399240.94
2020,Exportacion,63,"Textiles, made up articles; sets; worn clothing and worn textile articles; rags",8153993.38
2020,Exportacion,65,Headgear and parts thereof,6514597.88
2020,Exportacion,66,"Umbrellas, sun umbrellas, walking-sticks, seat sticks, whips, riding crops; and parts thereof",187444.07
2020,Exportacion,67,"Feathers and down, prepared; and articles made of feather or of down; artificial flowers; articles of human hair",106393.19
2020,Exportacion,68,"Stone, plaster, cement, asbestos, mica or similar materials; articles thereof",32213650.26
2020,Exportacion,70,Glass and glassware,66610257.23
2020,Exportacion,71,"Natural, cultured pearls; precious, semi-precious stones; precious metals, metals clad with precious metal, and articles thereof; imitation jewellery; coin",62048798.33
2020,Exportacion,73,Iron or steel articles,90800361.35
2020,Exportacion,74,Copper and articles thereof,18748059.97
2020,Exportacion,75,Nickel and articles thereof,34283120.2
2020,Exportacion,76,Aluminium and articles thereof,52379411.35
2020,Exportacion,81,"Metals; n.e.c., cermets and articles thereof",2653443.56
2020,Exportacion,82,"Tools, implements, cutlery, spoons and forks, of base metal; parts thereof, of base metal",4609872.86
2020,Exportacion,83,Metal; miscellaneous products of base metal,29950540.02
2020,Exportacion,88,"Aircraft, spacecraft, and parts thereof",7441694.22
2020,Exportacion,94,"Furniture; bedding, mattresses, mattress supports, cushions and similar stuffed furnishings; lamps and lighting fittings, n.e.c.; illuminated signs, illuminated name-plates and the like; prefabricated buildings",35568198.08
2020,Exportacion,02,Meat and edible meat offal,126433991.62
2020,Exportacion,05,Animal originated products; not elsewhere specified or included,7106533.46
2020,Exportacion,06,"Trees and other plants, live; bulbs, roots and the like; cut flowers and ornamental foliage",119715695.52
2020,Exportacion,08,"Fruit and nuts, edible; peel of citrus fruit or melons",2174539198.35
2020,Exportacion,14,Vegetable plaiting materials; vegetable products not elsewhere specified or included,526021.32
2020,Exportacion,16,"Meat, fish, crustaceans, molluscs or other aquatic invertebrates, or insects; preparations thereof",64071064.07
2020,Exportacion,24,"Tobacco and manufactured tobacco substitutes; products, whether or not containing nicotine, intended for inhalation without combustion; other nicotine containing products intended for the intake of nicotine into the human body",3271989.46
2020,Exportacion,26,"Ores, slag and ash",1293144.19
2020,Exportacion,31,Fertilizers,25489729.67
2020,Exportacion,36,Explosives; pyrotechnic products; matches; pyrophoric alloys; certain combustible preparations,12945458.2
2020,Exportacion,43,Furskins and artificial fur; manufactures thereof,1125.61
2020,Exportacion,47,Pulp of wood or other fibrous cellulosic material; recovered (waste and scrap) paper or paperboard,8616904.98
2020,Exportacion,51,"Wool, fine or coarse animal hair; horsehair yarn and woven fabric",736.88
2020,Exportacion,53,Vegetable textile fibres; paper yarn and woven fabrics of paper yarn,965593.46
2020,Exportacion,55,Man-made staple fibres,9245782.1
2020,Exportacion,78,Lead and articles thereof,13082873.28
2020,Exportacion,79,Zinc and articles thereof,296461.06
2020,Exportacion,80,Tin; articles thereof,218257.16
2020,Exportacion,93,Arms and ammunition; parts and accessories thereof,96466.2
2020,Exportacion,42,"Articles of leather; saddlery and harness; travel goods, handbags and similar containers; articles of animal gut (other than silk-worm gut)",5315569.96
2020,Exportacion,61,Apparel and clothing accessories; knitted or crocheted,23237628.86
2020,Exportacion,64,Footwear; gaiters and the like; parts of such articles,992043.55
2020,Exportacion,69,Ceramic products,2912929.83
2020,Exportacion,84,"Machinery and mechanical appliances, boilers, nuclear reactors; parts thereof",86860265.17
2020,Exportacion,85,"Electrical machinery and equipment and parts thereof; sound recorders and reproducers; television image and sound recorders and reproducers, parts and accessories of such articles",428841918.63
2020,Exportacion,86,"Railway, tramway locomotives, rolling-stock and parts thereof; railway or tramway track fixtures and fittings and parts thereof; mechanical (including electro-mechanical) traffic signalling equipment of all kinds",960532.38
2020,Exportacion,87,"Vehicles; other than railway or tramway rolling stock, and parts and accessories thereof",9710893.24
2020,Exportacion,89,"Ships, boats and floating structures",7899740.46
2020,Exportacion,90,"Optical, photographic, cinematographic, measuring, checking, medical or surgical instruments and apparatus; parts and accessories",3926732997.48
2020,Exportacion,91,Clocks and watches and parts thereof,537924.31
2020,Exportacion,92,Musical instruments; parts and accessories of such articles,329721.06
2020,Exportacion,95,"Toys, games and sports requisites; parts and accessories thereof",26747816.24
2020,Exportacion,96,Miscellaneous manufactured articles,131416319.8
2020,Exportacion,97,Works of art; collectors' pieces and antiques,332367.29
2020,Exportacion,03,"Fish and crustaceans, molluscs and other aquatic invertebrates",61484791.15
2020,Exportacion,04,"Dairy produce; birds' eggs; natural honey; edible products of animal origin, not elsewhere specified or included",144563893.57
2020,Exportacion,07,Vegetables and certain roots and tubers; edible,170005739.5
2020,Exportacion,09,"Coffee, tea, mate and spices",340530944.63
2020,Exportacion,10,Cereals,6043612.62
2020,Exportacion,11,"Products of the milling industry; malt, starches, inulin, wheat gluten",13398338.64
2020,Exportacion,12,"Oil seeds and oleaginous fruits; miscellaneous grains, seeds and fruit, industrial or medicinal plants; straw and fodder",20908418.02
2020,Importacion,01,Animals; live,10262996.94
2020,Importacion,78,Lead and articles thereof,732103.87
2020,Importacion,18,Cocoa and cocoa preparations,39345461.19
2020,Importacion,19,"Preparations of cereals, flour, starch or milk; pastrycooks' products",136486657.0
2020,Importacion,20,"Preparations of vegetables, fruit, nuts or other parts of plants",151760518.07
2020,Importacion,21,Miscellaneous edible preparations,245086251.23
2020,Importacion,22,"Beverages, spirits and vinegar",126561988.43
2020,Importacion,23,"Food industries, residues and wastes thereof; prepared animal fodder",175258798.99
2020,Importacion,24,"Tobacco and manufactured tobacco substitutes; products, whether or not containing nicotine, intended for inhalation without combustion; other nicotine containing products intended for the intake of nicotine into the human body",19175645.19
2020,Importacion,25,"Salt; sulphur; earths, stone; plastering materials, lime and cement",33597584.9
2020,Importacion,26,"Ores, slag and ash",478587.05
2020,Importacion,27,"Mineral fuels, mineral oils and products of their distillation; bituminous substances; mineral waxes",936742547.15
2020,Importacion,28,"Inorganic chemicals; organic and inorganic compounds of precious metals; of rare earth metals, of radio-active elements and of isotopes",81129945.87
2020,Importacion,29,Organic chemicals,164427620.3
2020,Importacion,30,Pharmaceutical products,845922445.55
2020,Importacion,31,Fertilizers,158434498.82
2020,Importacion,32,"Tanning or dyeing extracts; tannins and their derivatives; dyes, pigments and other colouring matter; paints, varnishes; putty, other mastics; inks",111520671.07
2020,Importacion,33,"Essential oils and resinoids; perfumery, cosmetic or toilet preparations",216008965.64
2020,Importacion,34,"Soap, organic surface-active agents; washing, lubricating, polishing or scouring preparations; artificial or prepared waxes, candles and similar articles, modelling pastes, dental waxes and dental preparations with a basis of plaster",161484224.32
2020,Importacion,35,Albuminoidal substances; modified starches; glues; enzymes,45677732.41
2020,Importacion,36,Explosives; pyrotechnic products; matches; pyrophoric alloys; certain combustible preparations,3951912.53
2020,Importacion,38,Chemical products n.e.c.,359868802.36
2020,Importacion,39,Plastics and articles thereof,1220756255.71
2020,Importacion,40,Rubber and articles thereof,188490944.3
2020,Importacion,41,Raw hides and skins (other than furskins) and leather,3406540.72
2020,Importacion,43,Furskins and artificial fur; manufactures thereof,35918.57
2020,Importacion,44,Wood and articles of wood; wood charcoal,83978588.27
2020,Importacion,45,Cork and articles of cork,216035.24
2020,Importacion,46,"Manufactures of straw, esparto or other plaiting materials; basketware and wickerwork",709527.06
2020,Importacion,47,Pulp of wood or other fibrous cellulosic material; recovered (waste and scrap) paper or paperboard,9453844.86
2020,Importacion,48,"Paper and paperboard; articles of paper pulp, of paper or paperboard",589795832.07
2020,Importacion,49,"Printed books, newspapers, pictures and other products of the printing industry; manuscripts, typescripts and plans",53591321.97
2020,Importacion,50,Silk,395972.93
2020,Importacion,51,"Wool, fine or coarse animal hair; horsehair yarn and woven fabric",2009692.01
2020,Importacion,52,Cotton,18303744.9
2020,Importacion,53,Vegetable textile fibres; paper yarn and woven fabrics of paper yarn,290099.13
2020,Importacion,54,Man-made filaments; strip and the like of man-made textile materials,44106252.75
2020,Importacion,55,Man-made staple fibres,16740163.29
2020,Importacion,56,"Wadding, felt and nonwovens, special yarns; twine, cordage, ropes and cables and articles thereof",37219866.0
2020,Importacion,57,Carpets and other textile floor coverings,8644228.29
2020,Importacion,58,"Fabrics; special woven fabrics, tufted textile fabrics, lace, tapestries, trimmings, embroidery",6491933.8
2020,Importacion,59,"Textile fabrics; impregnated, coated, covered or laminated; textile articles of a kind suitable for industrial use",17595638.43
2020,Importacion,60,Fabrics; knitted or crocheted,14861308.8
2020,Importacion,61,Apparel and clothing accessories; knitted or crocheted,95451711.42
2020,Importacion,63,"Textiles, made up articles; sets; worn clothing and worn textile articles; rags",121579196.21
2020,Importacion,65,Headgear and parts thereof,9608218.0
2020,Importacion,67,"Feathers and down, prepared; and articles made of feather or of down; artificial flowers; articles of human hair",3387609.84
2020,Importacion,68,"Stone, plaster, cement, asbestos, mica or similar materials; articles thereof",62716273.96
2020,Importacion,69,Ceramic products,71056084.74
2020,Importacion,70,Glass and glassware,59355870.11
2020,Importacion,71,"Natural, cultured pearls; precious, semi-precious stones; precious metals, metals clad with precious metal, and articles thereof; imitation jewellery; coin",37566562.54
2020,Importacion,72,Iron and steel,458577686.3
2020,Importacion,73,Iron or steel articles,376461507.15
2020,Importacion,74,Copper and articles thereof,90519615.87
2020,Importacion,75,Nickel and articles thereof,26821149.25
2020,Importacion,76,Aluminium and articles thereof,106041382.69
2020,Importacion,79,Zinc and articles thereof,12661738.17
2020,Importacion,80,Tin; articles thereof,342048.83
2020,Importacion,81,"Metals; n.e.c., cermets and articles thereof",27866144.38
2020,Importacion,83,Metal; miscellaneous products of base metal,76113576.22
2020,Importacion,88,"Aircraft, spacecraft, and parts thereof",4231546.68
2020,Importacion,93,Arms and ammunition; parts and accessories thereof,3144124.75
2020,Importacion,96,Miscellaneous manufactured articles,76661936.15
2020,Importacion,37,Photographic or cinematographic goods,4814860.97
2020,Importacion,42,"Articles of leather; saddlery and harness; travel goods, handbags and similar containers; articles of animal gut (other than silk-worm gut)",31275619.82
2020,Importacion,62,Apparel and clothing accessories; not knitted or crocheted,129715950.22
2020,Importacion,64,Footwear; gaiters and the like; parts of such articles,90549065.82
2020,Importacion,66,"Umbrellas, sun umbrellas, walking-sticks, seat sticks, whips, riding crops; and parts thereof",3529474.19
2020,Importacion,82,"Tools, implements, cutlery, spoons and forks, of base metal; parts thereof, of base metal",77149958.43
2020,Importacion,84,"Machinery and mechanical appliances, boilers, nuclear reactors; parts thereof",1385891310.34
2020,Importacion,85,"Electrical machinery and equipment and parts thereof; sound recorders and reproducers; television image and sound recorders and reproducers, parts and accessories of such articles",1430390984.89
2020,Importacion,86,"Railway, tramway locomotives, rolling-stock and parts thereof; railway or tramway track fixtures and fittings and parts thereof; mechanical (including electro-mechanical) traffic signalling equipment of all kinds",19916567.92
2020,Importacion,87,"Vehicles; other than railway or tramway rolling stock, and parts and accessories thereof",693084370.91
2020,Importacion,89,"Ships, boats and floating structures",3777745.65
2020,Importacion,90,"Optical, photographic, cinematographic, measuring, checking, medical or surgical instruments and apparatus; parts and accessories",915548750.0
2020,Importacion,91,Clocks and watches and parts thereof,13521426.17
2020,Importacion,92,Musical instruments; parts and accessories of such articles,4063058.12
2020,Importacion,94,"Furniture; bedding, mattresses, mattress supports, cushions and similar stuffed furnishings; lamps and lighting fittings, n.e.c.; illuminated signs, illuminated name-plates and the like; prefabricated buildings",219335461.63
2020,Importacion,95,"Toys, games and sports requisites; parts and accessories thereof",96894454.11
2020,Importacion,97,Works of art; collectors' pieces and antiques,582631.06
2020,Importacion,02,Meat and edible meat offal,90561431.16
2020,Importacion,03,"Fish and crustaceans, molluscs and other aquatic invertebrates",82982883.01
2020,Importacion,04,"Dairy produce; birds' eggs; natural honey; edible products of animal origin, not elsewhere specified or included",63757657.73
2020,Importacion,05,Animal originated products; not elsewhere specified or included,6952117.84
2020,Importacion,06,"Trees and other plants, live; bulbs, roots and the like; cut flowers and ornamental foliage",11438179.17
2020,Importacion,07,Vegetables and certain roots and tubers; edible,73701667.1
2020,Importacion,08,"Fruit and nuts, edible; peel of citrus fruit or melons",92712329.95
2020,Importacion,09,"Coffee, tea, mate and spices",31776433.13
2020,Importacion,10,Cereals,355297549.83
2020,Importacion,11,"Products of the milling industry; malt, starches, inulin, wheat gluten",42912216.75
2020,Importacion,12,"Oil seeds and oleaginous fruits; miscellaneous grains, seeds and fruit, industrial or medicinal plants; straw and fodder",148392552.18
2020,Importacion,13,"Lac; gums, resins and other vegetable saps and extracts",6241745.0
2020,Importacion,14,Vegetable plaiting materials; vegetable products not elsewhere specified or included,758449.62
2020,Importacion,15,"Animal, vegetable or microbial fats and oils and their cleavage products; prepared edible fats; animal or vegetable waxes",104684683.16
2020,Importacion,16,"Meat, fish, crustaceans, molluscs or other aquatic invertebrates, or insects; preparations thereof",117242726.68
2020,Importacion,17,Sugars and sugar confectionery,45501039.2
2021,Exportacion,54,Man-made filaments; strip and the like of man-made textile materials,24402378.97
2021,Exportacion,62,Apparel and clothing accessories; not knitted or crocheted,2357870.26
2021,Exportacion,80,Tin; articles thereof,406780.8
2021,Exportacion,34,"Soap, organic surface-active agents; washing, lubricating, polishing or scouring preparations; artificial or prepared waxes, candles and similar articles, modelling pastes, dental waxes and dental preparations with a basis of plaster",47916374.48
2021,Exportacion,75,Nickel and articles thereof,24803154.42
2021,Exportacion,35,Albuminoidal substances; modified starches; glues; enzymes,15994552.84
2021,Exportacion,74,Copper and articles thereof,49772416.47
2021,Exportacion,95,"Toys, games and sports requisites; parts and accessories thereof",30452869.33
2021,Exportacion,49,"Printed books, newspapers, pictures and other products of the printing industry; manuscripts, typescripts and plans",7520760.4
2021,Exportacion,58,"Fabrics; special woven fabrics, tufted textile fabrics, lace, tapestries, trimmings, embroidery",3828285.35
2021,Exportacion,20,"Preparations of vegetables, fruit, nuts or other parts of plants",412731637.12
2021,Exportacion,23,"Food industries, residues and wastes thereof; prepared animal fodder",58055854.22
2021,Exportacion,81,"Metals; n.e.c., cermets and articles thereof",3341115.86
2021,Exportacion,59,"Textile fabrics; impregnated, coated, covered or laminated; textile articles of a kind suitable for industrial use",9234623.4
2021,Exportacion,19,"Preparations of cereals, flour, starch or milk; pastrycooks' products",140482833.23
2021,Exportacion,26,"Ores, slag and ash",1757501.61
2021,Exportacion,09,"Coffee, tea, mate and spices",341218041.75
2021,Exportacion,43,Furskins and artificial fur; manufactures thereof,148761.11
2021,Exportacion,51,"Wool, fine or coarse animal hair; horsehair yarn and woven fabric",1375.03
2021,Exportacion,24,"Tobacco and manufactured tobacco substitutes; products, whether or not containing nicotine, intended for inhalation without combustion; other nicotine containing products intended for the intake of nicotine into the human body",5204941.05
2021,Exportacion,12,"Oil seeds and oleaginous fruits; miscellaneous grains, seeds and fruit, industrial or medicinal plants; straw and fodder",26100468.16
2021,Exportacion,04,"Dairy produce; birds' eggs; natural honey; edible products of animal origin, not elsewhere specified or included",131140156.97
2021,Exportacion,86,"Railway, tramway locomotives, rolling-stock and parts thereof; railway or tramway track fixtures and fittings and parts thereof; mechanical (including electro-mechanical) traffic signalling equipment of all kinds",1512719.41
2021,Exportacion,14,Vegetable plaiting materials; vegetable products not elsewhere specified or included,1654537.24
2021,Exportacion,94,"Furniture; bedding, mattresses, mattress supports, cushions and similar stuffed furnishings; lamps and lighting fittings, n.e.c.; illuminated signs, illuminated name-plates and the like; prefabricated buildings",51376379.51
2021,Exportacion,93,Arms and ammunition; parts and accessories thereof,180035.74
2021,Exportacion,53,Vegetable textile fibres; paper yarn and woven fabrics of paper yarn,1201329.61
2021,Exportacion,06,"Trees and other plants, live; bulbs, roots and the like; cut flowers and ornamental foliage",160358877.22
2021,Exportacion,42,"Articles of leather; saddlery and harness; travel goods, handbags and similar containers; articles of animal gut (other than silk-worm gut)",9789021.88
2021,Exportacion,44,Wood and articles of wood; wood charcoal,67343609.44
2021,Exportacion,17,Sugars and sugar confectionery,119930728.69
2021,Exportacion,37,Photographic or cinematographic goods,159758.37
2021,Exportacion,69,Ceramic products,4024625.48
2021,Exportacion,28,"Inorganic chemicals; organic and inorganic compounds of precious metals; of rare earth metals, of radio-active elements and of isotopes",17464067.82
2021,Exportacion,78,Lead and articles thereof,18973723.36
2021,Exportacion,41,Raw hides and skins (other than furskins) and leather,5899153.55
2021,Exportacion,56,"Wadding, felt and nonwovens, special yarns; twine, cordage, ropes and cables and articles thereof",7935879.27
2021,Exportacion,55,Man-made staple fibres,9061792.26
2021,Exportacion,18,Cocoa and cocoa preparations,12376657.51
2021,Exportacion,63,"Textiles, made up articles; sets; worn clothing and worn textile articles; rags",8332904.65
2021,Exportacion,03,"Fish and crustaceans, molluscs and other aquatic invertebrates",83117180.78
2021,Exportacion,11,"Products of the milling industry; malt, starches, inulin, wheat gluten",14075614.36
2021,Exportacion,89,"Ships, boats and floating structures",1859442.33
2021,Exportacion,96,Miscellaneous manufactured articles,162759547.14
2021,Exportacion,52,Cotton,34609281.09
2021,Exportacion,13,"Lac; gums, resins and other vegetable saps and extracts",3482717.71
2021,Exportacion,45,Cork and articles of cork,1245.22
2021,Exportacion,47,Pulp of wood or other fibrous cellulosic material; recovered (waste and scrap) paper or paperboard,13197225.69
2021,Exportacion,88,"Aircraft, spacecraft, and parts thereof",9392826.72
2021,Exportacion,91,Clocks and watches and parts thereof,810016.02
2021,Exportacion,65,Headgear and parts thereof,1500066.39
2021,Exportacion,67,"Feathers and down, prepared; and articles made of feather or of down; artificial flowers; articles of human hair",140686.17
2021,Exportacion,05,Animal originated products; not elsewhere specified or included,6582569.4
2021,Exportacion,27,"Mineral fuels, mineral oils and products of their distillation; bituminous substances; mineral waxes",3100535.18
2021,Exportacion,87,"Vehicles; other than railway or tramway rolling stock, and parts and accessories thereof",11032638.61
2021,Exportacion,38,Chemical products n.e.c.,137312969.08
2021,Exportacion,57,Carpets and other textile floor coverings,110189.37
2021,Exportacion,16,"Meat, fish, crustaceans, molluscs or other aquatic invertebrates, or insects; preparations thereof",64632611.3
2021,Exportacion,83,Metal; miscellaneous products of base metal,29183029.23
2021,Exportacion,46,"Manufactures of straw, esparto or other plaiting materials; basketware and wickerwork",16138.3
2021,Exportacion,36,Explosives; pyrotechnic products; matches; pyrophoric alloys; certain combustible preparations,10783528.9
2021,Exportacion,02,Meat and edible meat offal,159513104.0
2021,Exportacion,66,"Umbrellas, sun umbrellas, walking-sticks, seat sticks, whips, riding crops; and parts thereof",117611.45
2021,Exportacion,68,"Stone, plaster, cement, asbestos, mica or similar materials; articles thereof",33277379.23
2021,Exportacion,22,"Beverages, spirits and vinegar",100442437.84
2021,Exportacion,64,Footwear; gaiters and the like; parts of such articles,441997.56
2021,Exportacion,31,Fertilizers,34030771.79
2021,Exportacion,79,Zinc and articles thereof,1189294.69
2021,Exportacion,21,Miscellaneous edible preparations,780545818.14
2021,Exportacion,97,Works of art; collectors' pieces and antiques,576172.39
2021,Exportacion,85,"Electrical machinery and equipment and parts thereof; sound recorders and reproducers; television image and sound recorders and reproducers, parts and accessories of such articles",614985077.3
2021,Exportacion,39,Plastics and articles thereof,446929778.07
2021,Exportacion,25,"Salt; sulphur; earths, stone; plastering materials, lime and cement",37991161.48
2021,Exportacion,30,Pharmaceutical products,317552136.53
2021,Exportacion,92,Musical instruments; parts and accessories of such articles,519192.33
2021,Exportacion,48,"Paper and paperboard; articles of paper pulp, of paper or paperboard",112671220.94
2021,Exportacion,72,Iron and steel,295582014.72
2021,Exportacion,10,Cereals,7154141.73
2021,Exportacion,70,Glass and glassware,109605504.68
2021,Exportacion,07,Vegetables and certain roots and tubers; edible,183598448.43
2021,Exportacion,84,"Machinery and mechanical appliances, boilers, nuclear reactors; parts thereof",91833434.47
2021,Exportacion,15,"Animal, vegetable or microbial fats and oils and their cleavage products; prepared edible fats; animal or vegetable waxes",300900892.55
2021,Exportacion,76,Aluminium and articles thereof,72376961.06
2021,Exportacion,32,"Tanning or dyeing extracts; tannins and their derivatives; dyes, pigments and other colouring matter; paints, varnishes; putty, other mastics; inks",110687985.19
2021,Exportacion,61,Apparel and clothing accessories; knitted or crocheted,22864250.15
2021,Exportacion,08,"Fruit and nuts, edible; peel of citrus fruit or melons",2317070169.09
2021,Exportacion,73,Iron or steel articles,165133124.84
2021,Exportacion,90,"Optical, photographic, cinematographic, measuring, checking, medical or surgical instruments and apparatus; parts and accessories",5183763962.4
2021,Exportacion,71,"Natural, cultured pearls; precious, semi-precious stones; precious metals, metals clad with precious metal, and articles thereof; imitation jewellery; coin",78530135.61
2021,Exportacion,33,"Essential oils and resinoids; perfumery, cosmetic or toilet preparations",28234913.01
2021,Exportacion,82,"Tools, implements, cutlery, spoons and forks, of base metal; parts thereof, of base metal",2400775.9
2021,Exportacion,40,Rubber and articles thereof,295571527.77
2021,Exportacion,60,Fabrics; knitted or crocheted,351063.33
2021,Exportacion,01,Animals; live,10793023.72
2021,Exportacion,29,Organic chemicals,6011470.0
2021,Importacion,10,Cereals,490249109.8
2021,Importacion,07,Vegetables and certain roots and tubers; edible,74491377.1
2021,Importacion,11,"Products of the milling industry; malt, starches, inulin, wheat gluten",46557404.62
2021,Importacion,54,Man-made filaments; strip and the like of man-made textile materials,58046913.89
2021,Importacion,28,"Inorganic chemicals; organic and inorganic compounds of precious metals; of rare earth metals, of radio-active elements and of isotopes",113941202.41
2021,Importacion,35,Albuminoidal substances; modified starches; glues; enzymes,56991097.42
2021,Importacion,17,Sugars and sugar confectionery,52281703.28
2021,Importacion,73,Iron or steel articles,482941995.42
2021,Importacion,76,Aluminium and articles thereof,153158482.52
2021,Importacion,29,Organic chemicals,223074506.13
2021,Importacion,52,Cotton,18280843.8
2021,Importacion,34,"Soap, organic surface-active agents; washing, lubricating, polishing or scouring preparations; artificial or prepared waxes, candles and similar articles, modelling pastes, dental waxes and dental preparations with a basis of plaster",178127391.98
2021,Importacion,68,"Stone, plaster, cement, asbestos, mica or similar materials; articles thereof",81228081.25
2021,Importacion,55,Man-made staple fibres,22056441.5
2021,Importacion,83,Metal; miscellaneous products of base metal,90703819.31
2021,Importacion,25,"Salt; sulphur; earths, stone; plastering materials, lime and cement",38022523.59
2021,Importacion,56,"Wadding, felt and nonwovens, special yarns; twine, cordage, ropes and cables and articles thereof",50903792.07
2021,Importacion,61,Apparel and clothing accessories; knitted or crocheted,143640526.57
2021,Importacion,63,"Textiles, made up articles; sets; worn clothing and worn textile articles; rags",111339239.11
2021,Importacion,70,Glass and glassware,79416245.75
2021,Importacion,57,Carpets and other textile floor coverings,10322926.13
2021,Importacion,12,"Oil seeds and oleaginous fruits; miscellaneous grains, seeds and fruit, industrial or medicinal plants; straw and fodder",207221281.09
2021,Importacion,71,"Natural, cultured pearls; precious, semi-precious stones; precious metals, metals clad with precious metal, and articles thereof; imitation jewellery; coin",56824134.71
2021,Importacion,87,"Vehicles; other than railway or tramway rolling stock, and parts and accessories thereof",954648597.07
2021,Importacion,22,"Beverages, spirits and vinegar",174504848.75
2021,Importacion,48,"Paper and paperboard; articles of paper pulp, of paper or paperboard",732613692.93
2021,Importacion,95,"Toys, games and sports requisites; parts and accessories thereof",123298181.14
2021,Importacion,60,Fabrics; knitted or crocheted,18219338.14
2021,Importacion,65,Headgear and parts thereof,13886926.05
2021,Importacion,85,"Electrical machinery and equipment and parts thereof; sound recorders and reproducers; television image and sound recorders and reproducers, parts and accessories of such articles",1723705600.3
2021,Importacion,72,Iron and steel,912564084.85
2021,Importacion,58,"Fabrics; special woven fabrics, tufted textile fabrics, lace, tapestries, trimmings, embroidery",8097261.86
2021,Importacion,39,Plastics and articles thereof,1571532647.81
2021,Importacion,20,"Preparations of vegetables, fruit, nuts or other parts of plants",165802174.27
2021,Importacion,62,Apparel and clothing accessories; not knitted or crocheted,155818500.17
2021,Importacion,92,Musical instruments; parts and accessories of such articles,4339775.8
2021,Importacion,96,Miscellaneous manufactured articles,85369396.54
2021,Importacion,38,Chemical products n.e.c.,408362403.73
2021,Importacion,74,Copper and articles thereof,166117609.63
2021,Importacion,90,"Optical, photographic, cinematographic, measuring, checking, medical or surgical instruments and apparatus; parts and accessories",980233919.59
2021,Importacion,97,Works of art; collectors' pieces and antiques,998032.67
2021,Importacion,69,Ceramic products,102093800.6
2021,Importacion,40,Rubber and articles thereof,288421932.94
2021,Importacion,75,Nickel and articles thereof,24938201.74
2021,Importacion,84,"Machinery and mechanical appliances, boilers, nuclear reactors; parts thereof",1586300894.96
2021,Importacion,59,"Textile fabrics; impregnated, coated, covered or laminated; textile articles of a kind suitable for industrial use",26754471.64
2021,Importacion,44,Wood and articles of wood; wood charcoal,117850126.26
2021,Importacion,91,Clocks and watches and parts thereof,13858250.16
2021,Importacion,79,Zinc and articles thereof,19211406.59
2021,Importacion,26,"Ores, slag and ash",921354.19
2021,Importacion,53,Vegetable textile fibres; paper yarn and woven fabrics of paper yarn,410549.54
2021,Importacion,42,"Articles of leather; saddlery and harness; travel goods, handbags and similar containers; articles of animal gut (other than silk-worm gut)",40778377.26
2021,Importacion,82,"Tools, implements, cutlery, spoons and forks, of base metal; parts thereof, of base metal",91623850.04
2021,Importacion,94,"Furniture; bedding, mattresses, mattress supports, cushions and similar stuffed furnishings; lamps and lighting fittings, n.e.c.; illuminated signs, illuminated name-plates and the like; prefabricated buildings",286196627.72
2021,Importacion,19,"Preparations of cereals, flour, starch or milk; pastrycooks' products",143413371.07
2021,Importacion,47,Pulp of wood or other fibrous cellulosic material; recovered (waste and scrap) paper or paperboard,11564427.27
2021,Importacion,16,"Meat, fish, crustaceans, molluscs or other aquatic invertebrates, or insects; preparations thereof",76113777.05
2021,Importacion,81,"Metals; n.e.c., cermets and articles thereof",26966833.87
2021,Importacion,33,"Essential oils and resinoids; perfumery, cosmetic or toilet preparations",255746861.33
2021,Importacion,36,Explosives; pyrotechnic products; matches; pyrophoric alloys; certain combustible preparations,2573300.29
2021,Importacion,14,Vegetable plaiting materials; vegetable products not elsewhere specified or included,739688.34
2021,Importacion,05,Animal originated products; not elsewhere specified or included,9930142.27
2021,Importacion,78,Lead and articles thereof,784099.58
2021,Importacion,41,Raw hides and skins (other than furskins) and leather,3788198.36
2021,Importacion,15,"Animal, vegetable or microbial fats and oils and their cleavage products; prepared edible fats; animal or vegetable waxes",86922696.25
2021,Importacion,09,"Coffee, tea, mate and spices",34413871.33
2021,Importacion,24,"Tobacco and manufactured tobacco substitutes; products, whether or not containing nicotine, intended for inhalation without combustion; other nicotine containing products intended for the intake of nicotine into the human body",24210035.77
2021,Importacion,80,Tin; articles thereof,769414.85
2021,Importacion,64,Footwear; gaiters and the like; parts of such articles,125260481.59
2021,Importacion,31,Fertilizers,207821168.17
2021,Importacion,06,"Trees and other plants, live; bulbs, roots and the like; cut flowers and ornamental foliage",16578189.3
2021,Importacion,86,"Railway, tramway locomotives, rolling-stock and parts thereof; railway or tramway track fixtures and fittings and parts thereof; mechanical (including electro-mechanical) traffic signalling equipment of all kinds",45764932.02
2021,Importacion,23,"Food industries, residues and wastes thereof; prepared animal fodder",210355052.44
2021,Importacion,21,Miscellaneous edible preparations,219811473.14
2021,Importacion,51,"Wool, fine or coarse animal hair; horsehair yarn and woven fabric",3187238.91
2021,Importacion,08,"Fruit and nuts, edible; peel of citrus fruit or melons",99180557.69
2021,Importacion,67,"Feathers and down, prepared; and articles made of feather or of down; artificial flowers; articles of human hair",5057236.83
2021,Importacion,27,"Mineral fuels, mineral oils and products of their distillation; bituminous substances; mineral waxes",1706346926.09
2021,Importacion,88,"Aircraft, spacecraft, and parts thereof",11128702.02
2021,Importacion,32,"Tanning or dyeing extracts; tannins and their derivatives; dyes, pigments and other colouring matter; paints, varnishes; putty, other mastics; inks",127879239.53
2021,Importacion,45,Cork and articles of cork,418112.27
2021,Importacion,13,"Lac; gums, resins and other vegetable saps and extracts",6924169.43
2021,Importacion,49,"Printed books, newspapers, pictures and other products of the printing industry; manuscripts, typescripts and plans",55070202.18
2021,Importacion,04,"Dairy produce; birds' eggs; natural honey; edible products of animal origin, not elsewhere specified or included",67273020.81
2021,Importacion,01,Animals; live,22022626.25
2021,Importacion,30,Pharmaceutical products,905026950.27
2021,Importacion,66,"Umbrellas, sun umbrellas, walking-sticks, seat sticks, whips, riding crops; and parts thereof",3257911.52
2021,Importacion,89,"Ships, boats and floating structures",6765650.36
2021,Importacion,46,"Manufactures of straw, esparto or other plaiting materials; basketware and wickerwork",1376327.88
2021,Importacion,50,Silk,476963.83
2021,Importacion,37,Photographic or cinematographic goods,5411545.73
2021,Importacion,02,Meat and edible meat offal,127476610.51
2021,Importacion,93,Arms and ammunition; parts and accessories thereof,3925874.5
2021,Importacion,03,"Fish and crustaceans, molluscs and other aquatic invertebrates",78427285.02
2021,Importacion,43,Furskins and artificial fur; manufactures thereof,15380.72
2021,Importacion,18,Cocoa and cocoa preparations,48643419.55
2022,Exportacion,02,Meat and edible meat offal,162368210.33
2022,Exportacion,03,"Fish and crustaceans, molluscs and other aquatic invertebrates",90212043.04
2022,Exportacion,04,"Dairy produce; birds' eggs; natural honey; edible products of animal origin, not elsewhere specified or included",115357455.37
2022,Exportacion,05,Animal originated products; not elsewhere specified or included,7587387.73
2022,Exportacion,06,"Trees and other plants, live; bulbs, roots and the like; cut flowers and ornamental foliage",153732670.012
2022,Exportacion,07,Vegetables and certain roots and tubers; edible,198827601.53
2022,Exportacion,10,Cereals,9352586.3
2022,Exportacion,12,"Oil seeds and oleaginous fruits; miscellaneous grains, seeds and fruit, industrial or medicinal plants; straw and fodder",28445157.55
2022,Exportacion,13,"Lac; gums, resins and other vegetable saps and extracts",3791981.93
2022,Exportacion,14,Vegetable plaiting materials; vegetable products not elsewhere specified or included,2322517.74
2022,Exportacion,16,"Meat, fish, crustaceans, molluscs or other aquatic invertebrates, or insects; preparations thereof",71832815.44
2022,Exportacion,19,"Preparations of cereals, flour, starch or milk; pastrycooks' products",163004792.338
2022,Exportacion,21,Miscellaneous edible preparations,878706503.44
2022,Exportacion,23,"Food industries, residues and wastes thereof; prepared animal fodder",68075974.46
2022,Exportacion,24,"Tobacco and manufactured tobacco substitutes; products, whether or not containing nicotine, intended for inhalation without combustion; other nicotine containing products intended for the intake of nicotine into the human body",7004685.01
2022,Exportacion,25,"Salt; sulphur; earths, stone; plastering materials, lime and cement",17338676.57
2022,Exportacion,26,"Ores, slag and ash",102506.46
2022,Exportacion,28,"Inorganic chemicals; organic and inorganic compounds of precious metals; of rare earth metals, of radio-active elements and of isotopes",21356012.63
2022,Exportacion,29,Organic chemicals,9100714.48
2022,Exportacion,31,Fertilizers,51305825.08
2022,Exportacion,36,Explosives; pyrotechnic products; matches; pyrophoric alloys; certain combustible preparations,17634687.02
2022,Exportacion,38,Chemical products n.e.c.,164548085.14
2022,Exportacion,41,Raw hides and skins (other than furskins) and leather,7270473.63
2022,Exportacion,43,Furskins and artificial fur; manufactures thereof,94418.28
2022,Exportacion,45,Cork and articles of cork,2345.38
2022,Exportacion,46,"Manufactures of straw, esparto or other plaiting materials; basketware and wickerwork",1749.71
2022,Exportacion,47,Pulp of wood or other fibrous cellulosic material; recovered (waste and scrap) paper or paperboard,13567717.02
2022,Exportacion,51,"Wool, fine or coarse animal hair; horsehair yarn and woven fabric",502.68
2022,Exportacion,53,Vegetable textile fibres; paper yarn and woven fabrics of paper yarn,1111134.1
2022,Exportacion,55,Man-made staple fibres,5945019.27
2022,Exportacion,56,"Wadding, felt and nonwovens, special yarns; twine, cordage, ropes and cables and articles thereof",6671392.57
2022,Exportacion,57,Carpets and other textile floor coverings,109805.86
2022,Exportacion,59,"Textile fabrics; impregnated, coated, covered or laminated; textile articles of a kind suitable for industrial use",10609936.67
2022,Exportacion,64,Footwear; gaiters and the like; parts of such articles,744852.36
2022,Exportacion,65,Headgear and parts thereof,259539.9
2022,Exportacion,66,"Umbrellas, sun umbrellas, walking-sticks, seat sticks, whips, riding crops; and parts thereof",82864.27
2022,Exportacion,74,Copper and articles thereof,37368057.86
2022,Exportacion,78,Lead and articles thereof,17538183.73
2022,Exportacion,79,Zinc and articles thereof,1508729.21
2022,Exportacion,80,Tin; articles thereof,11.0
2022,Exportacion,86,"Railway, tramway locomotives, rolling-stock and parts thereof; railway or tramway track fixtures and fittings and parts thereof; mechanical (including electro-mechanical) traffic signalling equipment of all kinds",1723270.04
2022,Exportacion,89,"Ships, boats and floating structures",4649260.41
2022,Exportacion,92,Musical instruments; parts and accessories of such articles,111045.39
2022,Exportacion,93,Arms and ammunition; parts and accessories thereof,1967.38
2022,Exportacion,94,"Furniture; bedding, mattresses, mattress supports, cushions and similar stuffed furnishings; lamps and lighting fittings, n.e.c.; illuminated signs, illuminated name-plates and the like; prefabricated buildings",61552248.53
2022,Exportacion,01,Animals; live,11587639.97
2022,Exportacion,08,"Fruit and nuts, edible; peel of citrus fruit or melons",2228445257.527
2022,Exportacion,09,"Coffee, tea, mate and spices",381951959.18
2022,Exportacion,11,"Products of the milling industry; malt, starches, inulin, wheat gluten",19456564.544
2022,Exportacion,15,"Animal, vegetable or microbial fats and oils and their cleavage products; prepared edible fats; animal or vegetable waxes",322532037.35
2022,Exportacion,17,Sugars and sugar confectionery,130925375.2
2022,Exportacion,18,Cocoa and cocoa preparations,15472655.72
2022,Exportacion,20,"Preparations of vegetables, fruit, nuts or other parts of plants",442723759.94
2022,Exportacion,22,"Beverages, spirits and vinegar",98390323.75
2022,Exportacion,27,"Mineral fuels, mineral oils and products of their distillation; bituminous substances; mineral waxes",3320021.81
2022,Exportacion,30,Pharmaceutical products,327143392.889
2022,Exportacion,32,"Tanning or dyeing extracts; tannins and their derivatives; dyes, pigments and other colouring matter; paints, varnishes; putty, other mastics; inks",124244013.77
2022,Exportacion,33,"Essential oils and resinoids; perfumery, cosmetic or toilet preparations",33775290.65
2022,Exportacion,34,"Soap, organic surface-active agents; washing, lubricating, polishing or scouring preparations; artificial or prepared waxes, candles and similar articles, modelling pastes, dental waxes and dental preparations with a basis of plaster",57248874.12
2022,Exportacion,35,Albuminoidal substances; modified starches; glues; enzymes,19823759.54
2022,Exportacion,37,Photographic or cinematographic goods,184602.13
2022,Exportacion,39,Plastics and articles thereof,466101890.229
2022,Exportacion,40,Rubber and articles thereof,329527192.52
2022,Exportacion,42,"Articles of leather; saddlery and harness; travel goods, handbags and similar containers; articles of animal gut (other than silk-worm gut)",11123957.81
2022,Exportacion,44,Wood and articles of wood; wood charcoal,63223932.14
2022,Exportacion,49,"Printed books, newspapers, pictures and other products of the printing industry; manuscripts, typescripts and plans",8205143.18
2022,Exportacion,54,Man-made filaments; strip and the like of man-made textile materials,27034974.979
2022,Exportacion,58,"Fabrics; special woven fabrics, tufted textile fabrics, lace, tapestries, trimmings, embroidery",1922445.55
2022,Exportacion,61,Apparel and clothing accessories; knitted or crocheted,29942757.22
2022,Exportacion,62,Apparel and clothing accessories; not knitted or crocheted,2028298.57
2022,Exportacion,63,"Textiles, made up articles; sets; worn clothing and worn textile articles; rags",8278443.29
2022,Exportacion,67,"Feathers and down, prepared; and articles made of feather or of down; artificial flowers; articles of human hair",10114.0
2022,Exportacion,68,"Stone, plaster, cement, asbestos, mica or similar materials; articles thereof",30069461.86
2022,Exportacion,69,Ceramic products,5883805.47
2022,Exportacion,70,Glass and glassware,118506452.65
2022,Exportacion,72,Iron and steel,258415158.32
2022,Exportacion,73,Iron or steel articles,166753259.01
2022,Exportacion,75,Nickel and articles thereof,21628233.66
2022,Exportacion,76,Aluminium and articles thereof,74141406.747
2022,Exportacion,81,"Metals; n.e.c., cermets and articles thereof",3526310.88
2022,Exportacion,82,"Tools, implements, cutlery, spoons and forks, of base metal; parts thereof, of base metal",3408837.84
2022,Exportacion,83,Metal; miscellaneous products of base metal,34346147.3
2022,Exportacion,84,"Machinery and mechanical appliances, boilers, nuclear reactors; parts thereof",95147603.071
2022,Exportacion,85,"Electrical machinery and equipment and parts thereof; sound recorders and reproducers; television image and sound recorders and reproducers, parts and accessories of such articles",655227714.19
2022,Exportacion,87,"Vehicles; other than railway or tramway rolling stock, and parts and accessories thereof",10595938.92
2022,Exportacion,90,"Optical, photographic, cinematographic, measuring, checking, medical or surgical instruments and apparatus; parts and accessories",5737157299.128
2022,Exportacion,91,Clocks and watches and parts thereof,962242.96
2022,Exportacion,95,"Toys, games and sports requisites; parts and accessories thereof",28861002.16
2022,Exportacion,48,"Paper and paperboard; articles of paper pulp, of paper or paperboard",162532228.743
2022,Exportacion,52,Cotton,57083708.78
2022,Exportacion,60,Fabrics; knitted or crocheted,505901.96
2022,Exportacion,71,"Natural, cultured pearls; precious, semi-precious stones; precious metals, metals clad with precious metal, and articles thereof; imitation jewellery; coin",89764943.94
2022,Exportacion,88,"Aircraft, spacecraft, and parts thereof",7489390.83
2022,Exportacion,96,Miscellaneous manufactured articles,179654383.95
2022,Exportacion,97,Works of art; collectors' pieces and antiques,475544.67
2022,Importacion,39,Plastics and articles thereof,1665439870.942
2022,Importacion,47,Pulp of wood or other fibrous cellulosic material; recovered (waste and scrap) paper or paperboard,9939303.96
2022,Importacion,72,Iron and steel,883476110.791
2022,Importacion,07,Vegetables and certain roots and tubers; edible,79514486.3
2022,Importacion,09,"Coffee, tea, mate and spices",49369937.38
2022,Importacion,10,Cereals,502555968.23
2022,Importacion,11,"Products of the milling industry; malt, starches, inulin, wheat gluten",61858268.41
2022,Importacion,12,"Oil seeds and oleaginous fruits; miscellaneous grains, seeds and fruit, industrial or medicinal plants; straw and fodder",213588558.2
2022,Importacion,18,Cocoa and cocoa preparations,52823768.25
2022,Importacion,19,"Preparations of cereals, flour, starch or milk; pastrycooks' products",165361273.648
2022,Importacion,20,"Preparations of vegetables, fruit, nuts or other parts of plants",182595817.01
2022,Importacion,21,Miscellaneous edible preparations,245488999.73
2022,Importacion,22,"Beverages, spirits and vinegar",213070513.57
2022,Importacion,23,"Food industries, residues and wastes thereof; prepared animal fodder",209948265.08
2022,Importacion,25,"Salt; sulphur; earths, stone; plastering materials, lime and cement",47377293.01
2022,Importacion,27,"Mineral fuels, mineral oils and products of their distillation; bituminous substances; mineral waxes",2692919542.71
2022,Importacion,28,"Inorganic chemicals; organic and inorganic compounds of precious metals; of rare earth metals, of radio-active elements and of isotopes",155613784.861
2022,Importacion,29,Organic chemicals,285727103.08
2022,Importacion,30,Pharmaceutical products,1028252678.879
2022,Importacion,32,"Tanning or dyeing extracts; tannins and their derivatives; dyes, pigments and other colouring matter; paints, varnishes; putty, other mastics; inks",159740816.21
2022,Importacion,33,"Essential oils and resinoids; perfumery, cosmetic or toilet preparations",274113069.77
2022,Importacion,34,"Soap, organic surface-active agents; washing, lubricating, polishing or scouring preparations; artificial or prepared waxes, candles and similar articles, modelling pastes, dental waxes and dental preparations with a basis of plaster",199272921.55
2022,Importacion,35,Albuminoidal substances; modified starches; glues; enzymes,69224946.734
2022,Importacion,37,Photographic or cinematographic goods,5704614.52
2022,Importacion,38,Chemical products n.e.c.,469376397.67
2022,Importacion,40,Rubber and articles thereof,275228938.052
2022,Importacion,42,"Articles of leather; saddlery and harness; travel goods, handbags and similar containers; articles of animal gut (other than silk-worm gut)",46692423.95
2022,Importacion,43,Furskins and artificial fur; manufactures thereof,37838.39
2022,Importacion,44,Wood and articles of wood; wood charcoal,135860194.81
2022,Importacion,45,Cork and articles of cork,533544.32
2022,Importacion,46,"Manufactures of straw, esparto or other plaiting materials; basketware and wickerwork",883324.11
2022,Importacion,48,"Paper and paperboard; articles of paper pulp, of paper or paperboard",907323199.106
2022,Importacion,49,"Printed books, newspapers, pictures and other products of the printing industry; manuscripts, typescripts and plans",62306012.91
2022,Importacion,50,Silk,491074.41
2022,Importacion,52,Cotton,29401984.32
2022,Importacion,54,Man-made filaments; strip and the like of man-made textile materials,60161250.04
2022,Importacion,55,Man-made staple fibres,27539790.95
2022,Importacion,56,"Wadding, felt and nonwovens, special yarns; twine, cordage, ropes and cables and articles thereof",52945010.8
2022,Importacion,57,Carpets and other textile floor coverings,11569698.33
2022,Importacion,58,"Fabrics; special woven fabrics, tufted textile fabrics, lace, tapestries, trimmings, embroidery",7048848.68
2022,Importacion,59,"Textile fabrics; impregnated, coated, covered or laminated; textile articles of a kind suitable for industrial use",30750910.18
2022,Importacion,60,Fabrics; knitted or crocheted,24392584.44
2022,Importacion,61,Apparel and clothing accessories; knitted or crocheted,159359278.94
2022,Importacion,62,Apparel and clothing accessories; not knitted or crocheted,155315743.1
2022,Importacion,63,"Textiles, made up articles; sets; worn clothing and worn textile articles; rags",108561590.81
2022,Importacion,64,Footwear; gaiters and the like; parts of such articles,146920226.48
2022,Importacion,65,Headgear and parts thereof,15180138.21
2022,Importacion,66,"Umbrellas, sun umbrellas, walking-sticks, seat sticks, whips, riding crops; and parts thereof",5508113.8
2022,Importacion,67,"Feathers and down, prepared; and articles made of feather or of down; artificial flowers; articles of human hair",6271030.08
2022,Importacion,68,"Stone, plaster, cement, asbestos, mica or similar materials; articles thereof",82288863.119
2022,Importacion,69,Ceramic products,115109975.42
2022,Importacion,70,Glass and glassware,91700132.04
2022,Importacion,71,"Natural, cultured pearls; precious, semi-precious stones; precious metals, metals clad with precious metal, and articles thereof; imitation jewellery; coin",50505415.79
2022,Importacion,73,Iron or steel articles,486645386.674
2022,Importacion,74,Copper and articles thereof,187447844.78
2022,Importacion,76,Aluminium and articles thereof,197832798.94
2022,Importacion,79,Zinc and articles thereof,20921035.78
2022,Importacion,82,"Tools, implements, cutlery, spoons and forks, of base metal; parts thereof, of base metal",99006313.53
2022,Importacion,83,Metal; miscellaneous products of base metal,104615217.42
2022,Importacion,84,"Machinery and mechanical appliances, boilers, nuclear reactors; parts thereof",1821265274.16
2022,Importacion,85,"Electrical machinery and equipment and parts thereof; sound recorders and reproducers; television image and sound recorders and reproducers, parts and accessories of such articles",1830345271.403
2022,Importacion,87,"Vehicles; other than railway or tramway rolling stock, and parts and accessories thereof",1156892977.741
2022,Importacion,88,"Aircraft, spacecraft, and parts thereof",7983810.2
2022,Importacion,89,"Ships, boats and floating structures",4633507.88
2022,Importacion,90,"Optical, photographic, cinematographic, measuring, checking, medical or surgical instruments and apparatus; parts and accessories",1041808309.483
2022,Importacion,91,Clocks and watches and parts thereof,13566975.66
2022,Importacion,94,"Furniture; bedding, mattresses, mattress supports, cushions and similar stuffed furnishings; lamps and lighting fittings, n.e.c.; illuminated signs, illuminated name-plates and the like; prefabricated buildings",294796466.04
2022,Importacion,95,"Toys, games and sports requisites; parts and accessories thereof",120366447.14
2022,Importacion,96,Miscellaneous manufactured articles,97369774.78
2022,Importacion,97,Works of art; collectors' pieces and antiques,969478.68
2022,Importacion,01,Animals; live,19050859.96
2022,Importacion,02,Meat and edible meat offal,134955757.44
2022,Importacion,03,"Fish and crustaceans, molluscs and other aquatic invertebrates",99616634.53
2022,Importacion,04,"Dairy produce; birds' eggs; natural honey; edible products of animal origin, not elsewhere specified or included",89686937.7
2022,Importacion,05,Animal originated products; not elsewhere specified or included,7485038.03
2022,Importacion,06,"Trees and other plants, live; bulbs, roots and the like; cut flowers and ornamental foliage",17759617.55
2022,Importacion,08,"Fruit and nuts, edible; peel of citrus fruit or melons",99359009.83
2022,Importacion,13,"Lac; gums, resins and other vegetable saps and extracts",8397754.23
2022,Importacion,14,Vegetable plaiting materials; vegetable products not elsewhere specified or included,1113989.48
2022,Importacion,15,"Animal, vegetable or microbial fats and oils and their cleavage products; prepared edible fats; animal or vegetable waxes",63811875.57
2022,Importacion,16,"Meat, fish, crustaceans, molluscs or other aquatic invertebrates, or insects; preparations thereof",87496862.66
2022,Importacion,17,Sugars and sugar confectionery,55192671.74
2022,Importacion,24,"Tobacco and manufactured tobacco substitutes; products, whether or not containing nicotine, intended for inhalation without combustion; other nicotine containing products intended for the intake of nicotine into the human body",19640931.61
2022,Importacion,26,"Ores, slag and ash",1446717.79
2022,Importacion,31,Fertilizers,336269553.85
2022,Importacion,36,Explosives; pyrotechnic products; matches; pyrophoric alloys; certain combustible preparations,4011939.35
2022,Importacion,41,Raw hides and skins (other than furskins) and leather,5707982.73
2022,Importacion,51,"Wool, fine or coarse animal hair; horsehair yarn and woven fabric",3496826.59
2022,Importacion,53,Vegetable textile fibres; paper yarn and woven fabrics of paper yarn,549577.29
2022,Importacion,75,Nickel and articles thereof,19919557.51
2022,Importacion,78,Lead and articles thereof,426418.71
2022,Importacion,80,Tin; articles thereof,542888.83
2022,Importacion,81,"Metals; n.e.c., cermets and articles thereof",31417210.17
2022,Importacion,86,"Railway, tramway locomotives, rolling-stock and parts thereof; railway or tramway track fixtures and fittings and parts thereof; mechanical (including electro-mechanical) traffic signalling equipment of all kinds",4882441.32
2022,Importacion,92,Musical instruments; parts and accessories of such articles,4358466.21
2022,Importacion,93,Arms and ammunition; parts and accessories thereof,5024072.51
2023,Exportacion,18,Cocoa and cocoa preparations,19010585.51
2023,Exportacion,41,Raw hides and skins (other than furskins) and leather,6454330.56
2023,Exportacion,55,Man-made staple fibres,6316391.99
2023,Exportacion,58,"Fabrics; special woven fabrics, tufted textile fabrics, lace, tapestries, trimmings, embroidery",2644406.665
2023,Exportacion,79,Zinc and articles thereof,166647.53
2023,Exportacion,10,Cereals,9189129.77
2023,Exportacion,13,"Lac; gums, resins and other vegetable saps and extracts",4485534.23
2023,Exportacion,36,Explosives; pyrotechnic products; matches; pyrophoric alloys; certain combustible preparations,20719738.86
2023,Exportacion,53,Vegetable textile fibres; paper yarn and woven fabrics of paper yarn,1465246.06
2023,Exportacion,56,"Wadding, felt and nonwovens, special yarns; twine, cordage, ropes and cables and articles thereof",4403317.02
2023,Exportacion,70,Glass and glassware,115499801.22
2023,Exportacion,02,Meat and edible meat offal,142460555.73
2023,Exportacion,03,"Fish and crustaceans, molluscs and other aquatic invertebrates",109605944.91
2023,Exportacion,05,Animal originated products; not elsewhere specified or included,9756748.716
2023,Exportacion,06,"Trees and other plants, live; bulbs, roots and the like; cut flowers and ornamental foliage",148934638.494
2023,Exportacion,11,"Products of the milling industry; malt, starches, inulin, wheat gluten",22800012.4
2023,Exportacion,14,Vegetable plaiting materials; vegetable products not elsewhere specified or included,2853720.12
2023,Exportacion,16,"Meat, fish, crustaceans, molluscs or other aquatic invertebrates, or insects; preparations thereof",79763923.0
2023,Exportacion,20,"Preparations of vegetables, fruit, nuts or other parts of plants",440224012.531
2023,Exportacion,23,"Food industries, residues and wastes thereof; prepared animal fodder",81955739.85
2023,Exportacion,26,"Ores, slag and ash",21423.95
2023,Exportacion,28,"Inorganic chemicals; organic and inorganic compounds of precious metals; of rare earth metals, of radio-active elements and of isotopes",21959049.011
2023,Exportacion,31,Fertilizers,51882820.33
2023,Exportacion,43,Furskins and artificial fur; manufactures thereof,100876.85
2023,Exportacion,45,Cork and articles of cork,143002.29
2023,Exportacion,46,"Manufactures of straw, esparto or other plaiting materials; basketware and wickerwork",4312.25
2023,Exportacion,49,"Printed books, newspapers, pictures and other products of the printing industry; manuscripts, typescripts and plans",9363296.73
2023,Exportacion,51,"Wool, fine or coarse animal hair; horsehair yarn and woven fabric",650.74
2023,Exportacion,54,Man-made filaments; strip and the like of man-made textile materials,18979634.89
2023,Exportacion,74,Copper and articles thereof,39349743.71
2023,Exportacion,78,Lead and articles thereof,19005933.8
2023,Exportacion,80,Tin; articles thereof,12754.99
2023,Exportacion,86,"Railway, tramway locomotives, rolling-stock and parts thereof; railway or tramway track fixtures and fittings and parts thereof; mechanical (including electro-mechanical) traffic signalling equipment of all kinds",2228942.27
2023,Exportacion,89,"Ships, boats and floating structures",2132058.46
2023,Exportacion,92,Musical instruments; parts and accessories of such articles,61873.71
2023,Exportacion,93,Arms and ammunition; parts and accessories thereof,6597.32
2023,Exportacion,04,"Dairy produce; birds' eggs; natural honey; edible products of animal origin, not elsewhere specified or included",128713333.09
2023,Exportacion,24,"Tobacco and manufactured tobacco substitutes; products, whether or not containing nicotine, intended for inhalation without combustion; other nicotine containing products intended for the intake of nicotine into the human body",7073757.62
2023,Exportacion,47,Pulp of wood or other fibrous cellulosic material; recovered (waste and scrap) paper or paperboard,14408563.14
2023,Exportacion,67,"Feathers and down, prepared; and articles made of feather or of down; artificial flowers; articles of human hair",34561.39
2023,Exportacion,15,"Animal, vegetable or microbial fats and oils and their cleavage products; prepared edible fats; animal or vegetable waxes",312632296.693
2023,Exportacion,35,Albuminoidal substances; modified starches; glues; enzymes,20132366.59
2023,Exportacion,38,Chemical products n.e.c.,165184549.202
2023,Exportacion,61,Apparel and clothing accessories; knitted or crocheted,31565649.248
2023,Exportacion,82,"Tools, implements, cutlery, spoons and forks, of base metal; parts thereof, of base metal",5188810.23
2023,Exportacion,30,Pharmaceutical products,412509843.612
2023,Exportacion,73,Iron or steel articles,189660897.406
2023,Exportacion,76,Aluminium and articles thereof,80902458.295
2023,Exportacion,94,"Furniture; bedding, mattresses, mattress supports, cushions and similar stuffed furnishings; lamps and lighting fittings, n.e.c.; illuminated signs, illuminated name-plates and the like; prefabricated buildings",49136408.54
2023,Exportacion,97,Works of art; collectors' pieces and antiques,938667.44
2023,Exportacion,08,"Fruit and nuts, edible; peel of citrus fruit or melons",2532396297.68
2023,Exportacion,09,"Coffee, tea, mate and spices",359350535.962
2023,Exportacion,12,"Oil seeds and oleaginous fruits; miscellaneous grains, seeds and fruit, industrial or medicinal plants; straw and fodder",30512918.92
2023,Exportacion,17,Sugars and sugar confectionery,98073333.59
2023,Exportacion,19,"Preparations of cereals, flour, starch or milk; pastrycooks' products",189915472.91
2023,Exportacion,22,"Beverages, spirits and vinegar",120483743.88
2023,Exportacion,25,"Salt; sulphur; earths, stone; plastering materials, lime and cement",22928470.67
2023,Exportacion,29,Organic chemicals,8345106.3
2023,Exportacion,32,"Tanning or dyeing extracts; tannins and their derivatives; dyes, pigments and other colouring matter; paints, varnishes; putty, other mastics; inks",135533122.79
2023,Exportacion,37,Photographic or cinematographic goods,479683.3
2023,Exportacion,39,Plastics and articles thereof,519988112.922
2023,Exportacion,40,Rubber and articles thereof,348283802.31
2023,Exportacion,42,"Articles of leather; saddlery and harness; travel goods, handbags and similar containers; articles of animal gut (other than silk-worm gut)",13994234.97
2023,Exportacion,48,"Paper and paperboard; articles of paper pulp, of paper or paperboard",143730481.17
2023,Exportacion,57,Carpets and other textile floor coverings,72235.35
2023,Exportacion,59,"Textile fabrics; impregnated, coated, covered or laminated; textile articles of a kind suitable for industrial use",11853027.38
2023,Exportacion,62,Apparel and clothing accessories; not knitted or crocheted,3427781.15
2023,Exportacion,63,"Textiles, made up articles; sets; worn clothing and worn textile articles; rags",9901618.221
2023,Exportacion,65,Headgear and parts thereof,249298.19
2023,Exportacion,66,"Umbrellas, sun umbrellas, walking-sticks, seat sticks, whips, riding crops; and parts thereof",120235.24
2023,Exportacion,69,Ceramic products,3687316.26
2023,Exportacion,72,Iron and steel,253617247.77
2023,Exportacion,81,"Metals; n.e.c., cermets and articles thereof",6196552.23
2023,Exportacion,83,Metal; miscellaneous products of base metal,30666839.84
2023,Exportacion,84,"Machinery and mechanical appliances, boilers, nuclear reactors; parts thereof",125084039.821
2023,Exportacion,87,"Vehicles; other than railway or tramway rolling stock, and parts and accessories thereof",12996188.53
2023,Exportacion,90,"Optical, photographic, cinematographic, measuring, checking, medical or surgical instruments and apparatus; parts and accessories",7605364592.664
2023,Exportacion,95,"Toys, games and sports requisites; parts and accessories thereof",34855860.76
2023,Exportacion,96,Miscellaneous manufactured articles,166182407.93
2023,Exportacion,01,Animals; live,11944022.84
2023,Exportacion,07,Vegetables and certain roots and tubers; edible,265021732.082
2023,Exportacion,21,Miscellaneous edible preparations,1007682637.47
2023,Exportacion,27,"Mineral fuels, mineral oils and products of their distillation; bituminous substances; mineral waxes",9976170.292
2023,Exportacion,44,Wood and articles of wood; wood charcoal,36794911.591
2023,Exportacion,64,Footwear; gaiters and the like; parts of such articles,766800.45
2023,Exportacion,85,"Electrical machinery and equipment and parts thereof; sound recorders and reproducers; television image and sound recorders and reproducers, parts and accessories of such articles",804762714.758
2023,Exportacion,88,"Aircraft, spacecraft, and parts thereof",8542779.9
2023,Exportacion,91,Clocks and watches and parts thereof,323936.13
2023,Exportacion,33,"Essential oils and resinoids; perfumery, cosmetic or toilet preparations",43206911.988
2023,Exportacion,34,"Soap, organic surface-active agents; washing, lubricating, polishing or scouring preparations; artificial or prepared waxes, candles and similar articles, modelling pastes, dental waxes and dental preparations with a basis of plaster",64361086.96
2023,Exportacion,52,Cotton,64832787.14
2023,Exportacion,60,Fabrics; knitted or crocheted,369387.84
2023,Exportacion,68,"Stone, plaster, cement, asbestos, mica or similar materials; articles thereof",21113673.43
2023,Exportacion,71,"Natural, cultured pearls; precious, semi-precious stones; precious metals, metals clad with precious metal, and articles thereof; imitation jewellery; coin",127547157.46
2023,Exportacion,75,Nickel and articles thereof,38321845.66
2023,Importacion,11,"Products of the milling industry; malt, starches, inulin, wheat gluten",60930133.93
2023,Importacion,12,"Oil seeds and oleaginous fruits; miscellaneous grains, seeds and fruit, industrial or medicinal plants; straw and fodder",223784856.216
2023,Importacion,39,Plastics and articles thereof,1733501128.342
2023,Importacion,72,Iron and steel,766518380.816
2023,Importacion,47,Pulp of wood or other fibrous cellulosic material; recovered (waste and scrap) paper or paperboard,12305552.44
2023,Importacion,10,Cereals,587793014.87
2023,Importacion,13,"Lac; gums, resins and other vegetable saps and extracts",10015466.95
2023,Importacion,02,Meat and edible meat offal,189069749.051
2023,Importacion,03,"Fish and crustaceans, molluscs and other aquatic invertebrates",102484308.55
2023,Importacion,16,"Meat, fish, crustaceans, molluscs or other aquatic invertebrates, or insects; preparations thereof",81673093.565
2023,Importacion,17,Sugars and sugar confectionery,66595860.626
2023,Importacion,22,"Beverages, spirits and vinegar",231490893.031
2023,Importacion,25,"Salt; sulphur; earths, stone; plastering materials, lime and cement",45342578.35
2023,Importacion,26,"Ores, slag and ash",549076.23
2023,Importacion,28,"Inorganic chemicals; organic and inorganic compounds of precious metals; of rare earth metals, of radio-active elements and of isotopes",138027935.81
2023,Importacion,29,Organic chemicals,212081376.6
2023,Importacion,32,"Tanning or dyeing extracts; tannins and their derivatives; dyes, pigments and other colouring matter; paints, varnishes; putty, other mastics; inks",160961697.52
2023,Importacion,34,"Soap, organic surface-active agents; washing, lubricating, polishing or scouring preparations; artificial or prepared waxes, candles and similar articles, modelling pastes, dental waxes and dental preparations with a basis of plaster",224715577.46
2023,Importacion,37,Photographic or cinematographic goods,5445019.53
2023,Importacion,40,Rubber and articles thereof,270776681.57
2023,Importacion,42,"Articles of leather; saddlery and harness; travel goods, handbags and similar containers; articles of animal gut (other than silk-worm gut)",54811745.93
2023,Importacion,48,"Paper and paperboard; articles of paper pulp, of paper or paperboard",772755167.58
2023,Importacion,49,"Printed books, newspapers, pictures and other products of the printing industry; manuscripts, typescripts and plans",69097443.01
2023,Importacion,52,Cotton,39325897.02
2023,Importacion,54,Man-made filaments; strip and the like of man-made textile materials,48214970.88
2023,Importacion,57,Carpets and other textile floor coverings,11692345.99
2023,Importacion,59,"Textile fabrics; impregnated, coated, covered or laminated; textile articles of a kind suitable for industrial use",25320312.53
2023,Importacion,60,Fabrics; knitted or crocheted,23410591.82
2023,Importacion,62,Apparel and clothing accessories; not knitted or crocheted,176859731.28
2023,Importacion,63,"Textiles, made up articles; sets; worn clothing and worn textile articles; rags",104564174.83
2023,Importacion,65,Headgear and parts thereof,17154714.13
2023,Importacion,66,"Umbrellas, sun umbrellas, walking-sticks, seat sticks, whips, riding crops; and parts thereof",6334192.91
2023,Importacion,68,"Stone, plaster, cement, asbestos, mica or similar materials; articles thereof",94817458.42
2023,Importacion,69,Ceramic products,114931702.13
2023,Importacion,71,"Natural, cultured pearls; precious, semi-precious stones; precious metals, metals clad with precious metal, and articles thereof; imitation jewellery; coin",76910261.12
2023,Importacion,74,Copper and articles thereof,187214432.28
2023,Importacion,75,Nickel and articles thereof,31854770.93
2023,Importacion,83,Metal; miscellaneous products of base metal,91926486.0
2023,Importacion,84,"Machinery and mechanical appliances, boilers, nuclear reactors; parts thereof",1952070041.34
2023,Importacion,87,"Vehicles; other than railway or tramway rolling stock, and parts and accessories thereof",1670350052.18
2023,Importacion,89,"Ships, boats and floating structures",14284003.49
2023,Importacion,90,"Optical, photographic, cinematographic, measuring, checking, medical or surgical instruments and apparatus; parts and accessories",1296473116.296
2023,Importacion,92,Musical instruments; parts and accessories of such articles,5543107.02
2023,Importacion,95,"Toys, games and sports requisites; parts and accessories thereof",111362542.51
2023,Importacion,96,Miscellaneous manufactured articles,114920932.46
2023,Importacion,35,Albuminoidal substances; modified starches; glues; enzymes,75460207.35
2023,Importacion,38,Chemical products n.e.c.,420883675.95
2023,Importacion,41,Raw hides and skins (other than furskins) and leather,7119415.47
2023,Importacion,55,Man-made staple fibres,29543000.12
2023,Importacion,58,"Fabrics; special woven fabrics, tufted textile fabrics, lace, tapestries, trimmings, embroidery",8108288.56
2023,Importacion,61,Apparel and clothing accessories; knitted or crocheted,147465134.6
2023,Importacion,82,"Tools, implements, cutlery, spoons and forks, of base metal; parts thereof, of base metal",110492631.332
2023,Importacion,04,"Dairy produce; birds' eggs; natural honey; edible products of animal origin, not elsewhere specified or included",90156035.212
2023,Importacion,27,"Mineral fuels, mineral oils and products of their distillation; bituminous substances; mineral waxes",2587643123.4
2023,Importacion,44,Wood and articles of wood; wood charcoal,103998201.49
2023,Importacion,64,Footwear; gaiters and the like; parts of such articles,154820311.91
2023,Importacion,85,"Electrical machinery and equipment and parts thereof; sound recorders and reproducers; television image and sound recorders and reproducers, parts and accessories of such articles",2199026496.678
2023,Importacion,88,"Aircraft, spacecraft, and parts thereof",10959518.45
2023,Importacion,91,Clocks and watches and parts thereof,15259937.09
2023,Importacion,30,Pharmaceutical products,1037178242.36
2023,Importacion,53,Vegetable textile fibres; paper yarn and woven fabrics of paper yarn,424770.05
2023,Importacion,56,"Wadding, felt and nonwovens, special yarns; twine, cordage, ropes and cables and articles thereof",43539188.79
2023,Importacion,70,Glass and glassware,92041302.98
2023,Importacion,73,Iron or steel articles,605475434.068
2023,Importacion,76,Aluminium and articles thereof,162841045.18
2023,Importacion,94,"Furniture; bedding, mattresses, mattress supports, cushions and similar stuffed furnishings; lamps and lighting fittings, n.e.c.; illuminated signs, illuminated name-plates and the like; prefabricated buildings",296068114.35
2023,Importacion,05,Animal originated products; not elsewhere specified or included,9683244.3
2023,Importacion,06,"Trees and other plants, live; bulbs, roots and the like; cut flowers and ornamental foliage",18798265.81
2023,Importacion,08,"Fruit and nuts, edible; peel of citrus fruit or melons",130140660.02
2023,Importacion,09,"Coffee, tea, mate and spices",57706477.942
2023,Importacion,14,Vegetable plaiting materials; vegetable products not elsewhere specified or included,1335374.4
2023,Importacion,19,"Preparations of cereals, flour, starch or milk; pastrycooks' products",198008112.231
2023,Importacion,20,"Preparations of vegetables, fruit, nuts or other parts of plants",216646190.88
2023,Importacion,23,"Food industries, residues and wastes thereof; prepared animal fodder",241606295.19
2023,Importacion,31,Fertilizers,243206738.03
2023,Importacion,43,Furskins and artificial fur; manufactures thereof,19976.98
2023,Importacion,45,Cork and articles of cork,1045785.84
2023,Importacion,46,"Manufactures of straw, esparto or other plaiting materials; basketware and wickerwork",696275.53
2023,Importacion,51,"Wool, fine or coarse animal hair; horsehair yarn and woven fabric",4454092.92
2023,Importacion,78,Lead and articles thereof,460176.74
2023,Importacion,80,Tin; articles thereof,985552.71
2023,Importacion,81,"Metals; n.e.c., cermets and articles thereof",40344443.42
2023,Importacion,86,"Railway, tramway locomotives, rolling-stock and parts thereof; railway or tramway track fixtures and fittings and parts thereof; mechanical (including electro-mechanical) traffic signalling equipment of all kinds",6328914.31
2023,Importacion,93,Arms and ammunition; parts and accessories thereof,6629298.29
2023,Importacion,15,"Animal, vegetable or microbial fats and oils and their cleavage products; prepared edible fats; animal or vegetable waxes",75929252.707
2023,Importacion,18,Cocoa and cocoa preparations,60480424.71
2023,Importacion,79,Zinc and articles thereof,15164547.22
2023,Importacion,01,Animals; live,11043937.53
2023,Importacion,07,Vegetables and certain roots and tubers; edible,108872747.704
2023,Importacion,21,Miscellaneous edible preparations,280428509.92
2023,Importacion,24,"Tobacco and manufactured tobacco substitutes; products, whether or not containing nicotine, intended for inhalation without combustion; other nicotine containing products intended for the intake of nicotine into the human body",18859053.62
2023,Importacion,67,"Feathers and down, prepared; and articles made of feather or of down; artificial flowers; articles of human hair",5196875.76
2023,Importacion,33,"Essential oils and resinoids; perfumery, cosmetic or toilet preparations",318576509.28
2023,Importacion,36,Explosives; pyrotechnic products; matches; pyrophoric alloys; certain combustible preparations,3257311.08
2023,Importacion,50,Silk,711652.86
2023,Importacion,97,Works of art; collectors' pieces and antiques,722869.61
2024,Exportacion,10,Cereals,10157281.92
2024,Exportacion,13,"Lac; gums, resins and other vegetable saps and extracts",2676592.09
2024,Exportacion,30,Pharmaceutical products,452495350.77
2024,Exportacion,36,Explosives; pyrotechnic products; matches; pyrophoric alloys; certain combustible preparations,24764937.957
2024,Exportacion,53,Vegetable textile fibres; paper yarn and woven fabrics of paper yarn,1921583.34
2024,Exportacion,56,"Wadding, felt and nonwovens, special yarns; twine, cordage, ropes and cables and articles thereof",4768699.549
2024,Exportacion,94,"Furniture; bedding, mattresses, mattress supports, cushions and similar stuffed furnishings; lamps and lighting fittings, n.e.c.; illuminated signs, illuminated name-plates and the like; prefabricated buildings",53806806.83
2024,Exportacion,15,"Animal, vegetable or microbial fats and oils and their cleavage products; prepared edible fats; animal or vegetable waxes",289310811.23
2024,Exportacion,18,Cocoa and cocoa preparations,22053396.5
2024,Exportacion,35,Albuminoidal substances; modified starches; glues; enzymes,19487778.97
2024,Exportacion,38,Chemical products n.e.c.,161354255.2
2024,Exportacion,41,Raw hides and skins (other than furskins) and leather,5927870.07
2024,Exportacion,58,"Fabrics; special woven fabrics, tufted textile fabrics, lace, tapestries, trimmings, embroidery",2829774.78
2024,Exportacion,61,Apparel and clothing accessories; knitted or crocheted,26999955.88
2024,Exportacion,79,Zinc and articles thereof,562287.13
2024,Exportacion,07,Vegetables and certain roots and tubers; edible,276061194.561
2024,Exportacion,21,Miscellaneous edible preparations,1119864321.22
2024,Exportacion,24,"Tobacco and manufactured tobacco substitutes; products, whether or not containing nicotine, intended for inhalation without combustion; other nicotine containing products intended for the intake of nicotine into the human body",6686233.93
2024,Exportacion,44,Wood and articles of wood; wood charcoal,33055807.52
2024,Exportacion,64,Footwear; gaiters and the like; parts of such articles,1080383.86
2024,Exportacion,67,"Feathers and down, prepared; and articles made of feather or of down; artificial flowers; articles of human hair",60926.38
2024,Exportacion,02,Meat and edible meat offal,164212572.53
2024,Exportacion,16,"Meat, fish, crustaceans, molluscs or other aquatic invertebrates, or insects; preparations thereof",89274969.01
2024,Exportacion,19,"Preparations of cereals, flour, starch or milk; pastrycooks' products",218533452.19
2024,Exportacion,22,"Beverages, spirits and vinegar",116556762.741
2024,Exportacion,42,"Articles of leather; saddlery and harness; travel goods, handbags and similar containers; articles of animal gut (other than silk-worm gut)",14758226.9
2024,Exportacion,62,Apparel and clothing accessories; not knitted or crocheted,3580273.24
2024,Exportacion,80,Tin; articles thereof,376456.49
2024,Exportacion,83,Metal; miscellaneous products of base metal,27468688.3
2024,Exportacion,86,"Railway, tramway locomotives, rolling-stock and parts thereof; railway or tramway track fixtures and fittings and parts thereof; mechanical (including electro-mechanical) traffic signalling equipment of all kinds",1898948.04
2024,Exportacion,03,"Fish and crustaceans, molluscs and other aquatic invertebrates",69547064.56
2024,Exportacion,05,Animal originated products; not elsewhere specified or included,12226167.731
2024,Exportacion,06,"Trees and other plants, live; bulbs, roots and the like; cut flowers and ornamental foliage",144156178.871
2024,Exportacion,11,"Products of the milling industry; malt, starches, inulin, wheat gluten",20893813.89
2024,Exportacion,14,Vegetable plaiting materials; vegetable products not elsewhere specified or included,3492995.78
2024,Exportacion,17,Sugars and sugar confectionery,143574137.93
2024,Exportacion,20,"Preparations of vegetables, fruit, nuts or other parts of plants",486413116.61
2024,Exportacion,23,"Food industries, residues and wastes thereof; prepared animal fodder",87572314.27
2024,Exportacion,26,"Ores, slag and ash",33006.49
2024,Exportacion,28,"Inorganic chemicals; organic and inorganic compounds of precious metals; of rare earth metals, of radio-active elements and of isotopes",22936261.39
2024,Exportacion,31,Fertilizers,42537919.31
2024,Exportacion,32,"Tanning or dyeing extracts; tannins and their derivatives; dyes, pigments and other colouring matter; paints, varnishes; putty, other mastics; inks",144902905.1
2024,Exportacion,34,"Soap, organic surface-active agents; washing, lubricating, polishing or scouring preparations; artificial or prepared waxes, candles and similar articles, modelling pastes, dental waxes and dental preparations with a basis of plaster",61980074.651
2024,Exportacion,37,Photographic or cinematographic goods,424359.86
2024,Exportacion,43,Furskins and artificial fur; manufactures thereof,149582.94
2024,Exportacion,45,Cork and articles of cork,8470.87
2024,Exportacion,46,"Manufactures of straw, esparto or other plaiting materials; basketware and wickerwork",1431.02
2024,Exportacion,49,"Printed books, newspapers, pictures and other products of the printing industry; manuscripts, typescripts and plans",9098885.354
2024,Exportacion,51,"Wool, fine or coarse animal hair; horsehair yarn and woven fabric",153.9
2024,Exportacion,54,Man-made filaments; strip and the like of man-made textile materials,22880805.48
2024,Exportacion,57,Carpets and other textile floor coverings,59755.87
2024,Exportacion,60,Fabrics; knitted or crocheted,251038.47
2024,Exportacion,63,"Textiles, made up articles; sets; worn clothing and worn textile articles; rags",11342252.261
2024,Exportacion,65,Headgear and parts thereof,234617.04
2024,Exportacion,66,"Umbrellas, sun umbrellas, walking-sticks, seat sticks, whips, riding crops; and parts thereof",318073.1
2024,Exportacion,68,"Stone, plaster, cement, asbestos, mica or similar materials; articles thereof",31588830.225
2024,Exportacion,69,Ceramic products,4374939.907
2024,Exportacion,74,Copper and articles thereof,31091627.61
2024,Exportacion,78,Lead and articles thereof,16900534.01
2024,Exportacion,81,"Metals; n.e.c., cermets and articles thereof",7284390.13
2024,Exportacion,87,"Vehicles; other than railway or tramway rolling stock, and parts and accessories thereof",18240240.6
2024,Exportacion,89,"Ships, boats and floating structures",2814721.51
2024,Exportacion,92,Musical instruments; parts and accessories of such articles,76013.41
2024,Exportacion,96,Miscellaneous manufactured articles,160306436.887
2024,Exportacion,33,"Essential oils and resinoids; perfumery, cosmetic or toilet preparations",35820705.872
2024,Exportacion,70,Glass and glassware,98436736.45
2024,Exportacion,73,Iron or steel articles,213279470.822
2024,Exportacion,76,Aluminium and articles thereof,91898898.683
2024,Exportacion,55,Man-made staple fibres,5743251.19
2024,Exportacion,82,"Tools, implements, cutlery, spoons and forks, of base metal; parts thereof, of base metal",4619911.544
2024,Exportacion,01,Animals; live,11271039.81
2024,Exportacion,04,"Dairy produce; birds' eggs; natural honey; edible products of animal origin, not elsewhere specified or included",161370443.01
2024,Exportacion,47,Pulp of wood or other fibrous cellulosic material; recovered (waste and scrap) paper or paperboard,16367636.95
2024,Exportacion,85,"Electrical machinery and equipment and parts thereof; sound recorders and reproducers; television image and sound recorders and reproducers, parts and accessories of such articles",839124046.501
2024,Exportacion,88,"Aircraft, spacecraft, and parts thereof",24718073.82
2024,Exportacion,91,Clocks and watches and parts thereof,892256.05
2024,Exportacion,39,Plastics and articles thereof,543966244.509
2024,Exportacion,59,"Textile fabrics; impregnated, coated, covered or laminated; textile articles of a kind suitable for industrial use",9174801.98
2024,Exportacion,08,"Fruit and nuts, edible; peel of citrus fruit or melons",2778923725.338
2024,Exportacion,09,"Coffee, tea, mate and spices",356420622.041
2024,Exportacion,12,"Oil seeds and oleaginous fruits; miscellaneous grains, seeds and fruit, industrial or medicinal plants; straw and fodder",24124913.931
2024,Exportacion,25,"Salt; sulphur; earths, stone; plastering materials, lime and cement",12620383.5
2024,Exportacion,29,Organic chemicals,8196531.76
2024,Exportacion,40,Rubber and articles thereof,330108891.776
2024,Exportacion,48,"Paper and paperboard; articles of paper pulp, of paper or paperboard",114467989.263
2024,Exportacion,71,"Natural, cultured pearls; precious, semi-precious stones; precious metals, metals clad with precious metal, and articles thereof; imitation jewellery; coin",139289996.626
2024,Exportacion,84,"Machinery and mechanical appliances, boilers, nuclear reactors; parts thereof",174929925.899
2024,Exportacion,90,"Optical, photographic, cinematographic, measuring, checking, medical or surgical instruments and apparatus; parts and accessories",8747615416.965
2024,Exportacion,95,"Toys, games and sports requisites; parts and accessories thereof",44329489.81
2024,Exportacion,97,Works of art; collectors' pieces and antiques,661098.97
2024,Exportacion,27,"Mineral fuels, mineral oils and products of their distillation; bituminous substances; mineral waxes",3719441.32
2024,Exportacion,52,Cotton,99255853.94
2024,Exportacion,72,Iron and steel,228566180.569
2024,Exportacion,75,Nickel and articles thereof,52102162.35
2024,Importacion,50,Silk,724289.15
2024,Importacion,11,"Products of the milling industry; malt, starches, inulin, wheat gluten",59478221.11
2024,Importacion,12,"Oil seeds and oleaginous fruits; miscellaneous grains, seeds and fruit, industrial or medicinal plants; straw and fodder",175799429.67
2024,Importacion,20,"Preparations of vegetables, fruit, nuts or other parts of plants",228315455.88
2024,Importacion,23,"Food industries, residues and wastes thereof; prepared animal fodder",241179913.79
2024,Importacion,25,"Salt; sulphur; earths, stone; plastering materials, lime and cement",46984711.59
2024,Importacion,26,"Ores, slag and ash",1321486.66
2024,Importacion,28,"Inorganic chemicals; organic and inorganic compounds of precious metals; of rare earth metals, of radio-active elements and of isotopes",139137521.52
2024,Importacion,29,Organic chemicals,204857983.4
2024,Importacion,37,Photographic or cinematographic goods,4788419.38
2024,Importacion,40,Rubber and articles thereof,278265465.93
2024,Importacion,48,"Paper and paperboard; articles of paper pulp, of paper or paperboard",759747127.58
2024,Importacion,49,"Printed books, newspapers, pictures and other products of the printing industry; manuscripts, typescripts and plans",69856965.71
2024,Importacion,54,Man-made filaments; strip and the like of man-made textile materials,53966625.99
2024,Importacion,57,Carpets and other textile floor coverings,15163386.9
2024,Importacion,60,Fabrics; knitted or crocheted,23864267.96
2024,Importacion,63,"Textiles, made up articles; sets; worn clothing and worn textile articles; rags",112227813.75
2024,Importacion,65,Headgear and parts thereof,19471484.06
2024,Importacion,66,"Umbrellas, sun umbrellas, walking-sticks, seat sticks, whips, riding crops; and parts thereof",6489890.23
2024,Importacion,68,"Stone, plaster, cement, asbestos, mica or similar materials; articles thereof",111529492.93
2024,Importacion,69,Ceramic products,117589385.78
2024,Importacion,71,"Natural, cultured pearls; precious, semi-precious stones; precious metals, metals clad with precious metal, and articles thereof; imitation jewellery; coin",121427391.49
2024,Importacion,72,Iron and steel,811131910.339
2024,Importacion,74,Copper and articles thereof,174178131.27
2024,Importacion,81,"Metals; n.e.c., cermets and articles thereof",20500209.47
2024,Importacion,84,"Machinery and mechanical appliances, boilers, nuclear reactors; parts thereof",2064067499.493
2024,Importacion,87,"Vehicles; other than railway or tramway rolling stock, and parts and accessories thereof",2183624036.802
2024,Importacion,89,"Ships, boats and floating structures",19913488.22
2024,Importacion,90,"Optical, photographic, cinematographic, measuring, checking, medical or surgical instruments and apparatus; parts and accessories",1297839086.759
2024,Importacion,95,"Toys, games and sports requisites; parts and accessories thereof",139702017.04
2024,Importacion,27,"Mineral fuels, mineral oils and products of their distillation; bituminous substances; mineral waxes",2460756242.15
2024,Importacion,44,Wood and articles of wood; wood charcoal,117939820.54
2024,Importacion,85,"Electrical machinery and equipment and parts thereof; sound recorders and reproducers; television image and sound recorders and reproducers, parts and accessories of such articles",2326748099.903
2024,Importacion,91,Clocks and watches and parts thereof,15518347.57
2024,Importacion,15,"Animal, vegetable or microbial fats and oils and their cleavage products; prepared edible fats; animal or vegetable waxes",81677492.78
2024,Importacion,35,Albuminoidal substances; modified starches; glues; enzymes,80235267.84
2024,Importacion,38,Chemical products n.e.c.,423507211.139
2024,Importacion,58,"Fabrics; special woven fabrics, tufted textile fabrics, lace, tapestries, trimmings, embroidery",8832333.42
2024,Importacion,61,Apparel and clothing accessories; knitted or crocheted,169677110.98
2024,Importacion,82,"Tools, implements, cutlery, spoons and forks, of base metal; parts thereof, of base metal",116544877.59
2024,Importacion,30,Pharmaceutical products,1122112894.2
2024,Importacion,56,"Wadding, felt and nonwovens, special yarns; twine, cordage, ropes and cables and articles thereof",47931425.87
2024,Importacion,70,Glass and glassware,99888983.0
2024,Importacion,73,Iron or steel articles,556638064.448
2024,Importacion,76,Aluminium and articles thereof,179550657.53
2024,Importacion,39,Plastics and articles thereof,1719775440.317
2024,Importacion,42,"Articles of leather; saddlery and harness; travel goods, handbags and similar containers; articles of animal gut (other than silk-worm gut)",65510062.71
2024,Importacion,59,"Textile fabrics; impregnated, coated, covered or laminated; textile articles of a kind suitable for industrial use",22767191.378
2024,Importacion,62,Apparel and clothing accessories; not knitted or crocheted,180384920.38
2024,Importacion,03,"Fish and crustaceans, molluscs and other aquatic invertebrates",130418058.15
2024,Importacion,05,Animal originated products; not elsewhere specified or included,10355040.7
2024,Importacion,06,"Trees and other plants, live; bulbs, roots and the like; cut flowers and ornamental foliage",19193066.63
2024,Importacion,08,"Fruit and nuts, edible; peel of citrus fruit or melons",158242876.47
2024,Importacion,09,"Coffee, tea, mate and spices",40611006.04
2024,Importacion,14,Vegetable plaiting materials; vegetable products not elsewhere specified or included,1509711.15
2024,Importacion,17,Sugars and sugar confectionery,69189777.31
2024,Importacion,31,Fertilizers,248815364.27
2024,Importacion,32,"Tanning or dyeing extracts; tannins and their derivatives; dyes, pigments and other colouring matter; paints, varnishes; putty, other mastics; inks",168770947.51
2024,Importacion,34,"Soap, organic surface-active agents; washing, lubricating, polishing or scouring preparations; artificial or prepared waxes, candles and similar articles, modelling pastes, dental waxes and dental preparations with a basis of plaster",244840217.82
2024,Importacion,43,Furskins and artificial fur; manufactures thereof,24854.98
2024,Importacion,45,Cork and articles of cork,352179.8
2024,Importacion,46,"Manufactures of straw, esparto or other plaiting materials; basketware and wickerwork",1122969.81
2024,Importacion,51,"Wool, fine or coarse animal hair; horsehair yarn and woven fabric",1662394.67
2024,Importacion,52,Cotton,50135419.93
2024,Importacion,75,Nickel and articles thereof,20801517.65
2024,Importacion,78,Lead and articles thereof,757076.52
2024,Importacion,92,Musical instruments; parts and accessories of such articles,6249264.7
2024,Importacion,93,Arms and ammunition; parts and accessories thereof,8474119.58
2024,Importacion,96,Miscellaneous manufactured articles,122947578.927
2024,Importacion,01,Animals; live,12125089.42
2024,Importacion,04,"Dairy produce; birds' eggs; natural honey; edible products of animal origin, not elsewhere specified or included",106680710.92
2024,Importacion,07,Vegetables and certain roots and tubers; edible,111965382.23
2024,Importacion,21,Miscellaneous edible preparations,315872565.06
2024,Importacion,24,"Tobacco and manufactured tobacco substitutes; products, whether or not containing nicotine, intended for inhalation without combustion; other nicotine containing products intended for the intake of nicotine into the human body",22041570.64
2024,Importacion,47,Pulp of wood or other fibrous cellulosic material; recovered (waste and scrap) paper or paperboard,11066548.69
2024,Importacion,64,Footwear; gaiters and the like; parts of such articles,170444621.52
2024,Importacion,67,"Feathers and down, prepared; and articles made of feather or of down; artificial flowers; articles of human hair",6875984.81
2024,Importacion,88,"Aircraft, spacecraft, and parts thereof",14902824.7
2024,Importacion,18,Cocoa and cocoa preparations,80152187.31
2024,Importacion,41,Raw hides and skins (other than furskins) and leather,7150173.29
2024,Importacion,55,Man-made staple fibres,35494288.26
2024,Importacion,79,Zinc and articles thereof,14077915.14
2024,Importacion,10,Cereals,538308932.04
2024,Importacion,13,"Lac; gums, resins and other vegetable saps and extracts",8413328.7
2024,Importacion,33,"Essential oils and resinoids; perfumery, cosmetic or toilet preparations",372244747.33
2024,Importacion,36,Explosives; pyrotechnic products; matches; pyrophoric alloys; certain combustible preparations,4794183.44
2024,Importacion,53,Vegetable textile fibres; paper yarn and woven fabrics of paper yarn,547110.27
2024,Importacion,94,"Furniture; bedding, mattresses, mattress supports, cushions and similar stuffed furnishings; lamps and lighting fittings, n.e.c.; illuminated signs, illuminated name-plates and the like; prefabricated buildings",332810832.97
2024,Importacion,97,Works of art; collectors' pieces and antiques,1275641.34
2024,Importacion,02,Meat and edible meat offal,237135832.4
2024,Importacion,16,"Meat, fish, crustaceans, molluscs or other aquatic invertebrates, or insects; preparations thereof",94317408.96
2024,Importacion,19,"Preparations of cereals, flour, starch or milk; pastrycooks' products",207746630.16
2024,Importacion,22,"Beverages, spirits and vinegar",256401117.55
2024,Importacion,80,Tin; articles thereof,1000754.88
2024,Importacion,83,Metal; miscellaneous products of base metal,101056359.13
2024,Importacion,86,"Railway, tramway locomotives, rolling-stock and parts thereof; railway or tramway track fixtures and fittings and parts thereof; mechanical (including electro-mechanical) traffic signalling equipment of all kinds",7167065.49
