anio,flujo,socio_cod,socio,es_agregado,valor_usd
2010,Exportacion,0,World,True,9044840676.0
2010,Exportacion,4,Afghanistan,False,423049.0
2010,Exportacion,20,Andorra,False,109833.0
2010,Exportacion,24,Angola,False,30509.0
2010,Exportacion,28,Antigua and Barbuda,False,1530473.0
2010,Exportacion,36,Australia,False,33107660.0
2010,Exportacion,40,Austria,False,367263.0
2010,Exportacion,32,Argentina,False,10507757.0
2010,Exportacion,44,Bahamas,False,11081190.0
2010,Exportacion,50,Bangladesh,False,51424.0
2010,Exportacion,52,Barbados,False,15375240.0
2010,Exportacion,56,Belgium,False,311988802.0
2010,Exportacion,60,Bermuda,False,2513102.0
2010,Exportacion,68,Bolivia (Plurinational State of),False,1689438.0
2010,Exportacion,76,Brazil,False,39654064.0
2010,Exportacion,84,Belize,False,7107904.0
2010,Exportacion,92,Br. Virgin Isds,False,52604.0
2010,Exportacion,100,Bulgaria,False,776284.0
2010,Exportacion,104,Myanmar,False,239776.0
2010,Exportacion,112,Belarus,False,5153.0
2010,Exportacion,116,Cambodia,False,353909.0
2010,Exportacion,120,Cameroon,False,4538182.0
2010,Exportacion,124,Canada,False,95231364.0
2010,Exportacion,136,Cayman Isds,False,1331953.0
2010,Exportacion,144,Sri Lanka,False,453411.0
2010,Exportacion,152,Chile,False,37287011.0
2010,Exportacion,156,China,False,268829122.0
2010,Exportacion,180,Dem. Rep. of the Congo,False,50574.0
2010,Exportacion,191,Croatia,False,7108.0
2010,Exportacion,170,Colombia,False,52467275.0
2010,Exportacion,178,Congo,False,19003.0
2010,Exportacion,192,Cuba,False,19998422.0
2010,Exportacion,196,Cyprus,False,31007.0
2010,Exportacion,203,Czechia,False,37631.0
2010,Exportacion,204,Benin,False,46771.0
2010,Exportacion,208,Denmark,False,1305685.0
2010,Exportacion,212,Dominica,False,464357.0
2010,Exportacion,214,Dominican Rep.,False,241251601.0
2010,Exportacion,218,Ecuador,False,32149038.0
2010,Exportacion,222,El Salvador,False,269222229.0
2010,Exportacion,231,Ethiopia,False,40972.0
2010,Exportacion,233,Estonia,False,559271.0
2010,Exportacion,242,Fiji,False,369.0
2010,Exportacion,246,Finland,False,903359.0
2010,Exportacion,251,France,False,94630629.0
2010,Exportacion,266,Gabon,False,19554.0
2010,Exportacion,268,Georgia,False,9750.0
2010,Exportacion,258,French Polynesia,False,143050.0
2010,Exportacion,288,Ghana,False,356038.0
2010,Exportacion,300,Greece,False,3356067.0
2010,Exportacion,308,Grenada,False,614154.0
2010,Exportacion,316,Guam,False,23010.0
2010,Exportacion,276,Germany,False,138572955.0
2010,Exportacion,320,Guatemala,False,361679360.0
2010,Exportacion,328,Guyana,False,3227827.0
2010,Exportacion,332,Haiti,False,11404621.0
2010,Exportacion,334,Heard Island and McDonald Islands,False,18848.0
2010,Exportacion,340,Honduras,False,292187036.0
2010,Exportacion,344,"China, Hong Kong SAR",False,438037411.0
2010,Exportacion,348,Hungary,False,1402758.0
2010,Exportacion,352,Iceland,False,62306.0
2010,Exportacion,360,Indonesia,False,3023919.0
2010,Exportacion,364,Iran,False,2271328.0
2010,Exportacion,368,Iraq,False,56671.0
2010,Exportacion,372,Ireland,False,21165647.0
2010,Exportacion,376,Israel,False,7547686.0
2010,Exportacion,380,Italy,False,138190311.0
2010,Exportacion,384,Côte d'Ivoire,False,379152.0
2010,Exportacion,400,Jordan,False,92187.0
2010,Exportacion,388,Jamaica,False,54148095.0
2010,Exportacion,392,Japan,False,84764343.0
2010,Exportacion,404,Kenya,False,6890.0
2010,Exportacion,408,Dem. People's Rep. of Korea,False,39342.0
2010,Exportacion,410,Rep. of Korea,False,40142601.0
2010,Exportacion,414,Kuwait,False,18638.0
2010,Exportacion,422,Lebanon,False,374321.0
2010,Exportacion,428,Latvia,False,29733.0
2010,Exportacion,434,Libya,False,3904834.0
2010,Exportacion,440,Lithuania,False,16143.0
2010,Exportacion,458,Malaysia,False,168696527.0
2010,Exportacion,466,Mali,False,765.0
2010,Exportacion,470,Malta,False,80413.0
2010,Exportacion,442,Luxembourg,False,62492.0
2010,Exportacion,446,"China, Macao SAR",False,54175.0
2010,Exportacion,484,Mexico,False,254431438.0
2010,Exportacion,490,"Other Asia, nes",False,71604484.0
2010,Exportacion,496,Mongolia,False,173450.0
2010,Exportacion,508,Mozambique,False,637337.0
2010,Exportacion,512,Oman,False,186965.0
2010,Exportacion,504,Morocco,False,2526548.0
2010,Exportacion,530,Netherlands Antilles (...2010),False,11576812.0
2010,Exportacion,528,Netherlands,False,633714209.0
2010,Exportacion,533,Aruba,False,3934923.0
2010,Exportacion,540,New Caledonia,False,57736.0
2010,Exportacion,554,New Zealand,False,1744383.0
2010,Exportacion,558,Nicaragua,False,378899543.0
2010,Exportacion,566,Nigeria,False,5577.0
2010,Exportacion,579,Norway,False,258992.0
2010,Exportacion,586,Pakistan,False,85122.0
2010,Exportacion,591,Panama,False,430186029.0
2010,Exportacion,598,Papua New Guinea,False,77322.0
2010,Exportacion,600,Paraguay,False,188386.0
2010,Exportacion,604,Peru,False,12414429.0
2010,Exportacion,616,Poland,False,837736.0
2010,Exportacion,620,Portugal,False,31690088.0
2010,Exportacion,634,Qatar,False,80115.0
2010,Exportacion,642,Romania,False,916248.0
2010,Exportacion,608,Philippines,False,4477849.0
2010,Exportacion,643,Russian Federation,False,26996510.0
2010,Exportacion,659,Saint Kitts and Nevis,False,350292.0
2010,Exportacion,660,Anguilla,False,8904.0
2010,Exportacion,662,Saint Lucia,False,1606975.0
2010,Exportacion,670,Saint Vincent and the Grenadines,False,352196.0
2010,Exportacion,682,Saudi Arabia,False,11229083.0
2010,Exportacion,686,Senegal,False,104000.0
2010,Exportacion,694,Sierra Leone,False,20164.0
2010,Exportacion,699,India,False,21735043.0
2010,Exportacion,646,Rwanda,False,150.0
2010,Exportacion,654,Saint Helena,False,51396.0
2010,Exportacion,702,Singapore,False,41787633.0
2010,Exportacion,703,Slovakia,False,134642.0
2010,Exportacion,704,Viet Nam,False,15695361.0
2010,Exportacion,705,Slovenia,False,85736.0
2010,Exportacion,710,South Africa,False,1620216.0
2010,Exportacion,724,Spain,False,49883049.0
2010,Exportacion,740,Suriname,False,5325598.0
2010,Exportacion,752,Sweden,False,29059002.0
2010,Exportacion,757,Switzerland,False,7749343.0
2010,Exportacion,760,Syria,False,382308.0
2010,Exportacion,764,Thailand,False,4267641.0
2010,Exportacion,768,Togo,False,73004.0
2010,Exportacion,780,Trinidad and Tobago,False,46908559.0
2010,Exportacion,784,United Arab Emirates,False,6661576.0
2010,Exportacion,788,Tunisia,False,1590647.0
2010,Exportacion,792,Türkiye,False,19970164.0
2010,Exportacion,796,Turks and Caicos Isds,False,40.0
2010,Exportacion,800,Uganda,False,3578.0
2010,Exportacion,804,Ukraine,False,51848.0
2010,Exportacion,818,Egypt,False,684532.0
2010,Exportacion,826,United Kingdom,False,160391916.0
2010,Exportacion,834,United Rep. of Tanzania,False,235968.0
2010,Exportacion,842,USA,False,3384678655.0
2010,Exportacion,858,Uruguay,False,876702.0
2010,Exportacion,860,Uzbekistan,False,2779.0
2010,Exportacion,862,Venezuela,False,26700536.0
2010,Exportacion,882,Samoa,False,4.0
2010,Exportacion,887,Yemen,False,857663.0
2010,Exportacion,894,Zambia,False,25940.0
2010,Exportacion,899,"Areas, nes",False,1972866.0
2010,Importacion,0,World,True,13920243832.0
2010,Importacion,4,Afghanistan,False,39644.0
2010,Importacion,8,Albania,False,24581.0
2010,Importacion,10,Antarctica,False,117.0
2010,Importacion,12,Algeria,False,66189989.0
2010,Importacion,16,American Samoa,False,11088.0
2010,Importacion,20,Andorra,False,202116.0
2010,Importacion,24,Angola,False,968.0
2010,Importacion,28,Antigua and Barbuda,False,89545.0
2010,Importacion,32,Argentina,False,76525484.0
2010,Importacion,36,Australia,False,12471448.0
2010,Importacion,40,Austria,False,33095248.0
2010,Importacion,44,Bahamas,False,5799838.0
2010,Importacion,48,Bahrain,False,8814.0
2010,Importacion,50,Bangladesh,False,2476740.0
2010,Importacion,51,Armenia,False,889.0
2010,Importacion,52,Barbados,False,107246.0
2010,Importacion,74,Bouvet Island,False,15084.0
2010,Importacion,60,Bermuda,False,1010.0
2010,Importacion,64,Bhutan,False,264.0
2010,Importacion,68,Bolivia (Plurinational State of),False,2661261.0
2010,Importacion,70,Bosnia Herzegovina,False,38570.0
2010,Importacion,56,Belgium,False,64358958.0
2010,Importacion,72,Botswana,False,32354.0
2010,Importacion,76,Brazil,False,294576532.0
2010,Importacion,84,Belize,False,46773676.0
2010,Importacion,86,Br. Indian Ocean Terr.,False,2627.0
2010,Importacion,90,Solomon Isds,False,1154.0
2010,Importacion,108,Burundi,False,138529.0
2010,Importacion,92,Br. Virgin Isds,False,827942.0
2010,Importacion,96,Brunei Darussalam,False,981.0
2010,Importacion,100,Bulgaria,False,1363969.0
2010,Importacion,104,Myanmar,False,51729.0
2010,Importacion,112,Belarus,False,2045.0
2010,Importacion,116,Cambodia,False,1077479.0
2010,Importacion,120,Cameroon,False,3926.0
2010,Importacion,124,Canada,False,115647422.0
2010,Importacion,136,Cayman Isds,False,5055631.0
2010,Importacion,144,Sri Lanka,False,705014.0
2010,Importacion,148,Chad,False,1105.0
2010,Importacion,140,Central African Rep.,False,40273.0
2010,Importacion,152,Chile,False,218985522.0
2010,Importacion,156,China,False,990684895.0
2010,Importacion,166,Cocos Isds,False,40182.0
2010,Importacion,170,Colombia,False,499152068.0
2010,Importacion,174,Comoros,False,43922.0
2010,Importacion,175,Mayotte (Overseas France),False,152.0
2010,Importacion,180,Dem. Rep. of the Congo,False,193959.0
2010,Importacion,184,Cook Isds,False,46704.0
2010,Importacion,192,Cuba,False,444820.0
2010,Importacion,196,Cyprus,False,18141.0
2010,Importacion,191,Croatia,False,285216.0
2010,Importacion,204,Benin,False,77.0
2010,Importacion,203,Czechia,False,2521468.0
2010,Importacion,208,Denmark,False,22073344.0
2010,Importacion,212,Dominica,False,21287.0
2010,Importacion,214,Dominican Rep.,False,27199775.0
2010,Importacion,218,Ecuador,False,16707070.0
2010,Importacion,222,El Salvador,False,153404670.0
2010,Importacion,226,Equatorial Guinea,False,1238.0
2010,Importacion,231,Ethiopia,False,1771.0
2010,Importacion,233,Estonia,False,556546.0
2010,Importacion,238,Falkland Isds (Malvinas),False,994.0
2010,Importacion,242,Fiji,False,42761.0
2010,Importacion,246,Finland,False,6629511.0
2010,Importacion,251,France,False,88757720.0
2010,Importacion,258,French Polynesia,False,3472.0
2010,Importacion,262,Djibouti,False,781.0
2010,Importacion,266,Gabon,False,3890.0
2010,Importacion,268,Georgia,False,33856.0
2010,Importacion,270,Gambia,False,12216.0
2010,Importacion,276,Germany,False,310332006.0
2010,Importacion,292,Gibraltar,False,766.0
2010,Importacion,296,Kiribati,False,2392.0
2010,Importacion,300,Greece,False,413384.0
2010,Importacion,308,Grenada,False,43150.0
2010,Importacion,328,Guyana,False,65815.0
2010,Importacion,320,Guatemala,False,324037728.0
2010,Importacion,334,Heard Island and McDonald Islands,False,27101.0
2010,Importacion,336,Holy See (Vatican City State),False,119.0
2010,Importacion,332,Haiti,False,244174.0
2010,Importacion,340,Honduras,False,109871308.0
2010,Importacion,344,"China, Hong Kong SAR",False,49060864.0
2010,Importacion,348,Hungary,False,1130764.0
2010,Importacion,352,Iceland,False,19879.0
2010,Importacion,364,Iran,False,12724.0
2010,Importacion,368,Iraq,False,146.0
2010,Importacion,360,Indonesia,False,15191523.0
2010,Importacion,372,Ireland,False,30384456.0
2010,Importacion,376,Israel,False,152395366.0
2010,Importacion,380,Italy,False,143577390.0
2010,Importacion,384,Côte d'Ivoire,False,5139.0
2010,Importacion,388,Jamaica,False,1024367.0
2010,Importacion,392,Japan,False,499450970.0
2010,Importacion,398,Kazakhstan,False,1108.0
2010,Importacion,400,Jordan,False,490044.0
2010,Importacion,404,Kenya,False,48052.0
2010,Importacion,408,Dem. People's Rep. of Korea,False,1720194.0
2010,Importacion,410,Rep. of Korea,False,152152587.0
2010,Importacion,418,Lao People's Dem. Rep.,False,2057.0
2010,Importacion,422,Lebanon,False,18759.0
2010,Importacion,426,Lesotho,False,284.0
2010,Importacion,428,Latvia,False,3435977.0
2010,Importacion,440,Lithuania,False,238713.0
2010,Importacion,442,Luxembourg,False,624393.0
2010,Importacion,446,"China, Macao SAR",False,15996.0
2010,Importacion,450,Madagascar,False,110574.0
2010,Importacion,454,Malawi,False,269562.0
2010,Importacion,458,Malaysia,False,35854381.0
2010,Importacion,466,Mali,False,102.0
2010,Importacion,470,Malta,False,273639.0
2010,Importacion,478,Mauritania,False,28492.0
2010,Importacion,480,Mauritius,False,98063.0
2010,Importacion,484,Mexico,False,895610565.0
2010,Importacion,490,"Other Asia, nes",False,87180037.0
2010,Importacion,498,Rep. of Moldova,False,78114.0
2010,Importacion,504,Morocco,False,2523959.0
2010,Importacion,508,Mozambique,False,148965.0
2010,Importacion,512,Oman,False,253701.0
2010,Importacion,516,Namibia,False,164.0
2010,Importacion,524,Nepal,False,8261.0
2010,Importacion,520,Naoero,False,112.0
2010,Importacion,533,Aruba,False,17698.0
2010,Importacion,540,New Caledonia,False,35186.0
2010,Importacion,528,Netherlands,False,82976593.0
2010,Importacion,530,Netherlands Antilles (...2010),False,98503104.0
2010,Importacion,554,New Zealand,False,2898651.0
2010,Importacion,558,Nicaragua,False,91588618.0
2010,Importacion,562,Niger,False,3558.0
2010,Importacion,566,Nigeria,False,4337.0
2010,Importacion,579,Norway,False,8232455.0
2010,Importacion,584,Marshall Isds,False,5780.0
2010,Importacion,585,Palau,False,3020.0
2010,Importacion,586,Pakistan,False,2317692.0
2010,Importacion,600,Paraguay,False,579851.0
2010,Importacion,591,Panama,False,235571762.0
2010,Importacion,604,Peru,False,35372851.0
2010,Importacion,608,Philippines,False,4957313.0
2010,Importacion,616,Poland,False,3410558.0
2010,Importacion,634,Qatar,False,225495.0
2010,Importacion,642,Romania,False,1092598.0
2010,Importacion,620,Portugal,False,13133836.0
2010,Importacion,626,Timor-Leste,False,26.0
2010,Importacion,643,Russian Federation,False,21296415.0
2010,Importacion,646,Rwanda,False,65.0
2010,Importacion,660,Anguilla,False,368002.0
2010,Importacion,662,Saint Lucia,False,1789.0
2010,Importacion,670,Saint Vincent and the Grenadines,False,1245.0
2010,Importacion,674,San Marino,False,2223.0
2010,Importacion,678,Sao Tome and Principe,False,963.0
2010,Importacion,682,Saudi Arabia,False,11484063.0
2010,Importacion,686,Senegal,False,3785.0
2010,Importacion,688,Serbia,False,4536.0
2010,Importacion,694,Sierra Leone,False,528.0
2010,Importacion,699,India,False,107613586.0
2010,Importacion,702,Singapore,False,31644967.0
2010,Importacion,703,Slovakia,False,2492449.0
2010,Importacion,704,Viet Nam,False,15000947.0
2010,Importacion,705,Slovenia,False,1294917.0
2010,Importacion,710,South Africa,False,1342266.0
2010,Importacion,716,Zimbabwe,False,2480.0
2010,Importacion,724,Spain,False,145541965.0
2010,Importacion,740,Suriname,False,47094.0
2010,Importacion,748,Eswatini,False,150601.0
2010,Importacion,752,Sweden,False,38064104.0
2010,Importacion,762,Tajikistan,False,28.0
2010,Importacion,757,Switzerland,False,133823461.0
2010,Importacion,760,Syria,False,7445.0
2010,Importacion,764,Thailand,False,83364172.0
2010,Importacion,780,Trinidad and Tobago,False,163164166.0
2010,Importacion,784,United Arab Emirates,False,1174104.0
2010,Importacion,788,Tunisia,False,351819.0
2010,Importacion,792,Türkiye,False,12514898.0
2010,Importacion,795,Turkmenistan,False,139.0
2010,Importacion,796,Turks and Caicos Isds,False,11353.0
2010,Importacion,800,Uganda,False,10053.0
2010,Importacion,804,Ukraine,False,811598.0
2010,Importacion,807,North Macedonia,False,6483.0
2010,Importacion,818,Egypt,False,1379118.0
2010,Importacion,826,United Kingdom,False,100121614.0
2010,Importacion,834,United Rep. of Tanzania,False,2326.0
2010,Importacion,842,USA,False,6511661094.0
2010,Importacion,854,Burkina Faso,False,9061.0
2010,Importacion,858,Uruguay,False,17891130.0
2010,Importacion,862,Venezuela,False,47023569.0
2010,Importacion,882,Samoa,False,8080.0
2010,Importacion,894,Zambia,False,5047.0
2010,Importacion,899,"Areas, nes",False,312845400.0
2011,Exportacion,0,World,True,10222241025.0
2011,Exportacion,4,Afghanistan,False,85721.0
2011,Exportacion,8,Albania,False,91694.0
2011,Exportacion,20,Andorra,False,487653.0
2011,Exportacion,24,Angola,False,1652.0
2011,Exportacion,28,Antigua and Barbuda,False,1045168.0
2011,Exportacion,32,Argentina,False,23841884.0
2011,Exportacion,40,Austria,False,458091.0
2011,Exportacion,44,Bahamas,False,15148684.0
2011,Exportacion,36,Australia,False,38050228.0
2011,Exportacion,50,Bangladesh,False,24306.0
2011,Exportacion,52,Barbados,False,12017639.0
2011,Exportacion,56,Belgium,False,274329391.0
2011,Exportacion,68,Bolivia (Plurinational State of),False,1206551.0
2011,Exportacion,70,Bosnia Herzegovina,False,534440.0
2011,Exportacion,60,Bermuda,False,1754183.0
2011,Exportacion,112,Belarus,False,107.0
2011,Exportacion,76,Brazil,False,33262922.0
2011,Exportacion,84,Belize,False,8897983.0
2011,Exportacion,100,Bulgaria,False,222466.0
2011,Exportacion,104,Myanmar,False,145015.0
2011,Exportacion,116,Cambodia,False,247338.0
2011,Exportacion,120,Cameroon,False,7141195.0
2011,Exportacion,124,Canada,False,70734911.0
2011,Exportacion,136,Cayman Isds,False,1119627.0
2011,Exportacion,144,Sri Lanka,False,97500.0
2011,Exportacion,152,Chile,False,23418863.0
2011,Exportacion,156,China,False,214944217.0
2011,Exportacion,170,Colombia,False,46709340.0
2011,Exportacion,174,Comoros,False,12960.0
2011,Exportacion,178,Congo,False,106450.0
2011,Exportacion,192,Cuba,False,23948940.0
2011,Exportacion,196,Cyprus,False,33870.0
2011,Exportacion,208,Denmark,False,874048.0
2011,Exportacion,212,Dominica,False,679559.0
2011,Exportacion,203,Czechia,False,11330.0
2011,Exportacion,204,Benin,False,1320.0
2011,Exportacion,214,Dominican Rep.,False,251761474.0
2011,Exportacion,218,Ecuador,False,37927822.0
2011,Exportacion,222,El Salvador,False,285843453.0
2011,Exportacion,231,Ethiopia,False,745920.0
2011,Exportacion,233,Estonia,False,321984.0
2011,Exportacion,242,Fiji,False,14427.0
2011,Exportacion,246,Finland,False,109130.0
2011,Exportacion,251,France,False,94685977.0
2011,Exportacion,258,French Polynesia,False,49437.0
2011,Exportacion,266,Gabon,False,209141.0
2011,Exportacion,268,Georgia,False,196238.0
2011,Exportacion,276,Germany,False,144836571.0
2011,Exportacion,288,Ghana,False,280706.0
2011,Exportacion,300,Greece,False,2410440.0
2011,Exportacion,308,Grenada,False,599484.0
2011,Exportacion,316,Guam,False,41877.0
2011,Exportacion,320,Guatemala,False,407526368.0
2011,Exportacion,328,Guyana,False,6467699.0
2011,Exportacion,332,Haiti,False,9655843.0
2011,Exportacion,340,Honduras,False,336175467.0
2011,Exportacion,348,Hungary,False,1069656.0
2011,Exportacion,360,Indonesia,False,1529437.0
2011,Exportacion,364,Iran,False,234814.0
2011,Exportacion,368,Iraq,False,12520.0
2011,Exportacion,344,"China, Hong Kong SAR",False,516963347.0
2011,Exportacion,372,Ireland,False,25201529.0
2011,Exportacion,376,Israel,False,7259841.0
2011,Exportacion,384,Côte d'Ivoire,False,217051.0
2011,Exportacion,380,Italy,False,135555132.0
2011,Exportacion,388,Jamaica,False,53523134.0
2011,Exportacion,400,Jordan,False,31089.0
2011,Exportacion,404,Kenya,False,5315.0
2011,Exportacion,392,Japan,False,89556155.0
2011,Exportacion,398,Kazakhstan,False,3603.0
2011,Exportacion,414,Kuwait,False,83912.0
2011,Exportacion,422,Lebanon,False,514297.0
2011,Exportacion,428,Latvia,False,320150.0
2011,Exportacion,440,Lithuania,False,113840.0
2011,Exportacion,442,Luxembourg,False,129704.0
2011,Exportacion,446,"China, Macao SAR",False,5552.0
2011,Exportacion,454,Malawi,False,60062.0
2011,Exportacion,458,Malaysia,False,187044191.0
2011,Exportacion,410,Rep. of Korea,False,42346314.0
2011,Exportacion,466,Mali,False,11728.0
2011,Exportacion,470,Malta,False,124778.0
2011,Exportacion,478,Mauritania,False,3936.0
2011,Exportacion,480,Mauritius,False,10772.0
2011,Exportacion,484,Mexico,False,307055574.0
2011,Exportacion,490,"Other Asia, nes",False,91163953.0
2011,Exportacion,504,Morocco,False,1020660.0
2011,Exportacion,508,Mozambique,False,929442.0
2011,Exportacion,512,Oman,False,331975.0
2011,Exportacion,499,Montenegro,False,5521996.0
2011,Exportacion,528,Netherlands,False,686182872.0
2011,Exportacion,531,Curaçao,False,41555791.0
2011,Exportacion,533,Aruba,False,6156559.0
2011,Exportacion,540,New Caledonia,False,151522.0
2011,Exportacion,554,New Zealand,False,1308446.0
2011,Exportacion,558,Nicaragua,False,455801412.0
2011,Exportacion,579,Norway,False,6464532.0
2011,Exportacion,581,United States Minor Outlying Islands,False,1010.0
2011,Exportacion,585,Palau,False,150.0
2011,Exportacion,586,Pakistan,False,82091.0
2011,Exportacion,566,Nigeria,False,456268.0
2011,Exportacion,591,Panama,False,559891607.0
2011,Exportacion,598,Papua New Guinea,False,43366.0
2011,Exportacion,600,Paraguay,False,727628.0
2011,Exportacion,604,Peru,False,15175074.0
2011,Exportacion,608,Philippines,False,1214193.0
2011,Exportacion,612,Pitcairn,False,56243.0
2011,Exportacion,616,Poland,False,2365539.0
2011,Exportacion,634,Qatar,False,108628.0
2011,Exportacion,620,Portugal,False,44459997.0
2011,Exportacion,643,Russian Federation,False,29175649.0
2011,Exportacion,659,Saint Kitts and Nevis,False,500933.0
2011,Exportacion,670,Saint Vincent and the Grenadines,False,277159.0
2011,Exportacion,642,Romania,False,1340458.0
2011,Exportacion,682,Saudi Arabia,False,5163331.0
2011,Exportacion,688,Serbia,False,460.0
2011,Exportacion,699,India,False,25377644.0
2011,Exportacion,662,Saint Lucia,False,1995924.0
2011,Exportacion,702,Singapore,False,39561839.0
2011,Exportacion,703,Slovakia,False,223184.0
2011,Exportacion,704,Viet Nam,False,21898774.0
2011,Exportacion,705,Slovenia,False,1381715.0
2011,Exportacion,710,South Africa,False,2220556.0
2011,Exportacion,716,Zimbabwe,False,10704.0
2011,Exportacion,724,Spain,False,56694571.0
2011,Exportacion,740,Suriname,False,7949725.0
2011,Exportacion,752,Sweden,False,33250093.0
2011,Exportacion,757,Switzerland,False,3426831.0
2011,Exportacion,764,Thailand,False,5004222.0
2011,Exportacion,768,Togo,False,14707.0
2011,Exportacion,780,Trinidad and Tobago,False,55681724.0
2011,Exportacion,784,United Arab Emirates,False,3808707.0
2011,Exportacion,788,Tunisia,False,777224.0
2011,Exportacion,792,Türkiye,False,27669758.0
2011,Exportacion,796,Turks and Caicos Isds,False,153881.0
2011,Exportacion,800,Uganda,False,89164.0
2011,Exportacion,804,Ukraine,False,275896.0
2011,Exportacion,818,Egypt,False,484186.0
2011,Exportacion,826,United Kingdom,False,255436367.0
2011,Exportacion,834,United Rep. of Tanzania,False,147203.0
2011,Exportacion,842,USA,False,3911308226.0
2011,Exportacion,854,Burkina Faso,False,907.0
2011,Exportacion,858,Uruguay,False,3900028.0
2011,Exportacion,860,Uzbekistan,False,1147.0
2011,Exportacion,862,Venezuela,False,55257115.0
2011,Exportacion,894,Zambia,False,75923.0
2011,Importacion,4,Afghanistan,False,36160.0
2011,Importacion,16,American Samoa,False,7152.0
2011,Importacion,20,Andorra,False,122272.0
2011,Importacion,24,Angola,False,244.0
2011,Importacion,28,Antigua and Barbuda,False,1719.0
2011,Importacion,31,Azerbaijan,False,14177.0
2011,Importacion,0,World,True,18263804971.0
2011,Importacion,8,Albania,False,55976.0
2011,Importacion,10,Antarctica,False,160.0
2011,Importacion,12,Algeria,False,67452952.0
2011,Importacion,32,Argentina,False,72642032.0
2011,Importacion,36,Australia,False,22121098.0
2011,Importacion,40,Austria,False,23001155.0
2011,Importacion,44,Bahamas,False,4739599.0
2011,Importacion,48,Bahrain,False,10056.0
2011,Importacion,50,Bangladesh,False,3558458.0
2011,Importacion,51,Armenia,False,8522.0
2011,Importacion,52,Barbados,False,196291.0
2011,Importacion,56,Belgium,False,93058294.0
2011,Importacion,60,Bermuda,False,6079.0
2011,Importacion,68,Bolivia (Plurinational State of),False,2635843.0
2011,Importacion,70,Bosnia Herzegovina,False,1856402.0
2011,Importacion,72,Botswana,False,23887.0
2011,Importacion,76,Brazil,False,351742746.0
2011,Importacion,84,Belize,False,19816820.0
2011,Importacion,86,Br. Indian Ocean Terr.,False,2337.0
2011,Importacion,90,Solomon Isds,False,1466.0
2011,Importacion,92,Br. Virgin Isds,False,789989.0
2011,Importacion,96,Brunei Darussalam,False,194.0
2011,Importacion,100,Bulgaria,False,857913.0
2011,Importacion,104,Myanmar,False,95160.0
2011,Importacion,108,Burundi,False,7357.0
2011,Importacion,112,Belarus,False,9092848.0
2011,Importacion,116,Cambodia,False,2096702.0
2011,Importacion,120,Cameroon,False,25535.0
2011,Importacion,124,Canada,False,177843731.0
2011,Importacion,136,Cayman Isds,False,4406775.0
2011,Importacion,140,Central African Rep.,False,10285.0
2011,Importacion,144,Sri Lanka,False,1374965.0
2011,Importacion,152,Chile,False,265143948.0
2011,Importacion,156,China,False,1528462904.0
2011,Importacion,162,Christmas Isds,False,413.0
2011,Importacion,166,Cocos Isds,False,703.0
2011,Importacion,170,Colombia,False,655853995.0
2011,Importacion,174,Comoros,False,56663.0
2011,Importacion,180,Dem. Rep. of the Congo,False,79846.0
2011,Importacion,184,Cook Isds,False,427190.0
2011,Importacion,191,Croatia,False,7063725.0
2011,Importacion,196,Cyprus,False,158165.0
2011,Importacion,192,Cuba,False,776257.0
2011,Importacion,203,Czechia,False,2705343.0
2011,Importacion,204,Benin,False,2744.0
2011,Importacion,208,Denmark,False,20627274.0
2011,Importacion,212,Dominica,False,11513.0
2011,Importacion,214,Dominican Rep.,False,42950779.0
2011,Importacion,218,Ecuador,False,20289484.0
2011,Importacion,222,El Salvador,False,229241203.0
2011,Importacion,226,Equatorial Guinea,False,8478.0
2011,Importacion,233,Estonia,False,3684195.0
2011,Importacion,242,Fiji,False,34190.0
2011,Importacion,246,Finland,False,8016230.0
2011,Importacion,251,France,False,90328920.0
2011,Importacion,258,French Polynesia,False,4475.0
2011,Importacion,266,Gabon,False,2183.0
2011,Importacion,268,Georgia,False,8310.0
2011,Importacion,270,Gambia,False,40233.0
2011,Importacion,276,Germany,False,421327126.0
2011,Importacion,288,Ghana,False,9086.0
2011,Importacion,292,Gibraltar,False,19264.0
2011,Importacion,296,Kiribati,False,1580.0
2011,Importacion,300,Greece,False,1562262.0
2011,Importacion,304,Greenland,False,2718.0
2011,Importacion,308,Grenada,False,1853.0
2011,Importacion,320,Guatemala,False,457271387.0
2011,Importacion,328,Guyana,False,402887.0
2011,Importacion,332,Haiti,False,871601.0
2011,Importacion,334,Heard Island and McDonald Islands,False,1717.0
2011,Importacion,336,Holy See (Vatican City State),False,2957.0
2011,Importacion,340,Honduras,False,161299357.0
2011,Importacion,344,"China, Hong Kong SAR",False,60043755.0
2011,Importacion,348,Hungary,False,1895414.0
2011,Importacion,352,Iceland,False,40579.0
2011,Importacion,360,Indonesia,False,26594476.0
2011,Importacion,364,Iran,False,72948.0
2011,Importacion,368,Iraq,False,3423.0
2011,Importacion,372,Ireland,False,45705792.0
2011,Importacion,376,Israel,False,103176088.0
2011,Importacion,380,Italy,False,166873672.0
2011,Importacion,384,Côte d'Ivoire,False,1990.0
2011,Importacion,388,Jamaica,False,8170238.0
2011,Importacion,392,Japan,False,688732206.0
2011,Importacion,398,Kazakhstan,False,23.0
2011,Importacion,400,Jordan,False,196470.0
2011,Importacion,404,Kenya,False,237119.0
2011,Importacion,408,Dem. People's Rep. of Korea,False,3279579.0
2011,Importacion,410,Rep. of Korea,False,218500915.0
2011,Importacion,414,Kuwait,False,29535.0
2011,Importacion,417,Kyrgyzstan,False,394.0
2011,Importacion,418,Lao People's Dem. Rep.,False,3447.0
2011,Importacion,422,Lebanon,False,189698.0
2011,Importacion,426,Lesotho,False,17113.0
2011,Importacion,428,Latvia,False,3754210.0
2011,Importacion,430,Liberia,False,90.0
2011,Importacion,434,Libya,False,2149.0
2011,Importacion,440,Lithuania,False,7342719.0
2011,Importacion,442,Luxembourg,False,775633.0
2011,Importacion,450,Madagascar,False,95977.0
2011,Importacion,454,Malawi,False,265822.0
2011,Importacion,446,"China, Macao SAR",False,29793.0
2011,Importacion,458,Malaysia,False,51177375.0
2011,Importacion,470,Malta,False,176865.0
2011,Importacion,478,Mauritania,False,101409.0
2011,Importacion,480,Mauritius,False,65408.0
2011,Importacion,484,Mexico,False,1220644520.0
2011,Importacion,490,"Other Asia, nes",False,102878583.0
2011,Importacion,498,Rep. of Moldova,False,1333.0
2011,Importacion,504,Morocco,False,2064326.0
2011,Importacion,508,Mozambique,False,142045.0
2011,Importacion,512,Oman,False,134983.0
2011,Importacion,516,Namibia,False,9116.0
2011,Importacion,524,Nepal,False,3645.0
2011,Importacion,528,Netherlands,False,148445547.0
2011,Importacion,531,Curaçao,False,75893160.0
2011,Importacion,533,Aruba,False,6529160.0
2011,Importacion,540,New Caledonia,False,481.0
2011,Importacion,548,Vanuatu,False,339659.0
2011,Importacion,554,New Zealand,False,3149332.0
2011,Importacion,558,Nicaragua,False,257658294.0
2011,Importacion,566,Nigeria,False,32499.0
2011,Importacion,574,Norfolk Isds,False,11432.0
2011,Importacion,579,Norway,False,15911482.0
2011,Importacion,580,N. Mariana Isds,False,2955.0
2011,Importacion,581,United States Minor Outlying Islands,False,465.0
2011,Importacion,584,Marshall Isds,False,25000.0
2011,Importacion,585,Palau,False,656.0
2011,Importacion,586,Pakistan,False,3059547.0
2011,Importacion,591,Panama,False,398146627.0
2011,Importacion,598,Papua New Guinea,False,12968.0
2011,Importacion,600,Paraguay,False,1583592.0
2011,Importacion,604,Peru,False,91947188.0
2011,Importacion,608,Philippines,False,17497280.0
2011,Importacion,612,Pitcairn,False,1840.0
2011,Importacion,616,Poland,False,6779058.0
2011,Importacion,620,Portugal,False,8998176.0
2011,Importacion,642,Romania,False,5645960.0
2011,Importacion,634,Qatar,False,219973.0
2011,Importacion,643,Russian Federation,False,42734052.0
2011,Importacion,646,Rwanda,False,13.0
2011,Importacion,660,Anguilla,False,346.0
2011,Importacion,662,Saint Lucia,False,13880.0
2011,Importacion,670,Saint Vincent and the Grenadines,False,286.0
2011,Importacion,682,Saudi Arabia,False,16877621.0
2011,Importacion,686,Senegal,False,10454.0
2011,Importacion,688,Serbia,False,48904.0
2011,Importacion,690,Seychelles,False,115160.0
2011,Importacion,699,India,False,134610780.0
2011,Importacion,702,Singapore,False,32340278.0
2011,Importacion,703,Slovakia,False,10607879.0
2011,Importacion,704,Viet Nam,False,22229373.0
2011,Importacion,705,Slovenia,False,12162586.0
2011,Importacion,710,South Africa,False,4302448.0
2011,Importacion,724,Spain,False,183065936.0
2011,Importacion,736,Sudan (...2011),False,7175.0
2011,Importacion,740,Suriname,False,38097.0
2011,Importacion,748,Eswatini,False,90695.0
2011,Importacion,752,Sweden,False,77932552.0
2011,Importacion,757,Switzerland,False,117234095.0
2011,Importacion,760,Syria,False,15600.0
2011,Importacion,762,Tajikistan,False,67017.0
2011,Importacion,764,Thailand,False,87811001.0
2011,Importacion,780,Trinidad and Tobago,False,95274149.0
2011,Importacion,784,United Arab Emirates,False,1037005.0
2011,Importacion,788,Tunisia,False,155971.0
2011,Importacion,792,Türkiye,False,15507382.0
2011,Importacion,795,Turkmenistan,False,3416.0
2011,Importacion,796,Turks and Caicos Isds,False,20.0
2011,Importacion,800,Uganda,False,346.0
2011,Importacion,804,Ukraine,False,30874917.0
2011,Importacion,807,North Macedonia,False,57.0
2011,Importacion,818,Egypt,False,1359430.0
2011,Importacion,826,United Kingdom,False,206426795.0
2011,Importacion,834,United Rep. of Tanzania,False,9906.0
2011,Importacion,854,Burkina Faso,False,2187.0
2011,Importacion,842,USA,False,8321502770.0
2011,Importacion,858,Uruguay,False,15185001.0
2011,Importacion,860,Uzbekistan,False,130.0
2011,Importacion,862,Venezuela,False,61611902.0
2011,Importacion,882,Samoa,False,395938.0
2011,Importacion,894,Zambia,False,2939277.0
2011,Importacion,899,"Areas, nes",False,235412429.0
2012,Exportacion,8,Albania,False,227328.0
2012,Exportacion,12,Algeria,False,61066.0
2012,Exportacion,20,Andorra,False,100774.0
2012,Exportacion,24,Angola,False,65218.0
2012,Exportacion,28,Antigua and Barbuda,False,400842.0
2012,Exportacion,0,World,True,11250803893.0
2012,Exportacion,32,Argentina,False,10818305.0
2012,Exportacion,40,Austria,False,356230.0
2012,Exportacion,44,Bahamas,False,15095008.0
2012,Exportacion,48,Bahrain,False,23138.0
2012,Exportacion,50,Bangladesh,False,30274.0
2012,Exportacion,51,Armenia,False,209781.0
2012,Exportacion,36,Australia,False,20981690.0
2012,Exportacion,52,Barbados,False,6985089.0
2012,Exportacion,56,Belgium,False,280446830.0
2012,Exportacion,60,Bermuda,False,453836.0
2012,Exportacion,68,Bolivia (Plurinational State of),False,1415851.0
2012,Exportacion,84,Belize,False,11418206.0
2012,Exportacion,100,Bulgaria,False,42814.0
2012,Exportacion,104,Myanmar,False,277034.0
2012,Exportacion,112,Belarus,False,1245.0
2012,Exportacion,116,Cambodia,False,345514.0
2012,Exportacion,120,Cameroon,False,2215358.0
2012,Exportacion,76,Brazil,False,29543949.0
2012,Exportacion,124,Canada,False,68348297.0
2012,Exportacion,136,Cayman Isds,False,197831.0
2012,Exportacion,144,Sri Lanka,False,63419.0
2012,Exportacion,152,Chile,False,24968310.0
2012,Exportacion,156,China,False,326670235.0
2012,Exportacion,180,Dem. Rep. of the Congo,False,38682.0
2012,Exportacion,192,Cuba,False,26308404.0
2012,Exportacion,170,Colombia,False,59579803.0
2012,Exportacion,178,Congo,False,132954.0
2012,Exportacion,196,Cyprus,False,110730.0
2012,Exportacion,203,Czechia,False,41762.0
2012,Exportacion,204,Benin,False,3294.0
2012,Exportacion,208,Denmark,False,3393649.0
2012,Exportacion,212,Dominica,False,761321.0
2012,Exportacion,214,Dominican Rep.,False,259186649.0
2012,Exportacion,222,El Salvador,False,305040735.0
2012,Exportacion,231,Ethiopia,False,10294.0
2012,Exportacion,233,Estonia,False,166214.0
2012,Exportacion,242,Fiji,False,92.0
2012,Exportacion,246,Finland,False,14394450.0
2012,Exportacion,251,France,False,101407409.0
2012,Exportacion,258,French Polynesia,False,176647.0
2012,Exportacion,266,Gabon,False,979290.0
2012,Exportacion,268,Georgia,False,64714.0
2012,Exportacion,276,Germany,False,123350530.0
2012,Exportacion,288,Ghana,False,535635.0
2012,Exportacion,292,Gibraltar,False,25520.0
2012,Exportacion,300,Greece,False,6938911.0
2012,Exportacion,308,Grenada,False,750855.0
2012,Exportacion,316,Guam,False,24741.0
2012,Exportacion,320,Guatemala,False,432467452.0
2012,Exportacion,328,Guyana,False,6510498.0
2012,Exportacion,332,Haiti,False,12727263.0
2012,Exportacion,334,Heard Island and McDonald Islands,False,7757.0
2012,Exportacion,340,Honduras,False,349379862.0
2012,Exportacion,344,"China, Hong Kong SAR",False,533407942.0
2012,Exportacion,348,Hungary,False,86494.0
2012,Exportacion,360,Indonesia,False,1669061.0
2012,Exportacion,364,Iran,False,263418.0
2012,Exportacion,372,Ireland,False,43121515.0
2012,Exportacion,376,Israel,False,6829358.0
2012,Exportacion,380,Italy,False,180303250.0
2012,Exportacion,384,Côte d'Ivoire,False,478785.0
2012,Exportacion,388,Jamaica,False,53269665.0
2012,Exportacion,392,Japan,False,85639908.0
2012,Exportacion,398,Kazakhstan,False,3.0
2012,Exportacion,400,Jordan,False,103734.0
2012,Exportacion,404,Kenya,False,108374.0
2012,Exportacion,408,Dem. People's Rep. of Korea,False,387.0
2012,Exportacion,410,Rep. of Korea,False,47781938.0
2012,Exportacion,414,Kuwait,False,46219.0
2012,Exportacion,422,Lebanon,False,560058.0
2012,Exportacion,428,Latvia,False,455611.0
2012,Exportacion,434,Libya,False,415260.0
2012,Exportacion,440,Lithuania,False,377289.0
2012,Exportacion,454,Malawi,False,2461212.0
2012,Exportacion,458,Malaysia,False,219349137.0
2012,Exportacion,470,Malta,False,1700.0
2012,Exportacion,478,Mauritania,False,32923.0
2012,Exportacion,480,Mauritius,False,20320.0
2012,Exportacion,484,Mexico,False,314872814.0
2012,Exportacion,490,"Other Asia, nes",False,190501414.0
2012,Exportacion,504,Morocco,False,1655748.0
2012,Exportacion,508,Mozambique,False,19000.0
2012,Exportacion,512,Oman,False,56372.0
2012,Exportacion,528,Netherlands,False,850040414.0
2012,Exportacion,531,Curaçao,False,4545028.0
2012,Exportacion,533,Aruba,False,13255543.0
2012,Exportacion,534,Saint Maarten,False,2367.0
2012,Exportacion,540,New Caledonia,False,151137.0
2012,Exportacion,554,New Zealand,False,1352483.0
2012,Exportacion,558,Nicaragua,False,501326930.0
2012,Exportacion,566,Nigeria,False,394555.0
2012,Exportacion,579,Norway,False,13645793.0
2012,Exportacion,586,Pakistan,False,48782.0
2012,Exportacion,591,Panama,False,583898983.0
2012,Exportacion,600,Paraguay,False,704270.0
2012,Exportacion,604,Peru,False,17614401.0
2012,Exportacion,608,Philippines,False,3894692.0
2012,Exportacion,612,Pitcairn,False,57846.0
2012,Exportacion,616,Poland,False,1453874.0
2012,Exportacion,620,Portugal,False,33166819.0
2012,Exportacion,634,Qatar,False,202646.0
2012,Exportacion,642,Romania,False,656611.0
2012,Exportacion,643,Russian Federation,False,49026261.0
2012,Exportacion,654,Saint Helena,False,324.0
2012,Exportacion,659,Saint Kitts and Nevis,False,483193.0
2012,Exportacion,660,Anguilla,False,21088.0
2012,Exportacion,662,Saint Lucia,False,2013693.0
2012,Exportacion,666,Saint Pierre and Miquelon,False,62916.0
2012,Exportacion,670,Saint Vincent and the Grenadines,False,412568.0
2012,Exportacion,678,Sao Tome and Principe,False,98673.0
2012,Exportacion,682,Saudi Arabia,False,8757940.0
2012,Exportacion,694,Sierra Leone,False,68509.0
2012,Exportacion,699,India,False,32455673.0
2012,Exportacion,702,Singapore,False,61986200.0
2012,Exportacion,703,Slovakia,False,279740.0
2012,Exportacion,704,Viet Nam,False,14259601.0
2012,Exportacion,705,Slovenia,False,83382.0
2012,Exportacion,710,South Africa,False,1698700.0
2012,Exportacion,724,Spain,False,80581574.0
2012,Exportacion,740,Suriname,False,7289450.0
2012,Exportacion,752,Sweden,False,25482199.0
2012,Exportacion,757,Switzerland,False,4804056.0
2012,Exportacion,762,Tajikistan,False,1202.0
2012,Exportacion,764,Thailand,False,6107840.0
2012,Exportacion,218,Ecuador,False,48926764.0
2012,Exportacion,780,Trinidad and Tobago,False,55305490.0
2012,Exportacion,784,United Arab Emirates,False,4197219.0
2012,Exportacion,788,Tunisia,False,28500.0
2012,Exportacion,792,Türkiye,False,9287859.0
2012,Exportacion,796,Turks and Caicos Isds,False,40539.0
2012,Exportacion,800,Uganda,False,23375.0
2012,Exportacion,804,Ukraine,False,337117.0
2012,Exportacion,807,North Macedonia,False,34938.0
2012,Exportacion,818,Egypt,False,644860.0
2012,Exportacion,826,United Kingdom,False,242881900.0
2012,Exportacion,834,United Rep. of Tanzania,False,39584.0
2012,Exportacion,842,USA,False,4306806171.0
2012,Exportacion,854,Burkina Faso,False,468.0
2012,Exportacion,858,Uruguay,False,1272221.0
2012,Exportacion,860,Uzbekistan,False,68.0
2012,Exportacion,862,Venezuela,False,68344887.0
2012,Exportacion,882,Samoa,False,69.0
2012,Exportacion,894,Zambia,False,75415.0
2012,Importacion,0,World,True,18355992786.0
2012,Importacion,8,Albania,False,41520.0
2012,Importacion,10,Antarctica,False,38.0
2012,Importacion,12,Algeria,False,94057.0
2012,Importacion,16,American Samoa,False,123869.0
2012,Importacion,20,Andorra,False,1699.0
2012,Importacion,24,Angola,False,7825290.0
2012,Importacion,28,Antigua and Barbuda,False,147.0
2012,Importacion,4,Afghanistan,False,18237.0
2012,Importacion,32,Argentina,False,92440441.0
2012,Importacion,36,Australia,False,14928018.0
2012,Importacion,40,Austria,False,32993770.0
2012,Importacion,44,Bahamas,False,2045310.0
2012,Importacion,48,Bahrain,False,61381.0
2012,Importacion,50,Bangladesh,False,4931041.0
2012,Importacion,51,Armenia,False,1098.0
2012,Importacion,52,Barbados,False,175619.0
2012,Importacion,56,Belgium,False,55299471.0
2012,Importacion,60,Bermuda,False,11.0
2012,Importacion,64,Bhutan,False,26.0
2012,Importacion,68,Bolivia (Plurinational State of),False,4584361.0
2012,Importacion,70,Bosnia Herzegovina,False,83520.0
2012,Importacion,72,Botswana,False,17662.0
2012,Importacion,76,Brazil,False,424196251.0
2012,Importacion,84,Belize,False,1920801.0
2012,Importacion,86,Br. Indian Ocean Terr.,False,151800.0
2012,Importacion,92,Br. Virgin Isds,False,497193.0
2012,Importacion,96,Brunei Darussalam,False,348.0
2012,Importacion,100,Bulgaria,False,797673.0
2012,Importacion,104,Myanmar,False,125064.0
2012,Importacion,116,Cambodia,False,2808712.0
2012,Importacion,120,Cameroon,False,22081.0
2012,Importacion,112,Belarus,False,676913.0
2012,Importacion,124,Canada,False,235724706.0
2012,Importacion,136,Cayman Isds,False,1318608.0
2012,Importacion,140,Central African Rep.,False,7489.0
2012,Importacion,144,Sri Lanka,False,2098752.0
2012,Importacion,132,Cabo Verde,False,39452.0
2012,Importacion,152,Chile,False,290949298.0
2012,Importacion,156,China,False,1446073360.0
2012,Importacion,162,Christmas Isds,False,12.0
2012,Importacion,166,Cocos Isds,False,90.0
2012,Importacion,170,Colombia,False,342847834.0
2012,Importacion,174,Comoros,False,406.0
2012,Importacion,175,Mayotte (Overseas France),False,4.0
2012,Importacion,180,Dem. Rep. of the Congo,False,338511.0
2012,Importacion,184,Cook Isds,False,92380.0
2012,Importacion,191,Croatia,False,358185.0
2012,Importacion,192,Cuba,False,5657980.0
2012,Importacion,196,Cyprus,False,170444.0
2012,Importacion,203,Czechia,False,3168478.0
2012,Importacion,204,Benin,False,5110.0
2012,Importacion,208,Denmark,False,20955132.0
2012,Importacion,212,Dominica,False,70077.0
2012,Importacion,214,Dominican Rep.,False,39165434.0
2012,Importacion,218,Ecuador,False,26830118.0
2012,Importacion,222,El Salvador,False,228785073.0
2012,Importacion,226,Equatorial Guinea,False,1045923.0
2012,Importacion,232,Eritrea,False,607.0
2012,Importacion,233,Estonia,False,665192.0
2012,Importacion,242,Fiji,False,16497.0
2012,Importacion,246,Finland,False,10117009.0
2012,Importacion,251,France,False,91923502.0
2012,Importacion,258,French Polynesia,False,64.0
2012,Importacion,266,Gabon,False,560.0
2012,Importacion,268,Georgia,False,8892.0
2012,Importacion,270,Gambia,False,113670.0
2012,Importacion,275,State of Palestine,False,15608.0
2012,Importacion,276,Germany,False,317516428.0
2012,Importacion,288,Ghana,False,48836.0
2012,Importacion,292,Gibraltar,False,64426.0
2012,Importacion,296,Kiribati,False,593.0
2012,Importacion,300,Greece,False,1100884.0
2012,Importacion,304,Greenland,False,1904.0
2012,Importacion,308,Grenada,False,2476.0
2012,Importacion,320,Guatemala,False,416945916.0
2012,Importacion,328,Guyana,False,694528.0
2012,Importacion,332,Haiti,False,1702686.0
2012,Importacion,334,Heard Island and McDonald Islands,False,24.0
2012,Importacion,340,Honduras,False,146497110.0
2012,Importacion,344,"China, Hong Kong SAR",False,53805789.0
2012,Importacion,348,Hungary,False,3888950.0
2012,Importacion,352,Iceland,False,41797.0
2012,Importacion,360,Indonesia,False,19467316.0
2012,Importacion,364,Iran,False,12784063.0
2012,Importacion,368,Iraq,False,15336.0
2012,Importacion,372,Ireland,False,28272216.0
2012,Importacion,376,Israel,False,43930891.0
2012,Importacion,380,Italy,False,159430576.0
2012,Importacion,388,Jamaica,False,1477752.0
2012,Importacion,384,Côte d'Ivoire,False,2721.0
2012,Importacion,392,Japan,False,560594540.0
2012,Importacion,398,Kazakhstan,False,54492.0
2012,Importacion,400,Jordan,False,222592.0
2012,Importacion,404,Kenya,False,62025.0
2012,Importacion,408,Dem. People's Rep. of Korea,False,5481862.0
2012,Importacion,430,Liberia,False,20806.0
2012,Importacion,410,Rep. of Korea,False,278748676.0
2012,Importacion,414,Kuwait,False,28281.0
2012,Importacion,417,Kyrgyzstan,False,1571.0
2012,Importacion,418,Lao People's Dem. Rep.,False,85283.0
2012,Importacion,422,Lebanon,False,34028.0
2012,Importacion,426,Lesotho,False,17228.0
2012,Importacion,428,Latvia,False,955911.0
2012,Importacion,440,Lithuania,False,16392137.0
2012,Importacion,442,Luxembourg,False,9346554.0
2012,Importacion,446,"China, Macao SAR",False,48641.0
2012,Importacion,450,Madagascar,False,53804.0
2012,Importacion,454,Malawi,False,180062.0
2012,Importacion,434,Libya,False,203.0
2012,Importacion,470,Malta,False,52130.0
2012,Importacion,458,Malaysia,False,51659627.0
2012,Importacion,480,Mauritius,False,208727.0
2012,Importacion,478,Mauritania,False,13117305.0
2012,Importacion,484,Mexico,False,1187066499.0
2012,Importacion,498,Rep. of Moldova,False,71060.0
2012,Importacion,490,"Other Asia, nes",False,106128549.0
2012,Importacion,496,Mongolia,False,416.0
2012,Importacion,500,Montserrat,False,745.0
2012,Importacion,504,Morocco,False,2750018.0
2012,Importacion,508,Mozambique,False,209931.0
2012,Importacion,512,Oman,False,58881.0
2012,Importacion,516,Namibia,False,2003.0
2012,Importacion,520,Naoero,False,1000.0
2012,Importacion,524,Nepal,False,854.0
2012,Importacion,548,Vanuatu,False,2957.0
2012,Importacion,531,Curaçao,False,133204.0
2012,Importacion,533,Aruba,False,251633.0
2012,Importacion,540,New Caledonia,False,973.0
2012,Importacion,528,Netherlands,False,113914186.0
2012,Importacion,554,New Zealand,False,4587813.0
2012,Importacion,558,Nicaragua,False,151026039.0
2012,Importacion,579,Norway,False,9471289.0
2012,Importacion,580,N. Mariana Isds,False,671.0
2012,Importacion,584,Marshall Isds,False,26.0
2012,Importacion,585,Palau,False,376.0
2012,Importacion,566,Nigeria,False,11656.0
2012,Importacion,574,Norfolk Isds,False,60.0
2012,Importacion,586,Pakistan,False,4692905.0
2012,Importacion,600,Paraguay,False,1275823.0
2012,Importacion,591,Panama,False,530786316.0
2012,Importacion,604,Peru,False,140233126.0
2012,Importacion,608,Philippines,False,21787438.0
2012,Importacion,612,Pitcairn,False,72.0
2012,Importacion,616,Poland,False,7673184.0
2012,Importacion,620,Portugal,False,8855258.0
2012,Importacion,624,Guinea-Bissau,False,77.0
2012,Importacion,634,Qatar,False,1350327.0
2012,Importacion,642,Romania,False,939245.0
2012,Importacion,662,Saint Lucia,False,19268.0
2012,Importacion,643,Russian Federation,False,46841634.0
2012,Importacion,690,Seychelles,False,60184.0
2012,Importacion,694,Sierra Leone,False,70.0
2012,Importacion,686,Senegal,False,5856.0
2012,Importacion,688,Serbia,False,125855.0
2012,Importacion,699,India,False,89863134.0
2012,Importacion,702,Singapore,False,43503175.0
2012,Importacion,703,Slovakia,False,4235358.0
2012,Importacion,704,Viet Nam,False,26836471.0
2012,Importacion,705,Slovenia,False,2269902.0
2012,Importacion,706,Somalia,False,410.0
2012,Importacion,710,South Africa,False,2924595.0
2012,Importacion,724,Spain,False,193361443.0
2012,Importacion,728,South Sudan,False,7619.0
2012,Importacion,740,Suriname,False,35330.0
2012,Importacion,748,Eswatini,False,17933.0
2012,Importacion,752,Sweden,False,101732226.0
2012,Importacion,682,Saudi Arabia,False,5808936.0
2012,Importacion,760,Syria,False,17906.0
2012,Importacion,762,Tajikistan,False,8188.0
2012,Importacion,757,Switzerland,False,132364933.0
2012,Importacion,764,Thailand,False,93234569.0
2012,Importacion,768,Togo,False,552.0
2012,Importacion,780,Trinidad and Tobago,False,72577939.0
2012,Importacion,788,Tunisia,False,865648.0
2012,Importacion,784,United Arab Emirates,False,1348839.0
2012,Importacion,792,Türkiye,False,34711117.0
2012,Importacion,795,Turkmenistan,False,287.0
2012,Importacion,796,Turks and Caicos Isds,False,15650.0
2012,Importacion,798,Tuvalu,False,15219.0
2012,Importacion,800,Uganda,False,1932.0
2012,Importacion,804,Ukraine,False,5128961.0
2012,Importacion,807,North Macedonia,False,54464.0
2012,Importacion,818,Egypt,False,1507552.0
2012,Importacion,826,United Kingdom,False,91421253.0
2012,Importacion,834,United Rep. of Tanzania,False,7927.0
2012,Importacion,842,USA,False,9519474368.0
2012,Importacion,854,Burkina Faso,False,2088.0
2012,Importacion,858,Uruguay,False,12770532.0
2012,Importacion,862,Venezuela,False,39037051.0
2012,Importacion,876,Wallis and Futuna Isds,False,410.0
2012,Importacion,894,Zambia,False,3813.0
2012,Importacion,899,"Areas, nes",False,1.0
2013,Exportacion,0,World,True,11472063524.0
2013,Exportacion,10,Antarctica,False,57584.0
2013,Exportacion,12,Algeria,False,7317021.0
2013,Exportacion,28,Antigua and Barbuda,False,401246.0
2013,Exportacion,20,Andorra,False,1073746.0
2013,Exportacion,24,Angola,False,96058.0
2013,Exportacion,32,Argentina,False,6927452.0
2013,Exportacion,36,Australia,False,17348885.0
2013,Exportacion,40,Austria,False,144008.0
2013,Exportacion,48,Bahrain,False,33879.0
2013,Exportacion,50,Bangladesh,False,26134.0
2013,Exportacion,51,Armenia,False,957.0
2013,Exportacion,52,Barbados,False,8222997.0
2013,Exportacion,44,Bahamas,False,7539043.0
2013,Exportacion,56,Belgium,False,309594546.0
2013,Exportacion,60,Bermuda,False,298027.0
2013,Exportacion,68,Bolivia (Plurinational State of),False,1928337.0
2013,Exportacion,72,Botswana,False,64385.0
2013,Exportacion,76,Brazil,False,32469037.0
2013,Exportacion,100,Bulgaria,False,17370.0
2013,Exportacion,104,Myanmar,False,500115.0
2013,Exportacion,112,Belarus,False,5930.0
2013,Exportacion,116,Cambodia,False,42936.0
2013,Exportacion,120,Cameroon,False,4351183.0
2013,Exportacion,84,Belize,False,13114507.0
2013,Exportacion,92,Br. Virgin Isds,False,125190.0
2013,Exportacion,124,Canada,False,80234651.0
2013,Exportacion,136,Cayman Isds,False,842470.0
2013,Exportacion,144,Sri Lanka,False,186430.0
2013,Exportacion,152,Chile,False,28616231.0
2013,Exportacion,156,China,False,377803764.0
2013,Exportacion,191,Croatia,False,114730.0
2013,Exportacion,170,Colombia,False,71389323.0
2013,Exportacion,178,Congo,False,23500.0
2013,Exportacion,192,Cuba,False,32561675.0
2013,Exportacion,196,Cyprus,False,54758.0
2013,Exportacion,203,Czechia,False,176080.0
2013,Exportacion,208,Denmark,False,6580069.0
2013,Exportacion,212,Dominica,False,1299401.0
2013,Exportacion,214,Dominican Rep.,False,246165675.0
2013,Exportacion,218,Ecuador,False,55087530.0
2013,Exportacion,222,El Salvador,False,311687812.0
2013,Exportacion,231,Ethiopia,False,15033.0
2013,Exportacion,233,Estonia,False,109234.0
2013,Exportacion,242,Fiji,False,26139.0
2013,Exportacion,246,Finland,False,17453805.0
2013,Exportacion,251,France,False,105188869.0
2013,Exportacion,258,French Polynesia,False,15219.0
2013,Exportacion,262,Djibouti,False,1200.0
2013,Exportacion,266,Gabon,False,509983.0
2013,Exportacion,268,Georgia,False,294306.0
2013,Exportacion,270,Gambia,False,6446.0
2013,Exportacion,275,State of Palestine,False,73015.0
2013,Exportacion,288,Ghana,False,1005196.0
2013,Exportacion,300,Greece,False,38098712.0
2013,Exportacion,304,Greenland,False,54288.0
2013,Exportacion,308,Grenada,False,659602.0
2013,Exportacion,316,Guam,False,24385.0
2013,Exportacion,276,Germany,False,114753393.0
2013,Exportacion,320,Guatemala,False,450997756.0
2013,Exportacion,328,Guyana,False,8482311.0
2013,Exportacion,332,Haiti,False,17499045.0
2013,Exportacion,340,Honduras,False,322830287.0
2013,Exportacion,344,"China, Hong Kong SAR",False,648030593.0
2013,Exportacion,348,Hungary,False,23057.0
2013,Exportacion,352,Iceland,False,2186.0
2013,Exportacion,360,Indonesia,False,19932043.0
2013,Exportacion,364,Iran,False,17.0
2013,Exportacion,368,Iraq,False,1.0
2013,Exportacion,372,Ireland,False,60318363.0
2013,Exportacion,376,Israel,False,6366361.0
2013,Exportacion,380,Italy,False,139197704.0
2013,Exportacion,384,Côte d'Ivoire,False,3597132.0
2013,Exportacion,388,Jamaica,False,50090128.0
2013,Exportacion,400,Jordan,False,185170.0
2013,Exportacion,404,Kenya,False,128108.0
2013,Exportacion,408,Dem. People's Rep. of Korea,False,110731.0
2013,Exportacion,410,Rep. of Korea,False,39610024.0
2013,Exportacion,414,Kuwait,False,77557.0
2013,Exportacion,422,Lebanon,False,1220235.0
2013,Exportacion,428,Latvia,False,462493.0
2013,Exportacion,392,Japan,False,90928853.0
2013,Exportacion,398,Kazakhstan,False,365.0
2013,Exportacion,434,Libya,False,6689739.0
2013,Exportacion,440,Lithuania,False,2583172.0
2013,Exportacion,454,Malawi,False,28448.0
2013,Exportacion,458,Malaysia,False,291245037.0
2013,Exportacion,466,Mali,False,2400.0
2013,Exportacion,470,Malta,False,45955.0
2013,Exportacion,478,Mauritania,False,34654.0
2013,Exportacion,480,Mauritius,False,53530.0
2013,Exportacion,490,"Other Asia, nes",False,78633907.0
2013,Exportacion,499,Montenegro,False,190836.0
2013,Exportacion,504,Morocco,False,1088347.0
2013,Exportacion,484,Mexico,False,255321104.0
2013,Exportacion,508,Mozambique,False,200494.0
2013,Exportacion,512,Oman,False,158821.0
2013,Exportacion,520,Naoero,False,59434.0
2013,Exportacion,531,Curaçao,False,1397826.0
2013,Exportacion,528,Netherlands,False,829672372.0
2013,Exportacion,540,New Caledonia,False,128863.0
2013,Exportacion,554,New Zealand,False,1259889.0
2013,Exportacion,533,Aruba,False,18140430.0
2013,Exportacion,535,Bonaire,False,13488.0
2013,Exportacion,558,Nicaragua,False,498343715.0
2013,Exportacion,566,Nigeria,False,735104.0
2013,Exportacion,579,Norway,False,14367657.0
2013,Exportacion,586,Pakistan,False,44084.0
2013,Exportacion,591,Panama,False,580113833.0
2013,Exportacion,598,Papua New Guinea,False,52477.0
2013,Exportacion,600,Paraguay,False,1057743.0
2013,Exportacion,608,Philippines,False,1906557.0
2013,Exportacion,616,Poland,False,1910799.0
2013,Exportacion,620,Portugal,False,42959062.0
2013,Exportacion,604,Peru,False,15674267.0
2013,Exportacion,634,Qatar,False,204344.0
2013,Exportacion,642,Romania,False,202299.0
2013,Exportacion,643,Russian Federation,False,18566571.0
2013,Exportacion,654,Saint Helena,False,14344.0
2013,Exportacion,659,Saint Kitts and Nevis,False,203990.0
2013,Exportacion,660,Anguilla,False,5630.0
2013,Exportacion,682,Saudi Arabia,False,10829296.0
2013,Exportacion,688,Serbia,False,599.0
2013,Exportacion,694,Sierra Leone,False,256099.0
2013,Exportacion,699,India,False,31744200.0
2013,Exportacion,662,Saint Lucia,False,2850026.0
2013,Exportacion,670,Saint Vincent and the Grenadines,False,330618.0
2013,Exportacion,686,Senegal,False,96788.0
2013,Exportacion,702,Singapore,False,49600994.0
2013,Exportacion,703,Slovakia,False,342204.0
2013,Exportacion,704,Viet Nam,False,10420573.0
2013,Exportacion,705,Slovenia,False,562787.0
2013,Exportacion,710,South Africa,False,1788473.0
2013,Exportacion,724,Spain,False,77319854.0
2013,Exportacion,729,Sudan,False,16034.0
2013,Exportacion,740,Suriname,False,7498907.0
2013,Exportacion,752,Sweden,False,43608526.0
2013,Exportacion,757,Switzerland,False,1571052.0
2013,Exportacion,760,Syria,False,659224.0
2013,Exportacion,764,Thailand,False,3808735.0
2013,Exportacion,768,Togo,False,12339.0
2013,Exportacion,780,Trinidad and Tobago,False,56542637.0
2013,Exportacion,784,United Arab Emirates,False,5171681.0
2013,Exportacion,788,Tunisia,False,16152.0
2013,Exportacion,792,Türkiye,False,44178632.0
2013,Exportacion,796,Turks and Caicos Isds,False,30333.0
2013,Exportacion,800,Uganda,False,23135.0
2013,Exportacion,804,Ukraine,False,1815183.0
2013,Exportacion,818,Egypt,False,2479313.0
2013,Exportacion,826,United Kingdom,False,231089125.0
2013,Exportacion,834,United Rep. of Tanzania,False,22770.0
2013,Exportacion,837,Bunkers,False,42589.0
2013,Exportacion,858,Uruguay,False,1382477.0
2013,Exportacion,842,USA,False,4390841832.0
2013,Exportacion,854,Burkina Faso,False,15000.0
2013,Exportacion,862,Venezuela,False,68813593.0
2013,Exportacion,882,Samoa,False,26.0
2013,Exportacion,887,Yemen,False,34979.0
2013,Exportacion,894,Zambia,False,31500.0
2013,Exportacion,899,"Areas, nes",False,1.0
2013,Importacion,0,World,True,18124469250.0
2013,Importacion,4,Afghanistan,False,25123.0
2013,Importacion,12,Algeria,False,9114685.0
2013,Importacion,16,American Samoa,False,15790.0
2013,Importacion,20,Andorra,False,223517.0
2013,Importacion,24,Angola,False,5729.0
2013,Importacion,28,Antigua and Barbuda,False,80590.0
2013,Importacion,8,Albania,False,157394.0
2013,Importacion,10,Antarctica,False,126.0
2013,Importacion,32,Argentina,False,165362722.0
2013,Importacion,36,Australia,False,7313534.0
2013,Importacion,40,Austria,False,36284748.0
2013,Importacion,44,Bahamas,False,1586447.0
2013,Importacion,48,Bahrain,False,41894.0
2013,Importacion,50,Bangladesh,False,5237788.0
2013,Importacion,51,Armenia,False,1344.0
2013,Importacion,52,Barbados,False,140438.0
2013,Importacion,68,Bolivia (Plurinational State of),False,3273437.0
2013,Importacion,56,Belgium,False,62723467.0
2013,Importacion,60,Bermuda,False,357.0
2013,Importacion,64,Bhutan,False,26929.0
2013,Importacion,70,Bosnia Herzegovina,False,54030.0
2013,Importacion,72,Botswana,False,13244.0
2013,Importacion,74,Bouvet Island,False,10797.0
2013,Importacion,76,Brazil,False,383383532.0
2013,Importacion,84,Belize,False,464974.0
2013,Importacion,86,Br. Indian Ocean Terr.,False,97599.0
2013,Importacion,90,Solomon Isds,False,140.0
2013,Importacion,92,Br. Virgin Isds,False,171983.0
2013,Importacion,104,Myanmar,False,53116.0
2013,Importacion,112,Belarus,False,4014.0
2013,Importacion,116,Cambodia,False,3378560.0
2013,Importacion,100,Bulgaria,False,1593146.0
2013,Importacion,120,Cameroon,False,6796.0
2013,Importacion,124,Canada,False,164028888.0
2013,Importacion,136,Cayman Isds,False,46985.0
2013,Importacion,140,Central African Rep.,False,16753.0
2013,Importacion,144,Sri Lanka,False,2149224.0
2013,Importacion,148,Chad,False,19192.0
2013,Importacion,152,Chile,False,271098937.0
2013,Importacion,156,China,False,1748359667.0
2013,Importacion,166,Cocos Isds,False,3538.0
2013,Importacion,170,Colombia,False,358481551.0
2013,Importacion,174,Comoros,False,3800.0
2013,Importacion,175,Mayotte (Overseas France),False,572.0
2013,Importacion,178,Congo,False,6106.0
2013,Importacion,180,Dem. Rep. of the Congo,False,53303.0
2013,Importacion,184,Cook Isds,False,5910.0
2013,Importacion,192,Cuba,False,5475582.0
2013,Importacion,196,Cyprus,False,167657.0
2013,Importacion,191,Croatia,False,488644.0
2013,Importacion,203,Czechia,False,3472738.0
2013,Importacion,204,Benin,False,2117.0
2013,Importacion,208,Denmark,False,29566824.0
2013,Importacion,212,Dominica,False,47476.0
2013,Importacion,214,Dominican Rep.,False,30329867.0
2013,Importacion,218,Ecuador,False,38779479.0
2013,Importacion,222,El Salvador,False,248736026.0
2013,Importacion,231,Ethiopia,False,32.0
2013,Importacion,232,Eritrea,False,10.0
2013,Importacion,233,Estonia,False,6308327.0
2013,Importacion,234,Faroe Isds,False,4214.0
2013,Importacion,238,Falkland Isds (Malvinas),False,545.0
2013,Importacion,242,Fiji,False,10742.0
2013,Importacion,246,Finland,False,10256902.0
2013,Importacion,262,Djibouti,False,1286.0
2013,Importacion,266,Gabon,False,696.0
2013,Importacion,268,Georgia,False,17669.0
2013,Importacion,270,Gambia,False,12309.0
2013,Importacion,275,State of Palestine,False,4478.0
2013,Importacion,251,France,False,95428882.0
2013,Importacion,258,French Polynesia,False,15237.0
2013,Importacion,260,Fr. South Antarctic Terr.,False,157.0
2013,Importacion,292,Gibraltar,False,534.0
2013,Importacion,296,Kiribati,False,568.0
2013,Importacion,276,Germany,False,338874275.0
2013,Importacion,300,Greece,False,2889248.0
2013,Importacion,308,Grenada,False,953.0
2013,Importacion,304,Greenland,False,4756.0
2013,Importacion,320,Guatemala,False,387393484.0
2013,Importacion,324,Guinea,False,75.0
2013,Importacion,332,Haiti,False,682591.0
2013,Importacion,336,Holy See (Vatican City State),False,3238.0
2013,Importacion,328,Guyana,False,1013749.0
2013,Importacion,340,Honduras,False,127684376.0
2013,Importacion,344,"China, Hong Kong SAR",False,59241826.0
2013,Importacion,348,Hungary,False,3626085.0
2013,Importacion,352,Iceland,False,116215.0
2013,Importacion,360,Indonesia,False,24850126.0
2013,Importacion,364,Iran,False,3732669.0
2013,Importacion,368,Iraq,False,15554.0
2013,Importacion,372,Ireland,False,30534341.0
2013,Importacion,376,Israel,False,61384017.0
2013,Importacion,380,Italy,False,178367753.0
2013,Importacion,384,Côte d'Ivoire,False,10587.0
2013,Importacion,388,Jamaica,False,1795663.0
2013,Importacion,392,Japan,False,525856446.0
2013,Importacion,398,Kazakhstan,False,26089.0
2013,Importacion,400,Jordan,False,365894.0
2013,Importacion,404,Kenya,False,122067.0
2013,Importacion,408,Dem. People's Rep. of Korea,False,3408848.0
2013,Importacion,410,Rep. of Korea,False,329612712.0
2013,Importacion,414,Kuwait,False,2087.0
2013,Importacion,417,Kyrgyzstan,False,238.0
2013,Importacion,418,Lao People's Dem. Rep.,False,814.0
2013,Importacion,422,Lebanon,False,29888.0
2013,Importacion,428,Latvia,False,1431698.0
2013,Importacion,434,Libya,False,1031.0
2013,Importacion,440,Lithuania,False,845942.0
2013,Importacion,442,Luxembourg,False,1113341.0
2013,Importacion,446,"China, Macao SAR",False,98196.0
2013,Importacion,450,Madagascar,False,55423.0
2013,Importacion,454,Malawi,False,634466.0
2013,Importacion,426,Lesotho,False,8904.0
2013,Importacion,458,Malaysia,False,46588527.0
2013,Importacion,466,Mali,False,5131.0
2013,Importacion,470,Malta,False,57429.0
2013,Importacion,478,Mauritania,False,7359.0
2013,Importacion,480,Mauritius,False,118355.0
2013,Importacion,484,Mexico,False,1155030119.0
2013,Importacion,490,"Other Asia, nes",False,113696926.0
2013,Importacion,496,Mongolia,False,20686.0
2013,Importacion,498,Rep. of Moldova,False,170957.0
2013,Importacion,500,Montserrat,False,10100.0
2013,Importacion,508,Mozambique,False,878083.0
2013,Importacion,512,Oman,False,2100.0
2013,Importacion,524,Nepal,False,1382.0
2013,Importacion,504,Morocco,False,3946683.0
2013,Importacion,516,Namibia,False,1181.0
2013,Importacion,520,Naoero,False,1290.0
2013,Importacion,528,Netherlands,False,156246348.0
2013,Importacion,531,Curaçao,False,3832793.0
2013,Importacion,533,Aruba,False,4841151.0
2013,Importacion,540,New Caledonia,False,27233.0
2013,Importacion,548,Vanuatu,False,115.0
2013,Importacion,554,New Zealand,False,3417218.0
2013,Importacion,558,Nicaragua,False,141876330.0
2013,Importacion,566,Nigeria,False,8646.0
2013,Importacion,585,Palau,False,165.0
2013,Importacion,579,Norway,False,13876520.0
2013,Importacion,581,United States Minor Outlying Islands,False,5763.0
2013,Importacion,584,Marshall Isds,False,2345.0
2013,Importacion,586,Pakistan,False,4333785.0
2013,Importacion,598,Papua New Guinea,False,16017.0
2013,Importacion,600,Paraguay,False,75916634.0
2013,Importacion,591,Panama,False,342556891.0
2013,Importacion,604,Peru,False,44755061.0
2013,Importacion,608,Philippines,False,8079453.0
2013,Importacion,612,Pitcairn,False,69556.0
2013,Importacion,616,Poland,False,8767805.0
2013,Importacion,620,Portugal,False,8709666.0
2013,Importacion,626,Timor-Leste,False,17.0
2013,Importacion,634,Qatar,False,1636818.0
2013,Importacion,642,Romania,False,1411866.0
2013,Importacion,643,Russian Federation,False,25151606.0
2013,Importacion,646,Rwanda,False,124.0
2013,Importacion,654,Saint Helena,False,2147.0
2013,Importacion,662,Saint Lucia,False,15718.0
2013,Importacion,670,Saint Vincent and the Grenadines,False,47.0
2013,Importacion,674,San Marino,False,15090.0
2013,Importacion,686,Senegal,False,8864.0
2013,Importacion,688,Serbia,False,1989.0
2013,Importacion,694,Sierra Leone,False,1725.0
2013,Importacion,682,Saudi Arabia,False,6555241.0
2013,Importacion,699,India,False,100918352.0
2013,Importacion,702,Singapore,False,36129049.0
2013,Importacion,703,Slovakia,False,3165478.0
2013,Importacion,704,Viet Nam,False,45765699.0
2013,Importacion,710,South Africa,False,7725094.0
2013,Importacion,705,Slovenia,False,1173880.0
2013,Importacion,706,Somalia,False,5530.0
2013,Importacion,716,Zimbabwe,False,1161.0
2013,Importacion,724,Spain,False,207781232.0
2013,Importacion,728,South Sudan,False,817593.0
2013,Importacion,740,Suriname,False,84494.0
2013,Importacion,748,Eswatini,False,119491.0
2013,Importacion,752,Sweden,False,56894789.0
2013,Importacion,757,Switzerland,False,153644165.0
2013,Importacion,760,Syria,False,36711.0
2013,Importacion,762,Tajikistan,False,3301.0
2013,Importacion,764,Thailand,False,146704023.0
2013,Importacion,768,Togo,False,973.0
2013,Importacion,772,Tokelau,False,1931.0
2013,Importacion,780,Trinidad and Tobago,False,118964826.0
2013,Importacion,784,United Arab Emirates,False,5827804.0
2013,Importacion,788,Tunisia,False,1102522.0
2013,Importacion,792,Türkiye,False,44281380.0
2013,Importacion,795,Turkmenistan,False,8917.0
2013,Importacion,796,Turks and Caicos Isds,False,18719.0
2013,Importacion,800,Uganda,False,1144.0
2013,Importacion,818,Egypt,False,6491029.0
2013,Importacion,804,Ukraine,False,5903820.0
2013,Importacion,807,North Macedonia,False,253143.0
2013,Importacion,834,United Rep. of Tanzania,False,17828.0
2013,Importacion,826,United Kingdom,False,95041098.0
2013,Importacion,842,USA,False,9062536010.0
2013,Importacion,854,Burkina Faso,False,93.0
2013,Importacion,858,Uruguay,False,23294328.0
2013,Importacion,860,Uzbekistan,False,43268.0
2013,Importacion,862,Venezuela,False,46933226.0
2013,Importacion,876,Wallis and Futuna Isds,False,6959.0
2013,Importacion,882,Samoa,False,2567.0
2013,Importacion,894,Zambia,False,3493.0
2014,Exportacion,0,World,True,11242661045.0
2014,Exportacion,4,Afghanistan,False,38975.0
2014,Exportacion,8,Albania,False,39118.0
2014,Exportacion,10,Antarctica,False,23620.0
2014,Exportacion,12,Algeria,False,88187.0
2014,Exportacion,24,Angola,False,430490.0
2014,Exportacion,28,Antigua and Barbuda,False,449951.0
2014,Exportacion,32,Argentina,False,5838954.0
2014,Exportacion,36,Australia,False,23080911.0
2014,Exportacion,40,Austria,False,380797.0
2014,Exportacion,44,Bahamas,False,9755542.0
2014,Exportacion,48,Bahrain,False,42743.0
2014,Exportacion,51,Armenia,False,1187.0
2014,Exportacion,52,Barbados,False,10040255.0
2014,Exportacion,56,Belgium,False,368962483.0
2014,Exportacion,60,Bermuda,False,351738.0
2014,Exportacion,68,Bolivia (Plurinational State of),False,1734783.0
2014,Exportacion,76,Brazil,False,26621741.0
2014,Exportacion,84,Belize,False,11909038.0
2014,Exportacion,92,Br. Virgin Isds,False,6081.0
2014,Exportacion,100,Bulgaria,False,870932.0
2014,Exportacion,104,Myanmar,False,128870.0
2014,Exportacion,108,Burundi,False,7000.0
2014,Exportacion,112,Belarus,False,22491.0
2014,Exportacion,120,Cameroon,False,4114272.0
2014,Exportacion,124,Canada,False,72308511.0
2014,Exportacion,136,Cayman Isds,False,332881.0
2014,Exportacion,140,Central African Rep.,False,12.0
2014,Exportacion,144,Sri Lanka,False,40293.0
2014,Exportacion,152,Chile,False,39650045.0
2014,Exportacion,156,China,False,339144698.0
2014,Exportacion,170,Colombia,False,79848275.0
2014,Exportacion,180,Dem. Rep. of the Congo,False,54190.0
2014,Exportacion,191,Croatia,False,607346.0
2014,Exportacion,178,Congo,False,52448.0
2014,Exportacion,192,Cuba,False,37426136.0
2014,Exportacion,196,Cyprus,False,58180.0
2014,Exportacion,203,Czechia,False,95243.0
2014,Exportacion,208,Denmark,False,9419098.0
2014,Exportacion,212,Dominica,False,1004925.0
2014,Exportacion,214,Dominican Rep.,False,267169930.0
2014,Exportacion,218,Ecuador,False,53585549.0
2014,Exportacion,222,El Salvador,False,284788413.0
2014,Exportacion,226,Equatorial Guinea,False,5352.0
2014,Exportacion,231,Ethiopia,False,360.0
2014,Exportacion,233,Estonia,False,58998.0
2014,Exportacion,242,Fiji,False,11381.0
2014,Exportacion,246,Finland,False,17814685.0
2014,Exportacion,251,France,False,87133897.0
2014,Exportacion,258,French Polynesia,False,2820.0
2014,Exportacion,262,Djibouti,False,1200.0
2014,Exportacion,266,Gabon,False,75516.0
2014,Exportacion,268,Georgia,False,186585.0
2014,Exportacion,275,State of Palestine,False,109436.0
2014,Exportacion,276,Germany,False,120647307.0
2014,Exportacion,288,Ghana,False,87113.0
2014,Exportacion,300,Greece,False,34869119.0
2014,Exportacion,308,Grenada,False,693589.0
2014,Exportacion,316,Guam,False,45700.0
2014,Exportacion,328,Guyana,False,15107130.0
2014,Exportacion,332,Haiti,False,16917225.0
2014,Exportacion,320,Guatemala,False,465482947.0
2014,Exportacion,340,Honduras,False,319392106.0
2014,Exportacion,344,"China, Hong Kong SAR",False,413448169.0
2014,Exportacion,348,Hungary,False,92034.0
2014,Exportacion,360,Indonesia,False,682743.0
2014,Exportacion,364,Iran,False,98675.0
2014,Exportacion,368,Iraq,False,25573.0
2014,Exportacion,372,Ireland,False,83459976.0
2014,Exportacion,376,Israel,False,6097864.0
2014,Exportacion,380,Italy,False,149319272.0
2014,Exportacion,384,Côte d'Ivoire,False,390275.0
2014,Exportacion,388,Jamaica,False,47721537.0
2014,Exportacion,392,Japan,False,92184573.0
2014,Exportacion,400,Jordan,False,772952.0
2014,Exportacion,404,Kenya,False,53298.0
2014,Exportacion,408,Dem. People's Rep. of Korea,False,546196.0
2014,Exportacion,410,Rep. of Korea,False,66666436.0
2014,Exportacion,422,Lebanon,False,1588694.0
2014,Exportacion,428,Latvia,False,323121.0
2014,Exportacion,430,Liberia,False,21421.0
2014,Exportacion,434,Libya,False,4280701.0
2014,Exportacion,440,Lithuania,False,5032006.0
2014,Exportacion,442,Luxembourg,False,2339.0
2014,Exportacion,414,Kuwait,False,204389.0
2014,Exportacion,458,Malaysia,False,400827577.0
2014,Exportacion,466,Mali,False,19404.0
2014,Exportacion,470,Malta,False,647223.0
2014,Exportacion,478,Mauritania,False,36872.0
2014,Exportacion,480,Mauritius,False,558.0
2014,Exportacion,484,Mexico,False,261878263.0
2014,Exportacion,490,"Other Asia, nes",False,54315161.0
2014,Exportacion,499,Montenegro,False,1096895.0
2014,Exportacion,504,Morocco,False,1880375.0
2014,Exportacion,508,Mozambique,False,68865.0
2014,Exportacion,512,Oman,False,189119.0
2014,Exportacion,528,Netherlands,False,695672612.0
2014,Exportacion,531,Curaçao,False,1928028.0
2014,Exportacion,533,Aruba,False,21576779.0
2014,Exportacion,535,Bonaire,False,177.0
2014,Exportacion,554,New Zealand,False,24690703.0
2014,Exportacion,540,New Caledonia,False,60871.0
2014,Exportacion,566,Nigeria,False,185458.0
2014,Exportacion,579,Norway,False,22912288.0
2014,Exportacion,558,Nicaragua,False,498018678.0
2014,Exportacion,585,Palau,False,3352.0
2014,Exportacion,586,Pakistan,False,252859.0
2014,Exportacion,598,Papua New Guinea,False,8255.0
2014,Exportacion,591,Panama,False,593222716.0
2014,Exportacion,600,Paraguay,False,1094560.0
2014,Exportacion,604,Peru,False,16430302.0
2014,Exportacion,608,Philippines,False,4923826.0
2014,Exportacion,660,Anguilla,False,13764.0
2014,Exportacion,616,Poland,False,5126294.0
2014,Exportacion,620,Portugal,False,14607599.0
2014,Exportacion,686,Senegal,False,1500.0
2014,Exportacion,634,Qatar,False,178885.0
2014,Exportacion,642,Romania,False,273732.0
2014,Exportacion,643,Russian Federation,False,23514901.0
2014,Exportacion,654,Saint Helena,False,31725.0
2014,Exportacion,659,Saint Kitts and Nevis,False,169380.0
2014,Exportacion,662,Saint Lucia,False,2631873.0
2014,Exportacion,670,Saint Vincent and the Grenadines,False,886807.0
2014,Exportacion,682,Saudi Arabia,False,7606302.0
2014,Exportacion,688,Serbia,False,33236.0
2014,Exportacion,690,Seychelles,False,10.0
2014,Exportacion,694,Sierra Leone,False,21131.0
2014,Exportacion,699,India,False,17032392.0
2014,Exportacion,702,Singapore,False,41341161.0
2014,Exportacion,703,Slovakia,False,357881.0
2014,Exportacion,704,Viet Nam,False,41792331.0
2014,Exportacion,705,Slovenia,False,117384.0
2014,Exportacion,710,South Africa,False,2385208.0
2014,Exportacion,724,Spain,False,116808504.0
2014,Exportacion,764,Thailand,False,2155028.0
2014,Exportacion,740,Suriname,False,9097562.0
2014,Exportacion,752,Sweden,False,27174826.0
2014,Exportacion,757,Switzerland,False,4652397.0
2014,Exportacion,760,Syria,False,1281437.0
2014,Exportacion,780,Trinidad and Tobago,False,59517103.0
2014,Exportacion,784,United Arab Emirates,False,5367176.0
2014,Exportacion,788,Tunisia,False,263043.0
2014,Exportacion,792,Türkiye,False,35133213.0
2014,Exportacion,796,Turks and Caicos Isds,False,32204.0
2014,Exportacion,800,Uganda,False,24695.0
2014,Exportacion,804,Ukraine,False,7589900.0
2014,Exportacion,807,North Macedonia,False,2633.0
2014,Exportacion,818,Egypt,False,1749592.0
2014,Exportacion,826,United Kingdom,False,243064696.0
2014,Exportacion,834,United Rep. of Tanzania,False,217100.0
2014,Exportacion,842,USA,False,4308664480.0
2014,Exportacion,854,Burkina Faso,False,52468.0
2014,Exportacion,858,Uruguay,False,2314298.0
2014,Exportacion,860,Uzbekistan,False,520.0
2014,Exportacion,862,Venezuela,False,55025657.0
2014,Exportacion,887,Yemen,False,72258.0
2014,Exportacion,894,Zambia,False,34025.0
2014,Exportacion,899,"Areas, nes",False,119926.0
2014,Importacion,0,World,True,17184912679.0
2014,Importacion,4,Afghanistan,False,25477.0
2014,Importacion,8,Albania,False,19081.0
2014,Importacion,12,Algeria,False,42001.0
2014,Importacion,16,American Samoa,False,41595.0
2014,Importacion,20,Andorra,False,488808.0
2014,Importacion,24,Angola,False,695.0
2014,Importacion,28,Antigua and Barbuda,False,804.0
2014,Importacion,32,Argentina,False,64434318.0
2014,Importacion,36,Australia,False,7819815.0
2014,Importacion,40,Austria,False,46712989.0
2014,Importacion,44,Bahamas,False,198562.0
2014,Importacion,48,Bahrain,False,84393.0
2014,Importacion,50,Bangladesh,False,6307871.0
2014,Importacion,51,Armenia,False,56.0
2014,Importacion,52,Barbados,False,291897.0
2014,Importacion,56,Belgium,False,77224576.0
2014,Importacion,60,Bermuda,False,7546.0
2014,Importacion,68,Bolivia (Plurinational State of),False,2626906.0
2014,Importacion,72,Botswana,False,11536.0
2014,Importacion,70,Bosnia Herzegovina,False,89551.0
2014,Importacion,74,Bouvet Island,False,4689.0
2014,Importacion,76,Brazil,False,272704627.0
2014,Importacion,84,Belize,False,605576.0
2014,Importacion,86,Br. Indian Ocean Terr.,False,28.0
2014,Importacion,92,Br. Virgin Isds,False,222989.0
2014,Importacion,100,Bulgaria,False,1408976.0
2014,Importacion,104,Myanmar,False,160466.0
2014,Importacion,112,Belarus,False,1740046.0
2014,Importacion,116,Cambodia,False,2536561.0
2014,Importacion,120,Cameroon,False,5853.0
2014,Importacion,124,Canada,False,186720470.0
2014,Importacion,132,Cabo Verde,False,166394.0
2014,Importacion,140,Central African Rep.,False,229579.0
2014,Importacion,144,Sri Lanka,False,2823579.0
2014,Importacion,136,Cayman Isds,False,14091.0
2014,Importacion,152,Chile,False,277397583.0
2014,Importacion,156,China,False,1715659781.0
2014,Importacion,166,Cocos Isds,False,2348.0
2014,Importacion,170,Colombia,False,316703975.0
2014,Importacion,174,Comoros,False,40.0
2014,Importacion,178,Congo,False,6525.0
2014,Importacion,180,Dem. Rep. of the Congo,False,152756.0
2014,Importacion,184,Cook Isds,False,2430.0
2014,Importacion,191,Croatia,False,282425.0
2014,Importacion,192,Cuba,False,1023074.0
2014,Importacion,196,Cyprus,False,84941.0
2014,Importacion,203,Czechia,False,7852644.0
2014,Importacion,204,Benin,False,493.0
2014,Importacion,208,Denmark,False,40789018.0
2014,Importacion,212,Dominica,False,17109.0
2014,Importacion,214,Dominican Rep.,False,49465669.0
2014,Importacion,218,Ecuador,False,33332479.0
2014,Importacion,222,El Salvador,False,221682419.0
2014,Importacion,232,Eritrea,False,4225.0
2014,Importacion,233,Estonia,False,273293.0
2014,Importacion,242,Fiji,False,13654.0
2014,Importacion,246,Finland,False,8061491.0
2014,Importacion,251,France,False,105796644.0
2014,Importacion,258,French Polynesia,False,59325.0
2014,Importacion,260,Fr. South Antarctic Terr.,False,127.0
2014,Importacion,262,Djibouti,False,730.0
2014,Importacion,266,Gabon,False,1162.0
2014,Importacion,268,Georgia,False,6762.0
2014,Importacion,270,Gambia,False,11908.0
2014,Importacion,275,State of Palestine,False,29782.0
2014,Importacion,276,Germany,False,360384912.0
2014,Importacion,288,Ghana,False,1425.0
2014,Importacion,292,Gibraltar,False,7399.0
2014,Importacion,300,Greece,False,1241321.0
2014,Importacion,304,Greenland,False,4133.0
2014,Importacion,308,Grenada,False,33454.0
2014,Importacion,328,Guyana,False,68735.0
2014,Importacion,320,Guatemala,False,408973383.0
2014,Importacion,324,Guinea,False,57.0
2014,Importacion,332,Haiti,False,611275.0
2014,Importacion,340,Honduras,False,108488736.0
2014,Importacion,344,"China, Hong Kong SAR",False,99947432.0
2014,Importacion,348,Hungary,False,8436655.0
2014,Importacion,352,Iceland,False,49364.0
2014,Importacion,360,Indonesia,False,34812905.0
2014,Importacion,364,Iran,False,947.0
2014,Importacion,372,Ireland,False,39890068.0
2014,Importacion,376,Israel,False,259453092.0
2014,Importacion,380,Italy,False,206491460.0
2014,Importacion,384,Côte d'Ivoire,False,6377.0
2014,Importacion,388,Jamaica,False,1030493.0
2014,Importacion,392,Japan,False,475323884.0
2014,Importacion,398,Kazakhstan,False,139.0
2014,Importacion,400,Jordan,False,253195.0
2014,Importacion,404,Kenya,False,59315.0
2014,Importacion,408,Dem. People's Rep. of Korea,False,3613710.0
2014,Importacion,418,Lao People's Dem. Rep.,False,8238.0
2014,Importacion,410,Rep. of Korea,False,326413265.0
2014,Importacion,422,Lebanon,False,183266.0
2014,Importacion,426,Lesotho,False,27115.0
2014,Importacion,428,Latvia,False,626021.0
2014,Importacion,430,Liberia,False,3646.0
2014,Importacion,446,"China, Macao SAR",False,44248.0
2014,Importacion,414,Kuwait,False,386702.0
2014,Importacion,417,Kyrgyzstan,False,7383.0
2014,Importacion,440,Lithuania,False,1447718.0
2014,Importacion,442,Luxembourg,False,965897.0
2014,Importacion,450,Madagascar,False,85231.0
2014,Importacion,454,Malawi,False,555756.0
2014,Importacion,458,Malaysia,False,51583631.0
2014,Importacion,470,Malta,False,120269.0
2014,Importacion,478,Mauritania,False,9846.0
2014,Importacion,480,Mauritius,False,54505.0
2014,Importacion,484,Mexico,False,1147125898.0
2014,Importacion,490,"Other Asia, nes",False,159388467.0
2014,Importacion,498,Rep. of Moldova,False,160.0
2014,Importacion,500,Montserrat,False,85054.0
2014,Importacion,504,Morocco,False,3798351.0
2014,Importacion,508,Mozambique,False,669998.0
2014,Importacion,512,Oman,False,19512.0
2014,Importacion,516,Namibia,False,8.0
2014,Importacion,520,Naoero,False,1363.0
2014,Importacion,524,Nepal,False,8691.0
2014,Importacion,528,Netherlands,False,115085851.0
2014,Importacion,531,Curaçao,False,3391203.0
2014,Importacion,533,Aruba,False,61657.0
2014,Importacion,534,Saint Maarten,False,4332.0
2014,Importacion,540,New Caledonia,False,548.0
2014,Importacion,548,Vanuatu,False,9465.0
2014,Importacion,554,New Zealand,False,5056592.0
2014,Importacion,558,Nicaragua,False,155242250.0
2014,Importacion,581,United States Minor Outlying Islands,False,19541.0
2014,Importacion,566,Nigeria,False,13111.0
2014,Importacion,579,Norway,False,11458576.0
2014,Importacion,580,N. Mariana Isds,False,87.0
2014,Importacion,585,Palau,False,226.0
2014,Importacion,586,Pakistan,False,6464739.0
2014,Importacion,591,Panama,False,355633979.0
2014,Importacion,598,Papua New Guinea,False,4065.0
2014,Importacion,600,Paraguay,False,54115067.0
2014,Importacion,604,Peru,False,52054504.0
2014,Importacion,608,Philippines,False,14172126.0
2014,Importacion,612,Pitcairn,False,97437.0
2014,Importacion,616,Poland,False,12804419.0
2014,Importacion,620,Portugal,False,12832897.0
2014,Importacion,624,Guinea-Bissau,False,164.0
2014,Importacion,626,Timor-Leste,False,6.0
2014,Importacion,634,Qatar,False,2960361.0
2014,Importacion,642,Romania,False,2058711.0
2014,Importacion,688,Serbia,False,17000.0
2014,Importacion,643,Russian Federation,False,34215977.0
2014,Importacion,660,Anguilla,False,217.0
2014,Importacion,662,Saint Lucia,False,99.0
2014,Importacion,670,Saint Vincent and the Grenadines,False,1646.0
2014,Importacion,674,San Marino,False,24941.0
2014,Importacion,682,Saudi Arabia,False,7442619.0
2014,Importacion,686,Senegal,False,32753.0
2014,Importacion,690,Seychelles,False,96986.0
2014,Importacion,694,Sierra Leone,False,275.0
2014,Importacion,699,India,False,114833137.0
2014,Importacion,702,Singapore,False,74963228.0
2014,Importacion,703,Slovakia,False,3650745.0
2014,Importacion,704,Viet Nam,False,46249903.0
2014,Importacion,705,Slovenia,False,1420074.0
2014,Importacion,706,Somalia,False,3545.0
2014,Importacion,710,South Africa,False,7041700.0
2014,Importacion,724,Spain,False,206000204.0
2014,Importacion,729,Sudan,False,21124.0
2014,Importacion,732,Western Sahara,False,152.0
2014,Importacion,740,Suriname,False,10830.0
2014,Importacion,748,Eswatini,False,40852.0
2014,Importacion,752,Sweden,False,50450543.0
2014,Importacion,757,Switzerland,False,116823458.0
2014,Importacion,760,Syria,False,2128.0
2014,Importacion,762,Tajikistan,False,11422.0
2014,Importacion,764,Thailand,False,155011810.0
2014,Importacion,768,Togo,False,9747.0
2014,Importacion,772,Tokelau,False,2250.0
2014,Importacion,776,Tonga,False,125.0
2014,Importacion,780,Trinidad and Tobago,False,68252079.0
2014,Importacion,784,United Arab Emirates,False,5465066.0
2014,Importacion,788,Tunisia,False,1354842.0
2014,Importacion,792,Türkiye,False,60618724.0
2014,Importacion,795,Turkmenistan,False,67387.0
2014,Importacion,796,Turks and Caicos Isds,False,4203.0
2014,Importacion,798,Tuvalu,False,78.0
2014,Importacion,800,Uganda,False,923.0
2014,Importacion,804,Ukraine,False,1898175.0
2014,Importacion,807,North Macedonia,False,227422.0
2014,Importacion,818,Egypt,False,1372034.0
2014,Importacion,826,United Kingdom,False,102048233.0
2014,Importacion,834,United Rep. of Tanzania,False,18195.0
2014,Importacion,842,USA,False,7632705276.0
2014,Importacion,854,Burkina Faso,False,95.0
2014,Importacion,858,Uruguay,False,25741568.0
2014,Importacion,860,Uzbekistan,False,9.0
2014,Importacion,862,Venezuela,False,44525235.0
2014,Importacion,882,Samoa,False,48371.0
2014,Importacion,894,Zambia,False,9322.0
2014,Importacion,899,"Areas, nes",False,461342719.0
2015,Exportacion,0,World,True,9578337782.0
2015,Exportacion,4,Afghanistan,False,195842.0
2015,Exportacion,8,Albania,False,311112.0
2015,Exportacion,12,Algeria,False,92342.0
2015,Exportacion,28,Antigua and Barbuda,False,404417.0
2015,Exportacion,32,Argentina,False,9734233.0
2015,Exportacion,36,Australia,False,31182523.0
2015,Exportacion,40,Austria,False,184497.0
2015,Exportacion,44,Bahamas,False,6819035.0
2015,Exportacion,48,Bahrain,False,38325.0
2015,Exportacion,51,Armenia,False,661.0
2015,Exportacion,52,Barbados,False,7668047.0
2015,Exportacion,56,Belgium,False,430357380.0
2015,Exportacion,60,Bermuda,False,279475.0
2015,Exportacion,68,Bolivia (Plurinational State of),False,1325563.0
2015,Exportacion,72,Botswana,False,187803.0
2015,Exportacion,76,Brazil,False,21075547.0
2015,Exportacion,84,Belize,False,11770727.0
2015,Exportacion,92,Br. Virgin Isds,False,40147.0
2015,Exportacion,100,Bulgaria,False,33630.0
2015,Exportacion,104,Myanmar,False,295888.0
2015,Exportacion,112,Belarus,False,1605.0
2015,Exportacion,120,Cameroon,False,3918995.0
2015,Exportacion,124,Canada,False,108632923.0
2015,Exportacion,132,Cabo Verde,False,9233.0
2015,Exportacion,136,Cayman Isds,False,862477.0
2015,Exportacion,144,Sri Lanka,False,359.0
2015,Exportacion,152,Chile,False,37441468.0
2015,Exportacion,156,China,False,80174769.0
2015,Exportacion,170,Colombia,False,71815576.0
2015,Exportacion,191,Croatia,False,927431.0
2015,Exportacion,192,Cuba,False,29281749.0
2015,Exportacion,196,Cyprus,False,47225.0
2015,Exportacion,203,Czechia,False,60672.0
2015,Exportacion,208,Denmark,False,5941199.0
2015,Exportacion,212,Dominica,False,1166095.0
2015,Exportacion,214,Dominican Rep.,False,265836363.0
2015,Exportacion,218,Ecuador,False,43945746.0
2015,Exportacion,233,Estonia,False,102722.0
2015,Exportacion,242,Fiji,False,31023.0
2015,Exportacion,246,Finland,False,26038285.0
2015,Exportacion,222,El Salvador,False,285428682.0
2015,Exportacion,231,Ethiopia,False,7688.0
2015,Exportacion,251,France,False,119626395.0
2015,Exportacion,258,French Polynesia,False,2690.0
2015,Exportacion,266,Gabon,False,445707.0
2015,Exportacion,268,Georgia,False,2567.0
2015,Exportacion,276,Germany,False,148191463.0
2015,Exportacion,288,Ghana,False,257124.0
2015,Exportacion,308,Grenada,False,559724.0
2015,Exportacion,316,Guam,False,56127.0
2015,Exportacion,300,Greece,False,30108733.0
2015,Exportacion,328,Guyana,False,11427248.0
2015,Exportacion,332,Haiti,False,19014834.0
2015,Exportacion,320,Guatemala,False,523862138.0
2015,Exportacion,324,Guinea,False,7233.0
2015,Exportacion,340,Honduras,False,332821026.0
2015,Exportacion,344,"China, Hong Kong SAR",False,66428206.0
2015,Exportacion,348,Hungary,False,599064.0
2015,Exportacion,360,Indonesia,False,104647.0
2015,Exportacion,364,Iran,False,119698.0
2015,Exportacion,368,Iraq,False,49543.0
2015,Exportacion,376,Israel,False,8923325.0
2015,Exportacion,372,Ireland,False,71319236.0
2015,Exportacion,380,Italy,False,170745660.0
2015,Exportacion,388,Jamaica,False,45676011.0
2015,Exportacion,384,Côte d'Ivoire,False,182335.0
2015,Exportacion,392,Japan,False,97305807.0
2015,Exportacion,398,Kazakhstan,False,263828.0
2015,Exportacion,400,Jordan,False,204218.0
2015,Exportacion,404,Kenya,False,60564.0
2015,Exportacion,408,Dem. People's Rep. of Korea,False,71310.0
2015,Exportacion,410,Rep. of Korea,False,51486332.0
2015,Exportacion,414,Kuwait,False,2536917.0
2015,Exportacion,422,Lebanon,False,1658469.0
2015,Exportacion,428,Latvia,False,279743.0
2015,Exportacion,430,Liberia,False,32655.0
2015,Exportacion,434,Libya,False,805898.0
2015,Exportacion,440,Lithuania,False,9466682.0
2015,Exportacion,442,Luxembourg,False,29029.0
2015,Exportacion,450,Madagascar,False,1009.0
2015,Exportacion,458,Malaysia,False,5340350.0
2015,Exportacion,466,Mali,False,63000.0
2015,Exportacion,470,Malta,False,566634.0
2015,Exportacion,484,Mexico,False,239525417.0
2015,Exportacion,490,"Other Asia, nes",False,18085256.0
2015,Exportacion,499,Montenegro,False,2349509.0
2015,Exportacion,504,Morocco,False,3009385.0
2015,Exportacion,512,Oman,False,98299.0
2015,Exportacion,528,Netherlands,False,440009480.0
2015,Exportacion,531,Curaçao,False,2193128.0
2015,Exportacion,533,Aruba,False,21175209.0
2015,Exportacion,540,New Caledonia,False,1051419.0
2015,Exportacion,554,New Zealand,False,4362387.0
2015,Exportacion,558,Nicaragua,False,522651156.0
2015,Exportacion,566,Nigeria,False,161633.0
2015,Exportacion,579,Norway,False,26256524.0
2015,Exportacion,581,United States Minor Outlying Islands,False,480939.0
2015,Exportacion,585,Palau,False,3127.0
2015,Exportacion,586,Pakistan,False,266041.0
2015,Exportacion,591,Panama,False,558579995.0
2015,Exportacion,600,Paraguay,False,1678771.0
2015,Exportacion,604,Peru,False,18225641.0
2015,Exportacion,608,Philippines,False,3602332.0
2015,Exportacion,616,Poland,False,5173903.0
2015,Exportacion,620,Portugal,False,19131592.0
2015,Exportacion,624,Guinea-Bissau,False,41994.0
2015,Exportacion,643,Russian Federation,False,19544337.0
2015,Exportacion,654,Saint Helena,False,1825.0
2015,Exportacion,659,Saint Kitts and Nevis,False,212297.0
2015,Exportacion,660,Anguilla,False,22735.0
2015,Exportacion,662,Saint Lucia,False,1606821.0
2015,Exportacion,670,Saint Vincent and the Grenadines,False,1154278.0
2015,Exportacion,634,Qatar,False,217748.0
2015,Exportacion,682,Saudi Arabia,False,9373597.0
2015,Exportacion,694,Sierra Leone,False,121583.0
2015,Exportacion,642,Romania,False,751315.0
2015,Exportacion,699,India,False,14049619.0
2015,Exportacion,702,Singapore,False,28888377.0
2015,Exportacion,703,Slovakia,False,326600.0
2015,Exportacion,688,Serbia,False,30694.0
2015,Exportacion,705,Slovenia,False,1908178.0
2015,Exportacion,710,South Africa,False,3318842.0
2015,Exportacion,716,Zimbabwe,False,336.0
2015,Exportacion,704,Viet Nam,False,7457133.0
2015,Exportacion,724,Spain,False,127098857.0
2015,Exportacion,732,Western Sahara,False,150.0
2015,Exportacion,740,Suriname,False,10210381.0
2015,Exportacion,752,Sweden,False,12131707.0
2015,Exportacion,757,Switzerland,False,6447253.0
2015,Exportacion,760,Syria,False,329573.0
2015,Exportacion,768,Togo,False,50845.0
2015,Exportacion,764,Thailand,False,3833000.0
2015,Exportacion,780,Trinidad and Tobago,False,61749024.0
2015,Exportacion,784,United Arab Emirates,False,2601874.0
2015,Exportacion,788,Tunisia,False,358346.0
2015,Exportacion,792,Türkiye,False,32346017.0
2015,Exportacion,796,Turks and Caicos Isds,False,60.0
2015,Exportacion,800,Uganda,False,48600.0
2015,Exportacion,804,Ukraine,False,2937529.0
2015,Exportacion,818,Egypt,False,659204.0
2015,Exportacion,826,United Kingdom,False,177502203.0
2015,Exportacion,834,United Rep. of Tanzania,False,68012.0
2015,Exportacion,837,Bunkers,False,96956.0
2015,Exportacion,842,USA,False,3903662102.0
2015,Exportacion,854,Burkina Faso,False,246075.0
2015,Exportacion,858,Uruguay,False,1908667.0
2015,Exportacion,860,Uzbekistan,False,49300.0
2015,Exportacion,862,Venezuela,False,52325878.0
2015,Exportacion,894,Zambia,False,92063.0
2015,Exportacion,899,"Areas, nes",False,111994.0
2015,Importacion,0,World,True,15504422756.0
2015,Importacion,4,Afghanistan,False,40424.0
2015,Importacion,8,Albania,False,11466.0
2015,Importacion,31,Azerbaijan,False,5990.0
2015,Importacion,16,American Samoa,False,17240.0
2015,Importacion,20,Andorra,False,28382.0
2015,Importacion,24,Angola,False,2969.0
2015,Importacion,28,Antigua and Barbuda,False,6219.0
2015,Importacion,32,Argentina,False,61392634.0
2015,Importacion,36,Australia,False,8234135.0
2015,Importacion,40,Austria,False,27070729.0
2015,Importacion,44,Bahamas,False,40844.0
2015,Importacion,48,Bahrain,False,148763.0
2015,Importacion,50,Bangladesh,False,8536142.0
2015,Importacion,51,Armenia,False,23866.0
2015,Importacion,52,Barbados,False,333298.0
2015,Importacion,56,Belgium,False,48859160.0
2015,Importacion,60,Bermuda,False,3690.0
2015,Importacion,68,Bolivia (Plurinational State of),False,1210503.0
2015,Importacion,70,Bosnia Herzegovina,False,79391.0
2015,Importacion,72,Botswana,False,7572.0
2015,Importacion,84,Belize,False,582147.0
2015,Importacion,76,Brazil,False,296025974.0
2015,Importacion,86,Br. Indian Ocean Terr.,False,1724.0
2015,Importacion,92,Br. Virgin Isds,False,328684.0
2015,Importacion,100,Bulgaria,False,1488805.0
2015,Importacion,104,Myanmar,False,151114.0
2015,Importacion,112,Belarus,False,1622148.0
2015,Importacion,116,Cambodia,False,3065709.0
2015,Importacion,120,Cameroon,False,3431.0
2015,Importacion,124,Canada,False,164937811.0
2015,Importacion,144,Sri Lanka,False,2003029.0
2015,Importacion,136,Cayman Isds,False,51338.0
2015,Importacion,140,Central African Rep.,False,43634.0
2015,Importacion,152,Chile,False,268441317.0
2015,Importacion,156,China,False,1947535997.0
2015,Importacion,162,Christmas Isds,False,164.0
2015,Importacion,166,Cocos Isds,False,649.0
2015,Importacion,170,Colombia,False,306993434.0
2015,Importacion,174,Comoros,False,567.0
2015,Importacion,178,Congo,False,4219.0
2015,Importacion,180,Dem. Rep. of the Congo,False,1922514.0
2015,Importacion,184,Cook Isds,False,995.0
2015,Importacion,192,Cuba,False,640620.0
2015,Importacion,191,Croatia,False,6449400.0
2015,Importacion,196,Cyprus,False,157771.0
2015,Importacion,203,Czechia,False,27661517.0
2015,Importacion,204,Benin,False,1896.0
2015,Importacion,208,Denmark,False,58303860.0
2015,Importacion,212,Dominica,False,13467.0
2015,Importacion,214,Dominican Rep.,False,37196743.0
2015,Importacion,218,Ecuador,False,33722352.0
2015,Importacion,222,El Salvador,False,235046729.0
2015,Importacion,226,Equatorial Guinea,False,2590.0
2015,Importacion,231,Ethiopia,False,24693.0
2015,Importacion,233,Estonia,False,695747.0
2015,Importacion,242,Fiji,False,6507.0
2015,Importacion,246,Finland,False,9470421.0
2015,Importacion,251,France,False,120158520.0
2015,Importacion,258,French Polynesia,False,18239.0
2015,Importacion,260,Fr. South Antarctic Terr.,False,1937.0
2015,Importacion,275,State of Palestine,False,5859.0
2015,Importacion,266,Gabon,False,11.0
2015,Importacion,268,Georgia,False,3224666.0
2015,Importacion,270,Gambia,False,35301.0
2015,Importacion,276,Germany,False,378493137.0
2015,Importacion,292,Gibraltar,False,287.0
2015,Importacion,296,Kiribati,False,2907.0
2015,Importacion,300,Greece,False,1363151.0
2015,Importacion,304,Greenland,False,41268.0
2015,Importacion,308,Grenada,False,376905.0
2015,Importacion,316,Guam,False,858.0
2015,Importacion,320,Guatemala,False,399176770.0
2015,Importacion,324,Guinea,False,2473.0
2015,Importacion,328,Guyana,False,335162.0
2015,Importacion,332,Haiti,False,97903.0
2015,Importacion,340,Honduras,False,103525769.0
2015,Importacion,344,"China, Hong Kong SAR",False,107602418.0
2015,Importacion,352,Iceland,False,140890.0
2015,Importacion,348,Hungary,False,19140478.0
2015,Importacion,360,Indonesia,False,28778830.0
2015,Importacion,364,Iran,False,5932.0
2015,Importacion,368,Iraq,False,646.0
2015,Importacion,372,Ireland,False,49819808.0
2015,Importacion,376,Israel,False,44122250.0
2015,Importacion,380,Italy,False,179293185.0
2015,Importacion,384,Côte d'Ivoire,False,47209.0
2015,Importacion,388,Jamaica,False,1271381.0
2015,Importacion,392,Japan,False,418780252.0
2015,Importacion,400,Jordan,False,377559.0
2015,Importacion,404,Kenya,False,67690.0
2015,Importacion,408,Dem. People's Rep. of Korea,False,2311043.0
2015,Importacion,410,Rep. of Korea,False,391010704.0
2015,Importacion,414,Kuwait,False,28219.0
2015,Importacion,417,Kyrgyzstan,False,105.0
2015,Importacion,418,Lao People's Dem. Rep.,False,20.0
2015,Importacion,422,Lebanon,False,2080.0
2015,Importacion,426,Lesotho,False,400.0
2015,Importacion,428,Latvia,False,6644576.0
2015,Importacion,442,Luxembourg,False,1048491.0
2015,Importacion,446,"China, Macao SAR",False,12195.0
2015,Importacion,450,Madagascar,False,91326.0
2015,Importacion,440,Lithuania,False,2393707.0
2015,Importacion,454,Malawi,False,178642.0
2015,Importacion,458,Malaysia,False,38257366.0
2015,Importacion,462,Maldives,False,712.0
2015,Importacion,466,Mali,False,101.0
2015,Importacion,470,Malta,False,396249.0
2015,Importacion,478,Mauritania,False,4646.0
2015,Importacion,480,Mauritius,False,2099736.0
2015,Importacion,484,Mexico,False,1153294267.0
2015,Importacion,490,"Other Asia, nes",False,122390598.0
2015,Importacion,496,Mongolia,False,7412.0
2015,Importacion,498,Rep. of Moldova,False,412.0
2015,Importacion,499,Montenegro,False,618.0
2015,Importacion,500,Montserrat,False,410.0
2015,Importacion,504,Morocco,False,3184016.0
2015,Importacion,508,Mozambique,False,161582.0
2015,Importacion,512,Oman,False,42968.0
2015,Importacion,516,Namibia,False,320.0
2015,Importacion,520,Naoero,False,4581.0
2015,Importacion,524,Nepal,False,9269.0
2015,Importacion,528,Netherlands,False,89808739.0
2015,Importacion,531,Curaçao,False,1927356.0
2015,Importacion,540,New Caledonia,False,151077.0
2015,Importacion,548,Vanuatu,False,6633.0
2015,Importacion,554,New Zealand,False,7167530.0
2015,Importacion,533,Aruba,False,44077.0
2015,Importacion,558,Nicaragua,False,129849907.0
2015,Importacion,566,Nigeria,False,512.0
2015,Importacion,570,Niue,False,990.0
2015,Importacion,579,Norway,False,23662627.0
2015,Importacion,580,N. Mariana Isds,False,90.0
2015,Importacion,581,United States Minor Outlying Islands,False,45263.0
2015,Importacion,584,Marshall Isds,False,54527.0
2015,Importacion,585,Palau,False,26.0
2015,Importacion,586,Pakistan,False,7357548.0
2015,Importacion,591,Panama,False,285579660.0
2015,Importacion,600,Paraguay,False,5655753.0
2015,Importacion,604,Peru,False,57279290.0
2015,Importacion,608,Philippines,False,5945093.0
2015,Importacion,612,Pitcairn,False,522.0
2015,Importacion,616,Poland,False,9751857.0
2015,Importacion,620,Portugal,False,11679189.0
2015,Importacion,634,Qatar,False,6019329.0
2015,Importacion,624,Guinea-Bissau,False,12698.0
2015,Importacion,626,Timor-Leste,False,3.0
2015,Importacion,642,Romania,False,2289897.0
2015,Importacion,643,Russian Federation,False,40553871.0
2015,Importacion,646,Rwanda,False,308.0
2015,Importacion,659,Saint Kitts and Nevis,False,301.0
2015,Importacion,660,Anguilla,False,11828.0
2015,Importacion,662,Saint Lucia,False,708.0
2015,Importacion,682,Saudi Arabia,False,5028370.0
2015,Importacion,686,Senegal,False,1271.0
2015,Importacion,688,Serbia,False,8462.0
2015,Importacion,690,Seychelles,False,236139.0
2015,Importacion,694,Sierra Leone,False,35.0
2015,Importacion,699,India,False,139310492.0
2015,Importacion,702,Singapore,False,46345434.0
2015,Importacion,703,Slovakia,False,5204994.0
2015,Importacion,704,Viet Nam,False,56188618.0
2015,Importacion,705,Slovenia,False,3417066.0
2015,Importacion,706,Somalia,False,452.0
2015,Importacion,710,South Africa,False,6175219.0
2015,Importacion,716,Zimbabwe,False,3402.0
2015,Importacion,724,Spain,False,218071130.0
2015,Importacion,729,Sudan,False,27.0
2015,Importacion,732,Western Sahara,False,938.0
2015,Importacion,740,Suriname,False,414668.0
2015,Importacion,748,Eswatini,False,684.0
2015,Importacion,752,Sweden,False,32209683.0
2015,Importacion,757,Switzerland,False,114963630.0
2015,Importacion,760,Syria,False,8127.0
2015,Importacion,762,Tajikistan,False,308.0
2015,Importacion,764,Thailand,False,180001964.0
2015,Importacion,768,Togo,False,1590.0
2015,Importacion,772,Tokelau,False,134.0
2015,Importacion,780,Trinidad and Tobago,False,44234610.0
2015,Importacion,784,United Arab Emirates,False,5937501.0
2015,Importacion,788,Tunisia,False,764144.0
2015,Importacion,792,Türkiye,False,62409926.0
2015,Importacion,795,Turkmenistan,False,52197.0
2015,Importacion,796,Turks and Caicos Isds,False,296.0
2015,Importacion,798,Tuvalu,False,94.0
2015,Importacion,800,Uganda,False,3749.0
2015,Importacion,804,Ukraine,False,13330882.0
2015,Importacion,807,North Macedonia,False,113919.0
2015,Importacion,818,Egypt,False,1857310.0
2015,Importacion,826,United Kingdom,False,133065353.0
2015,Importacion,834,United Rep. of Tanzania,False,22891.0
2015,Importacion,842,USA,False,6164438077.0
2015,Importacion,854,Burkina Faso,False,2040.0
2015,Importacion,858,Uruguay,False,24032266.0
2015,Importacion,862,Venezuela,False,64968050.0
2015,Importacion,876,Wallis and Futuna Isds,False,451.0
2015,Importacion,894,Zambia,False,2268.0
2015,Importacion,899,"Areas, nes",False,356197128.0
2016,Exportacion,0,World,True,9907873818.0
2016,Exportacion,8,Albania,False,121267.0
2016,Exportacion,12,Algeria,False,16001.0
2016,Exportacion,28,Antigua and Barbuda,False,495345.0
2016,Exportacion,32,Argentina,False,7625719.0
2016,Exportacion,40,Austria,False,549368.0
2016,Exportacion,44,Bahamas,False,6692706.0
2016,Exportacion,48,Bahrain,False,40868.0
2016,Exportacion,50,Bangladesh,False,98150.0
2016,Exportacion,36,Australia,False,24131666.0
2016,Exportacion,52,Barbados,False,9044067.0
2016,Exportacion,56,Belgium,False,532214175.0
2016,Exportacion,60,Bermuda,False,335673.0
2016,Exportacion,68,Bolivia (Plurinational State of),False,2231916.0
2016,Exportacion,70,Bosnia Herzegovina,False,13747.0
2016,Exportacion,76,Brazil,False,34430925.0
2016,Exportacion,84,Belize,False,10840560.0
2016,Exportacion,92,Br. Virgin Isds,False,2176.0
2016,Exportacion,100,Bulgaria,False,184606.0
2016,Exportacion,104,Myanmar,False,123336.0
2016,Exportacion,112,Belarus,False,3.0
2016,Exportacion,120,Cameroon,False,3400419.0
2016,Exportacion,124,Canada,False,85472277.0
2016,Exportacion,136,Cayman Isds,False,520593.0
2016,Exportacion,144,Sri Lanka,False,267803.0
2016,Exportacion,152,Chile,False,34574082.0
2016,Exportacion,156,China,False,45501509.0
2016,Exportacion,170,Colombia,False,70226654.0
2016,Exportacion,191,Croatia,False,331224.0
2016,Exportacion,192,Cuba,False,32397216.0
2016,Exportacion,196,Cyprus,False,84880.0
2016,Exportacion,203,Czechia,False,29688.0
2016,Exportacion,208,Denmark,False,4450212.0
2016,Exportacion,212,Dominica,False,1043843.0
2016,Exportacion,214,Dominican Rep.,False,258907565.0
2016,Exportacion,218,Ecuador,False,36152117.0
2016,Exportacion,222,El Salvador,False,274153745.0
2016,Exportacion,231,Ethiopia,False,3300.0
2016,Exportacion,233,Estonia,False,61983.0
2016,Exportacion,242,Fiji,False,105483.0
2016,Exportacion,246,Finland,False,38076720.0
2016,Exportacion,251,France,False,82691259.0
2016,Exportacion,258,French Polynesia,False,10392.0
2016,Exportacion,266,Gabon,False,124139.0
2016,Exportacion,268,Georgia,False,71371.0
2016,Exportacion,288,Ghana,False,909523.0
2016,Exportacion,300,Greece,False,11778405.0
2016,Exportacion,308,Grenada,False,1077985.0
2016,Exportacion,316,Guam,False,27666.0
2016,Exportacion,276,Germany,False,130848070.0
2016,Exportacion,320,Guatemala,False,516339788.0
2016,Exportacion,324,Guinea,False,1650.0
2016,Exportacion,332,Haiti,False,16346516.0
2016,Exportacion,334,Heard Island and McDonald Islands,False,5987.0
2016,Exportacion,328,Guyana,False,14979374.0
2016,Exportacion,340,Honduras,False,334816183.0
2016,Exportacion,344,"China, Hong Kong SAR",False,32103718.0
2016,Exportacion,348,Hungary,False,85269.0
2016,Exportacion,360,Indonesia,False,4912505.0
2016,Exportacion,364,Iran,False,88707.0
2016,Exportacion,368,Iraq,False,4464542.0
2016,Exportacion,376,Israel,False,8218166.0
2016,Exportacion,372,Ireland,False,87218776.0
2016,Exportacion,380,Italy,False,207836033.0
2016,Exportacion,384,Côte d'Ivoire,False,296629.0
2016,Exportacion,388,Jamaica,False,51131184.0
2016,Exportacion,392,Japan,False,112861956.0
2016,Exportacion,398,Kazakhstan,False,2.0
2016,Exportacion,404,Kenya,False,29279.0
2016,Exportacion,408,Dem. People's Rep. of Korea,False,11260.0
2016,Exportacion,418,Lao People's Dem. Rep.,False,89911.0
2016,Exportacion,410,Rep. of Korea,False,33572477.0
2016,Exportacion,400,Jordan,False,330129.0
2016,Exportacion,414,Kuwait,False,620267.0
2016,Exportacion,417,Kyrgyzstan,False,15411.0
2016,Exportacion,440,Lithuania,False,11363181.0
2016,Exportacion,442,Luxembourg,False,3740.0
2016,Exportacion,446,"China, Macao SAR",False,14025.0
2016,Exportacion,450,Madagascar,False,1000.0
2016,Exportacion,478,Mauritania,False,6470.0
2016,Exportacion,480,Mauritius,False,480.0
2016,Exportacion,422,Lebanon,False,1923389.0
2016,Exportacion,428,Latvia,False,584113.0
2016,Exportacion,434,Libya,False,285589.0
2016,Exportacion,458,Malaysia,False,1007762.0
2016,Exportacion,470,Malta,False,434389.0
2016,Exportacion,484,Mexico,False,257203621.0
2016,Exportacion,490,"Other Asia, nes",False,16851631.0
2016,Exportacion,499,Montenegro,False,1798589.0
2016,Exportacion,504,Morocco,False,2634019.0
2016,Exportacion,508,Mozambique,False,7950.0
2016,Exportacion,512,Oman,False,71662.0
2016,Exportacion,531,Curaçao,False,3154197.0
2016,Exportacion,528,Netherlands,False,575437869.0
2016,Exportacion,533,Aruba,False,19426234.0
2016,Exportacion,534,Saint Maarten,False,11516.0
2016,Exportacion,540,New Caledonia,False,70758.0
2016,Exportacion,554,New Zealand,False,18874468.0
2016,Exportacion,558,Nicaragua,False,517296834.0
2016,Exportacion,566,Nigeria,False,363515.0
2016,Exportacion,579,Norway,False,20463271.0
2016,Exportacion,581,United States Minor Outlying Islands,False,9103.0
2016,Exportacion,586,Pakistan,False,305915.0
2016,Exportacion,591,Panama,False,561017178.0
2016,Exportacion,600,Paraguay,False,1725814.0
2016,Exportacion,604,Peru,False,19438242.0
2016,Exportacion,608,Philippines,False,3311120.0
2016,Exportacion,616,Poland,False,6073414.0
2016,Exportacion,620,Portugal,False,24643611.0
2016,Exportacion,634,Qatar,False,39308.0
2016,Exportacion,642,Romania,False,558630.0
2016,Exportacion,643,Russian Federation,False,23482540.0
2016,Exportacion,654,Saint Helena,False,2648.0
2016,Exportacion,659,Saint Kitts and Nevis,False,204839.0
2016,Exportacion,660,Anguilla,False,3600.0
2016,Exportacion,662,Saint Lucia,False,2070396.0
2016,Exportacion,670,Saint Vincent and the Grenadines,False,1167275.0
2016,Exportacion,694,Sierra Leone,False,2138.0
2016,Exportacion,699,India,False,19693327.0
2016,Exportacion,682,Saudi Arabia,False,6373282.0
2016,Exportacion,688,Serbia,False,542.0
2016,Exportacion,702,Singapore,False,17454546.0
2016,Exportacion,703,Slovakia,False,285277.0
2016,Exportacion,704,Viet Nam,False,6212674.0
2016,Exportacion,705,Slovenia,False,5784252.0
2016,Exportacion,710,South Africa,False,1986181.0
2016,Exportacion,724,Spain,False,153625597.0
2016,Exportacion,740,Suriname,False,8049189.0
2016,Exportacion,752,Sweden,False,21758955.0
2016,Exportacion,757,Switzerland,False,5485740.0
2016,Exportacion,760,Syria,False,23840.0
2016,Exportacion,762,Tajikistan,False,15411.0
2016,Exportacion,764,Thailand,False,2700259.0
2016,Exportacion,768,Togo,False,38135.0
2016,Exportacion,780,Trinidad and Tobago,False,59390724.0
2016,Exportacion,788,Tunisia,False,795324.0
2016,Exportacion,792,Türkiye,False,53415104.0
2016,Exportacion,796,Turks and Caicos Isds,False,13002.0
2016,Exportacion,800,Uganda,False,62287.0
2016,Exportacion,804,Ukraine,False,6238340.0
2016,Exportacion,818,Egypt,False,636710.0
2016,Exportacion,784,United Arab Emirates,False,2297226.0
2016,Exportacion,826,United Kingdom,False,180904418.0
2016,Exportacion,834,United Rep. of Tanzania,False,369151.0
2016,Exportacion,858,Uruguay,False,1239113.0
2016,Exportacion,842,USA,False,4058038120.0
2016,Exportacion,854,Burkina Faso,False,104783.0
2016,Exportacion,862,Venezuela,False,32540557.0
2016,Exportacion,894,Zambia,False,43112.0
2016,Exportacion,899,"Areas, nes",False,84484.0
2016,Importacion,8,Albania,False,39604.0
2016,Importacion,10,Antarctica,False,84.0
2016,Importacion,12,Algeria,False,193.0
2016,Importacion,16,American Samoa,False,41787.0
2016,Importacion,20,Andorra,False,46958.0
2016,Importacion,24,Angola,False,12106.0
2016,Importacion,31,Azerbaijan,False,13619.0
2016,Importacion,0,World,True,15321512292.0
2016,Importacion,4,Afghanistan,False,2923.0
2016,Importacion,32,Argentina,False,62233560.0
2016,Importacion,36,Australia,False,8465781.0
2016,Importacion,40,Austria,False,21966623.0
2016,Importacion,44,Bahamas,False,8879721.0
2016,Importacion,48,Bahrain,False,59014.0
2016,Importacion,52,Barbados,False,80693.0
2016,Importacion,50,Bangladesh,False,11793642.0
2016,Importacion,51,Armenia,False,92100.0
2016,Importacion,56,Belgium,False,66388337.0
2016,Importacion,60,Bermuda,False,7433.0
2016,Importacion,68,Bolivia (Plurinational State of),False,1111275.0
2016,Importacion,70,Bosnia Herzegovina,False,81642.0
2016,Importacion,72,Botswana,False,1481.0
2016,Importacion,74,Bouvet Island,False,1171.0
2016,Importacion,76,Brazil,False,330051746.0
2016,Importacion,84,Belize,False,223239.0
2016,Importacion,86,Br. Indian Ocean Terr.,False,7580.0
2016,Importacion,92,Br. Virgin Isds,False,479860.0
2016,Importacion,96,Brunei Darussalam,False,5.0
2016,Importacion,112,Belarus,False,1908431.0
2016,Importacion,100,Bulgaria,False,1962473.0
2016,Importacion,104,Myanmar,False,209841.0
2016,Importacion,108,Burundi,False,5193.0
2016,Importacion,120,Cameroon,False,10225.0
2016,Importacion,116,Cambodia,False,3901476.0
2016,Importacion,124,Canada,False,154103624.0
2016,Importacion,136,Cayman Isds,False,1912605.0
2016,Importacion,140,Central African Rep.,False,1781.0
2016,Importacion,144,Sri Lanka,False,3714642.0
2016,Importacion,148,Chad,False,2984.0
2016,Importacion,152,Chile,False,282376334.0
2016,Importacion,156,China,False,2082231063.0
2016,Importacion,166,Cocos Isds,False,866.0
2016,Importacion,170,Colombia,False,292704329.0
2016,Importacion,174,Comoros,False,79572.0
2016,Importacion,178,Congo,False,464.0
2016,Importacion,180,Dem. Rep. of the Congo,False,2864493.0
2016,Importacion,191,Croatia,False,48566.0
2016,Importacion,192,Cuba,False,318844.0
2016,Importacion,196,Cyprus,False,130208.0
2016,Importacion,203,Czechia,False,5683080.0
2016,Importacion,204,Benin,False,2637.0
2016,Importacion,208,Denmark,False,37445061.0
2016,Importacion,212,Dominica,False,49904.0
2016,Importacion,214,Dominican Rep.,False,37906053.0
2016,Importacion,218,Ecuador,False,27843618.0
2016,Importacion,222,El Salvador,False,236078685.0
2016,Importacion,231,Ethiopia,False,1142.0
2016,Importacion,233,Estonia,False,1137443.0
2016,Importacion,242,Fiji,False,181094.0
2016,Importacion,246,Finland,False,10936445.0
2016,Importacion,251,France,False,113777811.0
2016,Importacion,258,French Polynesia,False,28879.0
2016,Importacion,260,Fr. South Antarctic Terr.,False,682.0
2016,Importacion,262,Djibouti,False,72012.0
2016,Importacion,266,Gabon,False,756.0
2016,Importacion,268,Georgia,False,988672.0
2016,Importacion,275,State of Palestine,False,3683.0
2016,Importacion,270,Gambia,False,19405.0
2016,Importacion,276,Germany,False,388285759.0
2016,Importacion,288,Ghana,False,127.0
2016,Importacion,292,Gibraltar,False,4232.0
2016,Importacion,296,Kiribati,False,1837.0
2016,Importacion,300,Greece,False,1878303.0
2016,Importacion,308,Grenada,False,399.0
2016,Importacion,316,Guam,False,174.0
2016,Importacion,304,Greenland,False,39968.0
2016,Importacion,334,Heard Island and McDonald Islands,False,2486.0
2016,Importacion,336,Holy See (Vatican City State),False,6786.0
2016,Importacion,320,Guatemala,False,416693417.0
2016,Importacion,324,Guinea,False,94.0
2016,Importacion,332,Haiti,False,178322.0
2016,Importacion,328,Guyana,False,319583.0
2016,Importacion,340,Honduras,False,106064670.0
2016,Importacion,344,"China, Hong Kong SAR",False,186732757.0
2016,Importacion,348,Hungary,False,41439153.0
2016,Importacion,352,Iceland,False,65356.0
2016,Importacion,360,Indonesia,False,69659687.0
2016,Importacion,364,Iran,False,3226.0
2016,Importacion,368,Iraq,False,668.0
2016,Importacion,372,Ireland,False,54599620.0
2016,Importacion,376,Israel,False,36657549.0
2016,Importacion,380,Italy,False,198979980.0
2016,Importacion,384,Côte d'Ivoire,False,12143.0
2016,Importacion,388,Jamaica,False,1379932.0
2016,Importacion,392,Japan,False,415049859.0
2016,Importacion,398,Kazakhstan,False,9222.0
2016,Importacion,400,Jordan,False,546620.0
2016,Importacion,408,Dem. People's Rep. of Korea,False,1421106.0
2016,Importacion,404,Kenya,False,65797.0
2016,Importacion,410,Rep. of Korea,False,256938899.0
2016,Importacion,414,Kuwait,False,7146.0
2016,Importacion,417,Kyrgyzstan,False,418.0
2016,Importacion,418,Lao People's Dem. Rep.,False,36500.0
2016,Importacion,428,Latvia,False,5262794.0
2016,Importacion,430,Liberia,False,202.0
2016,Importacion,440,Lithuania,False,1613376.0
2016,Importacion,422,Lebanon,False,29875.0
2016,Importacion,426,Lesotho,False,17947.0
2016,Importacion,442,Luxembourg,False,9904679.0
2016,Importacion,446,"China, Macao SAR",False,142991.0
2016,Importacion,450,Madagascar,False,108341.0
2016,Importacion,454,Malawi,False,134419.0
2016,Importacion,458,Malaysia,False,36767844.0
2016,Importacion,462,Maldives,False,548.0
2016,Importacion,466,Mali,False,101.0
2016,Importacion,470,Malta,False,222805.0
2016,Importacion,478,Mauritania,False,3878.0
2016,Importacion,480,Mauritius,False,50261.0
2016,Importacion,484,Mexico,False,1067139860.0
2016,Importacion,490,"Other Asia, nes",False,110632078.0
2016,Importacion,498,Rep. of Moldova,False,679.0
2016,Importacion,504,Morocco,False,5411662.0
2016,Importacion,508,Mozambique,False,288036.0
2016,Importacion,499,Montenegro,False,5.0
2016,Importacion,500,Montserrat,False,736.0
2016,Importacion,516,Namibia,False,8708.0
2016,Importacion,520,Naoero,False,1607.0
2016,Importacion,524,Nepal,False,7697.0
2016,Importacion,512,Oman,False,90152.0
2016,Importacion,528,Netherlands,False,96605203.0
2016,Importacion,531,Curaçao,False,556643.0
2016,Importacion,533,Aruba,False,1589.0
2016,Importacion,540,New Caledonia,False,1301.0
2016,Importacion,548,Vanuatu,False,4835.0
2016,Importacion,554,New Zealand,False,9392498.0
2016,Importacion,558,Nicaragua,False,141682638.0
2016,Importacion,562,Niger,False,2939.0
2016,Importacion,566,Nigeria,False,61.0
2016,Importacion,583,FS Micronesia,False,567.0
2016,Importacion,584,Marshall Isds,False,4517.0
2016,Importacion,585,Palau,False,237.0
2016,Importacion,579,Norway,False,7784484.0
2016,Importacion,580,N. Mariana Isds,False,368.0
2016,Importacion,586,Pakistan,False,8457053.0
2016,Importacion,591,Panama,False,290874521.0
2016,Importacion,600,Paraguay,False,23032301.0
2016,Importacion,604,Peru,False,61111003.0
2016,Importacion,608,Philippines,False,9675367.0
2016,Importacion,612,Pitcairn,False,8098.0
2016,Importacion,616,Poland,False,12402335.0
2016,Importacion,620,Portugal,False,13483657.0
2016,Importacion,624,Guinea-Bissau,False,986.0
2016,Importacion,634,Qatar,False,6974842.0
2016,Importacion,642,Romania,False,2512736.0
2016,Importacion,643,Russian Federation,False,48838550.0
2016,Importacion,646,Rwanda,False,120.0
2016,Importacion,660,Anguilla,False,93.0
2016,Importacion,662,Saint Lucia,False,29762.0
2016,Importacion,674,San Marino,False,344.0
2016,Importacion,682,Saudi Arabia,False,4003949.0
2016,Importacion,686,Senegal,False,28845.0
2016,Importacion,688,Serbia,False,1262130.0
2016,Importacion,690,Seychelles,False,18715.0
2016,Importacion,694,Sierra Leone,False,110.0
2016,Importacion,699,India,False,179396192.0
2016,Importacion,702,Singapore,False,32212553.0
2016,Importacion,703,Slovakia,False,7119369.0
2016,Importacion,704,Viet Nam,False,71687078.0
2016,Importacion,705,Slovenia,False,2291336.0
2016,Importacion,706,Somalia,False,1854.0
2016,Importacion,710,South Africa,False,6528413.0
2016,Importacion,716,Zimbabwe,False,1075.0
2016,Importacion,724,Spain,False,222736740.0
2016,Importacion,729,Sudan,False,4390.0
2016,Importacion,740,Suriname,False,1568.0
2016,Importacion,748,Eswatini,False,465.0
2016,Importacion,752,Sweden,False,39158214.0
2016,Importacion,757,Switzerland,False,145244634.0
2016,Importacion,760,Syria,False,1998.0
2016,Importacion,762,Tajikistan,False,17444.0
2016,Importacion,764,Thailand,False,184056633.0
2016,Importacion,768,Togo,False,23.0
2016,Importacion,780,Trinidad and Tobago,False,15889637.0
2016,Importacion,784,United Arab Emirates,False,3595682.0
2016,Importacion,788,Tunisia,False,977599.0
2016,Importacion,792,Türkiye,False,56348235.0
2016,Importacion,796,Turks and Caicos Isds,False,1552.0
2016,Importacion,800,Uganda,False,6061.0
2016,Importacion,795,Turkmenistan,False,41429.0
2016,Importacion,818,Egypt,False,1922536.0
2016,Importacion,804,Ukraine,False,14840686.0
2016,Importacion,807,North Macedonia,False,62370.0
2016,Importacion,826,United Kingdom,False,124463353.0
2016,Importacion,834,United Rep. of Tanzania,False,21904.0
2016,Importacion,842,USA,False,5711167765.0
2016,Importacion,854,Burkina Faso,False,59.0
2016,Importacion,858,Uruguay,False,30841024.0
2016,Importacion,862,Venezuela,False,18942356.0
2016,Importacion,876,Wallis and Futuna Isds,False,3523.0
2016,Importacion,882,Samoa,False,383963.0
2016,Importacion,894,Zambia,False,40528.0
2016,Importacion,899,"Areas, nes",False,485098323.0
2017,Exportacion,8,Albania,False,89952.851
2017,Exportacion,12,Algeria,False,650797.147
2017,Exportacion,24,Angola,False,31968.834
2017,Exportacion,48,Bahrain,False,22298.262
2017,Exportacion,50,Bangladesh,False,568719.19
2017,Exportacion,60,Bermuda,False,485002.297
2017,Exportacion,70,Bosnia Herzegovina,False,17199.872
2017,Exportacion,72,Botswana,False,58293.677
2017,Exportacion,84,Belize,False,9791448.519
2017,Exportacion,90,Solomon Isds,False,13320.348
2017,Exportacion,92,Br. Virgin Isds,False,8596.803
2017,Exportacion,100,Bulgaria,False,316860.294
2017,Exportacion,120,Cameroon,False,265403.877
2017,Exportacion,136,Cayman Isds,False,157363.145
2017,Exportacion,144,Sri Lanka,False,72119.346
2017,Exportacion,191,Croatia,False,938729.632
2017,Exportacion,180,Dem. Rep. of the Congo,False,761.924
2017,Exportacion,178,Congo,False,124891.579
2017,Exportacion,203,Czechia,False,140533.184
2017,Exportacion,196,Cyprus,False,94076.394
2017,Exportacion,266,Gabon,False,339748.787
2017,Exportacion,242,Fiji,False,10912.029
2017,Exportacion,233,Estonia,False,52056.451
2017,Exportacion,246,Finland,False,40644085.591
2017,Exportacion,268,Georgia,False,327764.949
2017,Exportacion,288,Ghana,False,345005.859
2017,Exportacion,316,Guam,False,27504.919
2017,Exportacion,334,Heard Island and McDonald Islands,False,8969.816
2017,Exportacion,332,Haiti,False,20232118.837
2017,Exportacion,360,Indonesia,False,13116243.221
2017,Exportacion,364,Iran,False,744200.309
2017,Exportacion,368,Iraq,False,10339962.043
2017,Exportacion,384,Côte d'Ivoire,False,38629.029
2017,Exportacion,398,Kazakhstan,False,4007.826
2017,Exportacion,400,Jordan,False,117395.058
2017,Exportacion,404,Kenya,False,16639.778
2017,Exportacion,408,Dem. People's Rep. of Korea,False,98088.109
2017,Exportacion,414,Kuwait,False,46488.333
2017,Exportacion,422,Lebanon,False,671334.906
2017,Exportacion,430,Liberia,False,1525.681
2017,Exportacion,434,Libya,False,1356948.448
2017,Exportacion,440,Lithuania,False,6018143.383
2017,Exportacion,442,Luxembourg,False,575.439
2017,Exportacion,446,"China, Macao SAR",False,10379.215
2017,Exportacion,466,Mali,False,6905.268
2017,Exportacion,470,Malta,False,505445.002
2017,Exportacion,520,Naoero,False,31386.181
2017,Exportacion,512,Oman,False,25575.067
2017,Exportacion,508,Mozambique,False,4705.013
2017,Exportacion,504,Morocco,False,1475066.609
2017,Exportacion,499,Montenegro,False,2949836.942
2017,Exportacion,498,Rep. of Moldova,False,195.01
2017,Exportacion,534,Saint Maarten,False,141141.189
2017,Exportacion,540,New Caledonia,False,82417.019
2017,Exportacion,548,Vanuatu,False,2185.134
2017,Exportacion,554,New Zealand,False,18689969.498
2017,Exportacion,566,Nigeria,False,251488.163
2017,Exportacion,586,Pakistan,False,782611.13
2017,Exportacion,612,Pitcairn,False,16607.543
2017,Exportacion,620,Portugal,False,47207559.86
2017,Exportacion,634,Qatar,False,1620459.866
2017,Exportacion,643,Russian Federation,False,30638672.028
2017,Exportacion,660,Anguilla,False,7672.52
2017,Exportacion,678,Sao Tome and Principe,False,2581.164
2017,Exportacion,682,Saudi Arabia,False,3465365.394
2017,Exportacion,686,Senegal,False,3464.356
2017,Exportacion,688,Serbia,False,5.328
2017,Exportacion,690,Seychelles,False,149614.145
2017,Exportacion,694,Sierra Leone,False,11498.124
2017,Exportacion,703,Slovakia,False,327899.953
2017,Exportacion,705,Slovenia,False,7468098.217
2017,Exportacion,710,South Africa,False,1721063.848
2017,Exportacion,760,Syria,False,26423.733
2017,Exportacion,764,Thailand,False,7929776.861
2017,Exportacion,784,United Arab Emirates,False,3891853.31
2017,Exportacion,788,Tunisia,False,1238091.977
2017,Exportacion,792,Türkiye,False,42199874.551
2017,Exportacion,800,Uganda,False,45951.683
2017,Exportacion,804,Ukraine,False,21671037.179
2017,Exportacion,854,Burkina Faso,False,306752.591
2017,Exportacion,899,"Areas, nes",False,72576.745
2017,Exportacion,894,Zambia,False,62707.721
2017,Exportacion,0,World,True,11296640428.739
2017,Exportacion,28,Antigua and Barbuda,False,272134.413
2017,Exportacion,32,Argentina,False,16824692.712
2017,Exportacion,36,Australia,False,35261451.376
2017,Exportacion,40,Austria,False,231578.538
2017,Exportacion,44,Bahamas,False,9356936.233
2017,Exportacion,52,Barbados,False,9274350.204
2017,Exportacion,56,Belgium,False,728923066.238
2017,Exportacion,68,Bolivia (Plurinational State of),False,1277337.759
2017,Exportacion,76,Brazil,False,44640284.524
2017,Exportacion,124,Canada,False,82212303.537
2017,Exportacion,152,Chile,False,36485550.718
2017,Exportacion,156,China,False,119116429.611
2017,Exportacion,170,Colombia,False,61154039.109
2017,Exportacion,192,Cuba,False,33922657.772
2017,Exportacion,208,Denmark,False,4235622.306
2017,Exportacion,212,Dominica,False,1090637.913
2017,Exportacion,214,Dominican Rep.,False,245493338.854
2017,Exportacion,218,Ecuador,False,38135443.788
2017,Exportacion,251,France,False,71073598.158
2017,Exportacion,222,El Salvador,False,305258099.005
2017,Exportacion,276,Germany,False,134845917.853
2017,Exportacion,300,Greece,False,14111982.737
2017,Exportacion,308,Grenada,False,1709395.564
2017,Exportacion,320,Guatemala,False,560374798.1
2017,Exportacion,328,Guyana,False,11599111.315
2017,Exportacion,340,Honduras,False,389995853.52
2017,Exportacion,344,"China, Hong Kong SAR",False,41163446.784
2017,Exportacion,348,Hungary,False,135802.958
2017,Exportacion,372,Ireland,False,82111011.827
2017,Exportacion,376,Israel,False,13970218.112
2017,Exportacion,380,Italy,False,167430642.42
2017,Exportacion,388,Jamaica,False,90794052.934
2017,Exportacion,392,Japan,False,183219993.927
2017,Exportacion,410,Rep. of Korea,False,40202518.421
2017,Exportacion,428,Latvia,False,988103.973
2017,Exportacion,458,Malaysia,False,6116846.22
2017,Exportacion,484,Mexico,False,292367175.857
2017,Exportacion,490,"Other Asia, nes",False,15513714.17
2017,Exportacion,528,Netherlands,False,633855823.409
2017,Exportacion,531,Curaçao,False,3055566.069
2017,Exportacion,533,Aruba,False,21752033.862
2017,Exportacion,558,Nicaragua,False,572925799.291
2017,Exportacion,579,Norway,False,22634684.162
2017,Exportacion,584,Marshall Isds,False,21779.162
2017,Exportacion,591,Panama,False,611417919.754
2017,Exportacion,600,Paraguay,False,1439441.487
2017,Exportacion,604,Peru,False,23012845.384
2017,Exportacion,608,Philippines,False,5136830.842
2017,Exportacion,616,Poland,False,8297556.871
2017,Exportacion,642,Romania,False,2113497.539
2017,Exportacion,659,Saint Kitts and Nevis,False,279679.059
2017,Exportacion,662,Saint Lucia,False,2652549.992
2017,Exportacion,670,Saint Vincent and the Grenadines,False,978164.553
2017,Exportacion,699,India,False,42532927.379
2017,Exportacion,702,Singapore,False,7146885.641
2017,Exportacion,704,Viet Nam,False,21738173.563
2017,Exportacion,724,Spain,False,169107675.545
2017,Exportacion,740,Suriname,False,7979807.832
2017,Exportacion,752,Sweden,False,25250839.672
2017,Exportacion,757,Switzerland,False,4430230.101
2017,Exportacion,780,Trinidad and Tobago,False,64234745.956
2017,Exportacion,818,Egypt,False,632963.972
2017,Exportacion,826,United Kingdom,False,219288744.868
2017,Exportacion,834,United Rep. of Tanzania,False,5984.353
2017,Exportacion,858,Uruguay,False,1432364.866
2017,Exportacion,842,USA,False,4616173282.101
2017,Exportacion,862,Venezuela,False,12769890.882
2017,Importacion,0,World,True,16352350364.383
2017,Importacion,8,Albania,False,12295.815
2017,Importacion,16,American Samoa,False,26479.733
2017,Importacion,32,Argentina,False,120463634.752
2017,Importacion,36,Australia,False,7024592.239
2017,Importacion,40,Austria,False,24459044.558
2017,Importacion,44,Bahamas,False,331956.88
2017,Importacion,48,Bahrain,False,28470.571
2017,Importacion,50,Bangladesh,False,14391935.645
2017,Importacion,51,Armenia,False,190121.891
2017,Importacion,52,Barbados,False,66936.248
2017,Importacion,56,Belgium,False,56700948.392
2017,Importacion,68,Bolivia (Plurinational State of),False,1173227.485
2017,Importacion,70,Bosnia Herzegovina,False,59274.119
2017,Importacion,72,Botswana,False,8222.881
2017,Importacion,74,Bouvet Island,False,957.416
2017,Importacion,76,Brazil,False,315161030.223
2017,Importacion,84,Belize,False,196742.729
2017,Importacion,86,Br. Indian Ocean Terr.,False,3287.793
2017,Importacion,92,Br. Virgin Isds,False,701713.389
2017,Importacion,100,Bulgaria,False,3132657.418
2017,Importacion,104,Myanmar,False,422872.394
2017,Importacion,120,Cameroon,False,8018.692
2017,Importacion,116,Cambodia,False,4565812.236
2017,Importacion,124,Canada,False,161071359.843
2017,Importacion,132,Cabo Verde,False,37.593
2017,Importacion,136,Cayman Isds,False,3590.416
2017,Importacion,140,Central African Rep.,False,3709.428
2017,Importacion,144,Sri Lanka,False,4447144.733
2017,Importacion,152,Chile,False,287728209.34
2017,Importacion,156,China,False,2142616943.166
2017,Importacion,166,Cocos Isds,False,11067.578
2017,Importacion,170,Colombia,False,307482875.862
2017,Importacion,174,Comoros,False,29571.49
2017,Importacion,178,Congo,False,5176.409
2017,Importacion,180,Dem. Rep. of the Congo,False,6874.872
2017,Importacion,191,Croatia,False,315311.085
2017,Importacion,192,Cuba,False,4669777.861
2017,Importacion,196,Cyprus,False,38454.082
2017,Importacion,204,Benin,False,113103.689
2017,Importacion,203,Czechia,False,8542562.13
2017,Importacion,208,Denmark,False,35967081.185
2017,Importacion,212,Dominica,False,24321.487
2017,Importacion,214,Dominican Rep.,False,61571047.092
2017,Importacion,218,Ecuador,False,31988905.641
2017,Importacion,234,Faroe Isds,False,2.957
2017,Importacion,233,Estonia,False,5572530.924
2017,Importacion,231,Ethiopia,False,17722.17
2017,Importacion,222,El Salvador,False,257477529.6
2017,Importacion,246,Finland,False,9347740.401
2017,Importacion,258,French Polynesia,False,13233.762
2017,Importacion,251,France,False,132672312.557
2017,Importacion,268,Georgia,False,11757.673
2017,Importacion,270,Gambia,False,6156.641
2017,Importacion,275,State of Palestine,False,30251.533
2017,Importacion,276,Germany,False,415365876.098
2017,Importacion,292,Gibraltar,False,501.997
2017,Importacion,296,Kiribati,False,9760.52
2017,Importacion,300,Greece,False,1665134.489
2017,Importacion,304,Greenland,False,1731.425
2017,Importacion,308,Grenada,False,4265.735
2017,Importacion,320,Guatemala,False,433341961.752
2017,Importacion,332,Haiti,False,382040.546
2017,Importacion,340,Honduras,False,103776730.254
2017,Importacion,344,"China, Hong Kong SAR",False,169820283.614
2017,Importacion,352,Iceland,False,2670132.834
2017,Importacion,348,Hungary,False,39273806.897
2017,Importacion,360,Indonesia,False,34065115.563
2017,Importacion,364,Iran,False,17658.649
2017,Importacion,368,Iraq,False,2026.152
2017,Importacion,372,Ireland,False,60796225.556
2017,Importacion,376,Israel,False,53201316.991
2017,Importacion,380,Italy,False,212243883.769
2017,Importacion,384,Côte d'Ivoire,False,11665.944
2017,Importacion,388,Jamaica,False,1467065.59
2017,Importacion,392,Japan,False,397506601.132
2017,Importacion,400,Jordan,False,393055.989
2017,Importacion,404,Kenya,False,82697.849
2017,Importacion,408,Dem. People's Rep. of Korea,False,1452628.913
2017,Importacion,410,Rep. of Korea,False,238467416.37
2017,Importacion,418,Lao People's Dem. Rep.,False,8182.506
2017,Importacion,426,Lesotho,False,48715.51
2017,Importacion,428,Latvia,False,2718167.305
2017,Importacion,440,Lithuania,False,7031421.155
2017,Importacion,442,Luxembourg,False,26661336.816
2017,Importacion,446,"China, Macao SAR",False,431530.94
2017,Importacion,450,Madagascar,False,114634.939
2017,Importacion,458,Malaysia,False,73925027.525
2017,Importacion,466,Mali,False,737.444
2017,Importacion,470,Malta,False,51612.535
2017,Importacion,478,Mauritania,False,1183.631
2017,Importacion,480,Mauritius,False,84949.027
2017,Importacion,484,Mexico,False,1152362474.527
2017,Importacion,490,"Other Asia, nes",False,108083484.591
2017,Importacion,498,Rep. of Moldova,False,19516.059
2017,Importacion,512,Oman,False,92282.676
2017,Importacion,524,Nepal,False,5817.523
2017,Importacion,504,Morocco,False,6017598.692
2017,Importacion,508,Mozambique,False,867843.013
2017,Importacion,516,Namibia,False,841.474
2017,Importacion,528,Netherlands,False,93045236.392
2017,Importacion,531,Curaçao,False,1947413.044
2017,Importacion,533,Aruba,False,817.517
2017,Importacion,554,New Zealand,False,9363068.89
2017,Importacion,558,Nicaragua,False,155832546.651
2017,Importacion,566,Nigeria,False,45042.073
2017,Importacion,579,Norway,False,3523396.344
2017,Importacion,586,Pakistan,False,8578946.354
2017,Importacion,591,Panama,False,275899659.359
2017,Importacion,600,Paraguay,False,6544919.65
2017,Importacion,604,Peru,False,66088595.41
2017,Importacion,608,Philippines,False,11924873.781
2017,Importacion,616,Poland,False,15509643.536
2017,Importacion,620,Portugal,False,11285993.108
2017,Importacion,626,Timor-Leste,False,4.99
2017,Importacion,634,Qatar,False,13217952.438
2017,Importacion,642,Romania,False,4497790.627
2017,Importacion,643,Russian Federation,False,40510618.001
2017,Importacion,686,Senegal,False,3704.674
2017,Importacion,688,Serbia,False,1096066.787
2017,Importacion,699,India,False,190564071.218
2017,Importacion,703,Slovakia,False,3119109.861
2017,Importacion,702,Singapore,False,58186721.823
2017,Importacion,704,Viet Nam,False,87272276.281
2017,Importacion,705,Slovenia,False,3182983.598
2017,Importacion,710,South Africa,False,6810462.117
2017,Importacion,724,Spain,False,289491369.261
2017,Importacion,740,Suriname,False,37034.389
2017,Importacion,748,Eswatini,False,26160.27
2017,Importacion,752,Sweden,False,47801642.509
2017,Importacion,757,Switzerland,False,156966114.648
2017,Importacion,764,Thailand,False,157431090.078
2017,Importacion,780,Trinidad and Tobago,False,10064233.123
2017,Importacion,784,United Arab Emirates,False,4079959.11
2017,Importacion,788,Tunisia,False,1013712.118
2017,Importacion,792,Türkiye,False,70480967.244
2017,Importacion,804,Ukraine,False,14180636.956
2017,Importacion,800,Uganda,False,5742.45
2017,Importacion,818,Egypt,False,2131970.012
2017,Importacion,807,North Macedonia,False,108960.005
2017,Importacion,834,United Rep. of Tanzania,False,42295.492
2017,Importacion,826,United Kingdom,False,129694699.215
2017,Importacion,842,USA,False,6273654592.593
2017,Importacion,858,Uruguay,False,35299265.801
2017,Importacion,862,Venezuela,False,26865101.057
2017,Importacion,894,Zambia,False,11392.34
2017,Importacion,899,"Areas, nes",False,509739825.292
2017,Importacion,4,Afghanistan,False,5259.214
2017,Importacion,10,Antarctica,False,107.624
2017,Importacion,12,Algeria,False,46510.614
2017,Importacion,20,Andorra,False,116380.618
2017,Importacion,24,Angola,False,783.313
2017,Importacion,28,Antigua and Barbuda,False,36205.463
2017,Importacion,31,Azerbaijan,False,305.56
2017,Importacion,60,Bermuda,False,6723.894
2017,Importacion,96,Brunei Darussalam,False,227.304
2017,Importacion,108,Burundi,False,1314.062
2017,Importacion,112,Belarus,False,5200790.343
2017,Importacion,148,Chad,False,58.274
2017,Importacion,162,Christmas Isds,False,2252.255
2017,Importacion,184,Cook Isds,False,903.147
2017,Importacion,238,Falkland Isds (Malvinas),False,785.264
2017,Importacion,232,Eritrea,False,135.452
2017,Importacion,242,Fiji,False,11279.438
2017,Importacion,239,South Georgia and the South Sandwich Islands,False,106.998
2017,Importacion,266,Gabon,False,176.957
2017,Importacion,260,Fr. South Antarctic Terr.,False,1560.331
2017,Importacion,288,Ghana,False,7198.084
2017,Importacion,324,Guinea,False,1126.271
2017,Importacion,328,Guyana,False,245410.627
2017,Importacion,398,Kazakhstan,False,62946.746
2017,Importacion,414,Kuwait,False,25775.775
2017,Importacion,422,Lebanon,False,62211.458
2017,Importacion,454,Malawi,False,1373.28
2017,Importacion,462,Maldives,False,61518.652
2017,Importacion,520,Naoero,False,12751.861
2017,Importacion,540,New Caledonia,False,310.869
2017,Importacion,548,Vanuatu,False,28.926
2017,Importacion,574,Norfolk Isds,False,1776.607
2017,Importacion,581,United States Minor Outlying Islands,False,16676.065
2017,Importacion,584,Marshall Isds,False,1818.862
2017,Importacion,585,Palau,False,1634.152
2017,Importacion,598,Papua New Guinea,False,103.979
2017,Importacion,612,Pitcairn,False,13692.159
2017,Importacion,624,Guinea-Bissau,False,137.988
2017,Importacion,659,Saint Kitts and Nevis,False,916.023
2017,Importacion,660,Anguilla,False,28.7
2017,Importacion,662,Saint Lucia,False,47299.903
2017,Importacion,674,San Marino,False,367.428
2017,Importacion,682,Saudi Arabia,False,3616484.689
2017,Importacion,690,Seychelles,False,33.157
2017,Importacion,694,Sierra Leone,False,1333.418
2017,Importacion,706,Somalia,False,2823.348
2017,Importacion,716,Zimbabwe,False,186.733
2017,Importacion,728,South Sudan,False,3225.699
2017,Importacion,729,Sudan,False,15079.312
2017,Importacion,732,Western Sahara,False,4.21
2017,Importacion,760,Syria,False,48802.351
2017,Importacion,762,Tajikistan,False,235.457
2017,Importacion,768,Togo,False,13020.998
2017,Importacion,772,Tokelau,False,426.913
2017,Importacion,796,Turks and Caicos Isds,False,6710.956
2017,Importacion,795,Turkmenistan,False,2034.665
2017,Importacion,860,Uzbekistan,False,774.236
2018,Exportacion,24,Angola,False,384929.0
2018,Exportacion,8,Albania,False,240305.89
2018,Exportacion,48,Bahrain,False,9480.0
2018,Exportacion,50,Bangladesh,False,190142.22
2018,Exportacion,51,Armenia,False,6840.0
2018,Exportacion,52,Barbados,False,8056354.65
2018,Exportacion,60,Bermuda,False,475788.58
2018,Exportacion,68,Bolivia (Plurinational State of),False,932004.0
2018,Exportacion,70,Bosnia Herzegovina,False,8400.0
2018,Exportacion,84,Belize,False,9667622.98
2018,Exportacion,90,Solomon Isds,False,10000.0
2018,Exportacion,92,Br. Virgin Isds,False,30787.88
2018,Exportacion,100,Bulgaria,False,24162.9
2018,Exportacion,112,Belarus,False,2330.0
2018,Exportacion,136,Cayman Isds,False,395772.62
2018,Exportacion,144,Sri Lanka,False,243.0
2018,Exportacion,191,Croatia,False,5178311.4
2018,Exportacion,180,Dem. Rep. of the Congo,False,6590.0
2018,Exportacion,178,Congo,False,9688.0
2018,Exportacion,196,Cyprus,False,46285.01
2018,Exportacion,203,Czechia,False,55117.18
2018,Exportacion,233,Estonia,False,44324.28
2018,Exportacion,242,Fiji,False,9720.0
2018,Exportacion,258,French Polynesia,False,1924.0
2018,Exportacion,266,Gabon,False,1476.0
2018,Exportacion,268,Georgia,False,219005.48
2018,Exportacion,270,Gambia,False,300.0
2018,Exportacion,288,Ghana,False,36494.63
2018,Exportacion,300,Greece,False,20603143.32
2018,Exportacion,316,Guam,False,19989.78
2018,Exportacion,348,Hungary,False,121761.47
2018,Exportacion,360,Indonesia,False,365043.23
2018,Exportacion,364,Iran,False,183592.86
2018,Exportacion,368,Iraq,False,585353.4
2018,Exportacion,384,Côte d'Ivoire,False,102756.68
2018,Exportacion,398,Kazakhstan,False,12900.0
2018,Exportacion,400,Jordan,False,112379.67
2018,Exportacion,408,Dem. People's Rep. of Korea,False,440.0
2018,Exportacion,414,Kuwait,False,10212.38
2018,Exportacion,418,Lao People's Dem. Rep.,False,312681.2
2018,Exportacion,422,Lebanon,False,1228522.44
2018,Exportacion,434,Libya,False,1740503.04
2018,Exportacion,440,Lithuania,False,5202947.61
2018,Exportacion,442,Luxembourg,False,2928041.83
2018,Exportacion,450,Madagascar,False,1641.4
2018,Exportacion,466,Mali,False,27601.16
2018,Exportacion,470,Malta,False,414205.22
2018,Exportacion,480,Mauritius,False,42246.07
2018,Exportacion,498,Rep. of Moldova,False,1.0
2018,Exportacion,499,Montenegro,False,1970072.47
2018,Exportacion,504,Morocco,False,2550880.19
2018,Exportacion,512,Oman,False,223694.61
2018,Exportacion,534,Saint Maarten,False,531767.61
2018,Exportacion,535,Bonaire,False,2185.0
2018,Exportacion,548,Vanuatu,False,1910.7
2018,Exportacion,554,New Zealand,False,2864951.7
2018,Exportacion,566,Nigeria,False,146733.0
2018,Exportacion,586,Pakistan,False,1111084.77
2018,Exportacion,583,FS Micronesia,False,1120.0
2018,Exportacion,579,Norway,False,19955747.22
2018,Exportacion,598,Papua New Guinea,False,14509.0
2018,Exportacion,600,Paraguay,False,428859.24
2018,Exportacion,616,Poland,False,7322872.51
2018,Exportacion,624,Guinea-Bissau,False,4624.02
2018,Exportacion,634,Qatar,False,231175.78
2018,Exportacion,660,Anguilla,False,7420.0
2018,Exportacion,662,Saint Lucia,False,1887763.88
2018,Exportacion,674,San Marino,False,10600.0
2018,Exportacion,682,Saudi Arabia,False,4173586.93
2018,Exportacion,688,Serbia,False,151697.72
2018,Exportacion,694,Sierra Leone,False,11010.0
2018,Exportacion,703,Slovakia,False,420458.94
2018,Exportacion,705,Slovenia,False,12565440.99
2018,Exportacion,710,South Africa,False,2182704.23
2018,Exportacion,740,Suriname,False,7891078.73
2018,Exportacion,748,Eswatini,False,297612.0
2018,Exportacion,757,Switzerland,False,3860816.48
2018,Exportacion,760,Syria,False,12398.2
2018,Exportacion,764,Thailand,False,19125580.19
2018,Exportacion,768,Togo,False,10535.0
2018,Exportacion,788,Tunisia,False,1734231.89
2018,Exportacion,792,Türkiye,False,24243215.94
2018,Exportacion,800,Uganda,False,6427.5
2018,Exportacion,804,Ukraine,False,23975317.93
2018,Exportacion,818,Egypt,False,38746.5
2018,Exportacion,834,United Rep. of Tanzania,False,28890.0
2018,Exportacion,854,Burkina Faso,False,437065.9
2018,Exportacion,894,Zambia,False,106747.0
2018,Exportacion,899,"Areas, nes",False,79020.59
2018,Exportacion,28,Antigua and Barbuda,False,495497.06
2018,Exportacion,0,World,True,11251781448.19
2018,Exportacion,32,Argentina,False,11061481.47
2018,Exportacion,36,Australia,False,27372554.56
2018,Exportacion,40,Austria,False,217849.25
2018,Exportacion,44,Bahamas,False,10160447.2
2018,Exportacion,56,Belgium,False,675369117.51
2018,Exportacion,76,Brazil,False,41596879.91
2018,Exportacion,120,Cameroon,False,117306.48
2018,Exportacion,124,Canada,False,80371161.44
2018,Exportacion,152,Chile,False,33012782.64
2018,Exportacion,156,China,False,198687836.74
2018,Exportacion,170,Colombia,False,55754586.98
2018,Exportacion,192,Cuba,False,31481403.35
2018,Exportacion,208,Denmark,False,8237787.48
2018,Exportacion,212,Dominica,False,657448.77
2018,Exportacion,214,Dominican Rep.,False,242284369.76
2018,Exportacion,218,Ecuador,False,40344845.55
2018,Exportacion,222,El Salvador,False,295756381.55
2018,Exportacion,246,Finland,False,34929572.32
2018,Exportacion,251,France,False,64177935.16
2018,Exportacion,276,Germany,False,128820196.6
2018,Exportacion,308,Grenada,False,2197819.54
2018,Exportacion,320,Guatemala,False,570941866.79
2018,Exportacion,328,Guyana,False,9763039.14
2018,Exportacion,332,Haiti,False,28146041.94
2018,Exportacion,340,Honduras,False,394184975.89
2018,Exportacion,344,"China, Hong Kong SAR",False,83255141.26
2018,Exportacion,372,Ireland,False,88799830.72
2018,Exportacion,376,Israel,False,8402988.2
2018,Exportacion,380,Italy,False,178723611.28
2018,Exportacion,388,Jamaica,False,59715199.57
2018,Exportacion,392,Japan,False,240770435.82
2018,Exportacion,404,Kenya,False,416808.8
2018,Exportacion,410,Rep. of Korea,False,36241175.6
2018,Exportacion,428,Latvia,False,465925.86
2018,Exportacion,458,Malaysia,False,5232501.2
2018,Exportacion,484,Mexico,False,284997910.57
2018,Exportacion,490,"Other Asia, nes",False,29784986.31
2018,Exportacion,531,Curaçao,False,4478899.11
2018,Exportacion,528,Netherlands,False,679000695.92
2018,Exportacion,533,Aruba,False,19842029.79
2018,Exportacion,540,New Caledonia,False,35386.24
2018,Exportacion,558,Nicaragua,False,481188823.49
2018,Exportacion,584,Marshall Isds,False,12273.29
2018,Exportacion,591,Panama,False,580683324.74
2018,Exportacion,604,Peru,False,20662188.81
2018,Exportacion,608,Philippines,False,2837484.28
2018,Exportacion,620,Portugal,False,52549610.96
2018,Exportacion,642,Romania,False,729089.27
2018,Exportacion,643,Russian Federation,False,31694435.46
2018,Exportacion,659,Saint Kitts and Nevis,False,212443.15
2018,Exportacion,670,Saint Vincent and the Grenadines,False,185726.82
2018,Exportacion,699,India,False,36014596.69
2018,Exportacion,702,Singapore,False,20854099.06
2018,Exportacion,704,Viet Nam,False,14567348.28
2018,Exportacion,724,Spain,False,176617922.43
2018,Exportacion,752,Sweden,False,35872353.81
2018,Exportacion,780,Trinidad and Tobago,False,53597046.9
2018,Exportacion,784,United Arab Emirates,False,2820668.76
2018,Exportacion,826,United Kingdom,False,202205604.84
2018,Exportacion,842,USA,False,4624930971.97
2018,Exportacion,858,Uruguay,False,1590876.46
2018,Exportacion,862,Venezuela,False,4968929.57
2018,Importacion,0,World,True,16563019255.69
2018,Importacion,4,Afghanistan,False,6563.84
2018,Importacion,8,Albania,False,109103.45
2018,Importacion,20,Andorra,False,33189.67
2018,Importacion,16,American Samoa,False,136738.04
2018,Importacion,32,Argentina,False,110626045.58
2018,Importacion,36,Australia,False,6923691.72
2018,Importacion,40,Austria,False,25879458.33
2018,Importacion,44,Bahamas,False,6418655.86
2018,Importacion,48,Bahrain,False,1347472.43
2018,Importacion,51,Armenia,False,49071.8
2018,Importacion,52,Barbados,False,289131.42
2018,Importacion,50,Bangladesh,False,16291432.64
2018,Importacion,56,Belgium,False,66852642.47
2018,Importacion,60,Bermuda,False,1048.55
2018,Importacion,68,Bolivia (Plurinational State of),False,3345371.24
2018,Importacion,70,Bosnia Herzegovina,False,99628.39
2018,Importacion,76,Brazil,False,349801074.12
2018,Importacion,84,Belize,False,247171.6
2018,Importacion,86,Br. Indian Ocean Terr.,False,3237.63
2018,Importacion,90,Solomon Isds,False,216.06
2018,Importacion,92,Br. Virgin Isds,False,12403496.47
2018,Importacion,100,Bulgaria,False,2806809.88
2018,Importacion,104,Myanmar,False,844766.24
2018,Importacion,116,Cambodia,False,5314549.91
2018,Importacion,124,Canada,False,152353804.71
2018,Importacion,132,Cabo Verde,False,460.05
2018,Importacion,136,Cayman Isds,False,412248.21
2018,Importacion,148,Chad,False,2208.51
2018,Importacion,144,Sri Lanka,False,4516947.82
2018,Importacion,152,Chile,False,279287083.55
2018,Importacion,156,China,False,2271148007.92
2018,Importacion,162,Christmas Isds,False,22.17
2018,Importacion,170,Colombia,False,307671797.99
2018,Importacion,174,Comoros,False,4234.91
2018,Importacion,180,Dem. Rep. of the Congo,False,1814570.51
2018,Importacion,191,Croatia,False,196786.41
2018,Importacion,192,Cuba,False,250999.35
2018,Importacion,196,Cyprus,False,54672.78
2018,Importacion,203,Czechia,False,10352837.98
2018,Importacion,208,Denmark,False,36233249.74
2018,Importacion,212,Dominica,False,97150.91
2018,Importacion,214,Dominican Rep.,False,36116805.97
2018,Importacion,218,Ecuador,False,35115186.8
2018,Importacion,231,Ethiopia,False,22412.94
2018,Importacion,233,Estonia,False,1896996.27
2018,Importacion,222,El Salvador,False,242259429.33
2018,Importacion,246,Finland,False,14455060.57
2018,Importacion,251,France,False,125215564.18
2018,Importacion,258,French Polynesia,False,16340.13
2018,Importacion,275,State of Palestine,False,2496.82
2018,Importacion,268,Georgia,False,772296.1
2018,Importacion,266,Gabon,False,65.91
2018,Importacion,270,Gambia,False,12209.95
2018,Importacion,276,Germany,False,414751836.67
2018,Importacion,288,Ghana,False,3862.64
2018,Importacion,300,Greece,False,2507018.36
2018,Importacion,308,Grenada,False,3.04
2018,Importacion,320,Guatemala,False,415226096.54
2018,Importacion,324,Guinea,False,1623.49
2018,Importacion,332,Haiti,False,460447.19
2018,Importacion,340,Honduras,False,109741750.91
2018,Importacion,344,"China, Hong Kong SAR",False,290057017.45
2018,Importacion,348,Hungary,False,33032906.43
2018,Importacion,352,Iceland,False,1208232.62
2018,Importacion,360,Indonesia,False,35104001.28
2018,Importacion,372,Ireland,False,57518284.77
2018,Importacion,376,Israel,False,45386847.91
2018,Importacion,380,Italy,False,214566430.88
2018,Importacion,384,Côte d'Ivoire,False,4618.59
2018,Importacion,388,Jamaica,False,1321462.7
2018,Importacion,392,Japan,False,372114334.29
2018,Importacion,398,Kazakhstan,False,134565.72
2018,Importacion,400,Jordan,False,456658.12
2018,Importacion,404,Kenya,False,113449.45
2018,Importacion,408,Dem. People's Rep. of Korea,False,1243390.51
2018,Importacion,426,Lesotho,False,26953.7
2018,Importacion,428,Latvia,False,2013816.19
2018,Importacion,418,Lao People's Dem. Rep.,False,40576.46
2018,Importacion,410,Rep. of Korea,False,189182932.55
2018,Importacion,440,Lithuania,False,7563478.67
2018,Importacion,442,Luxembourg,False,14207363.82
2018,Importacion,446,"China, Macao SAR",False,821049.7
2018,Importacion,450,Madagascar,False,90369.67
2018,Importacion,470,Malta,False,359761.64
2018,Importacion,478,Mauritania,False,283.44
2018,Importacion,466,Mali,False,144.14
2018,Importacion,458,Malaysia,False,67948014.58
2018,Importacion,480,Mauritius,False,21878237.28
2018,Importacion,484,Mexico,False,1166907275.26
2018,Importacion,504,Morocco,False,4643746.16
2018,Importacion,498,Rep. of Moldova,False,14409.07
2018,Importacion,490,"Other Asia, nes",False,110933072.02
2018,Importacion,508,Mozambique,False,68142.98
2018,Importacion,512,Oman,False,2434379.44
2018,Importacion,516,Namibia,False,1163.23
2018,Importacion,524,Nepal,False,7586.29
2018,Importacion,531,Curaçao,False,144148.64
2018,Importacion,528,Netherlands,False,89875551.3
2018,Importacion,533,Aruba,False,11276.73
2018,Importacion,540,New Caledonia,False,5898.0
2018,Importacion,554,New Zealand,False,12043411.28
2018,Importacion,558,Nicaragua,False,149060099.87
2018,Importacion,566,Nigeria,False,101421.81
2018,Importacion,579,Norway,False,4753366.3
2018,Importacion,586,Pakistan,False,8040880.52
2018,Importacion,591,Panama,False,219765719.99
2018,Importacion,600,Paraguay,False,7687422.74
2018,Importacion,604,Peru,False,66008383.1
2018,Importacion,608,Philippines,False,12604398.69
2018,Importacion,616,Poland,False,16585369.97
2018,Importacion,620,Portugal,False,18188204.39
2018,Importacion,634,Qatar,False,11752073.31
2018,Importacion,642,Romania,False,3245848.48
2018,Importacion,643,Russian Federation,False,78668769.83
2018,Importacion,674,San Marino,False,2935.96
2018,Importacion,678,Sao Tome and Principe,False,14.89
2018,Importacion,682,Saudi Arabia,False,5418755.48
2018,Importacion,686,Senegal,False,2238.97
2018,Importacion,688,Serbia,False,1152038.94
2018,Importacion,690,Seychelles,False,1024046.67
2018,Importacion,699,India,False,177250254.11
2018,Importacion,703,Slovakia,False,2734392.03
2018,Importacion,702,Singapore,False,65236064.03
2018,Importacion,704,Viet Nam,False,65149405.92
2018,Importacion,705,Slovenia,False,3780071.13
2018,Importacion,706,Somalia,False,3149.05
2018,Importacion,710,South Africa,False,5830574.92
2018,Importacion,740,Suriname,False,78.01
2018,Importacion,724,Spain,False,259688957.29
2018,Importacion,748,Eswatini,False,46524.29
2018,Importacion,752,Sweden,False,47292083.76
2018,Importacion,757,Switzerland,False,156041935.99
2018,Importacion,760,Syria,False,15936.63
2018,Importacion,762,Tajikistan,False,3256.35
2018,Importacion,764,Thailand,False,107956957.66
2018,Importacion,780,Trinidad and Tobago,False,9170507.46
2018,Importacion,784,United Arab Emirates,False,40581947.47
2018,Importacion,788,Tunisia,False,657895.28
2018,Importacion,792,Türkiye,False,84804746.47
2018,Importacion,795,Turkmenistan,False,134.5
2018,Importacion,804,Ukraine,False,31970561.38
2018,Importacion,818,Egypt,False,2137320.19
2018,Importacion,826,United Kingdom,False,125192338.89
2018,Importacion,834,United Rep. of Tanzania,False,32713.61
2018,Importacion,842,USA,False,6476089799.56
2018,Importacion,858,Uruguay,False,38960906.44
2018,Importacion,862,Venezuela,False,17136443.69
2018,Importacion,894,Zambia,False,12071.45
2018,Importacion,899,"Areas, nes",False,412006858.64
2018,Importacion,10,Antarctica,False,160.32
2018,Importacion,12,Algeria,False,1311633.16
2018,Importacion,31,Azerbaijan,False,245.19
2018,Importacion,28,Antigua and Barbuda,False,10554.63
2018,Importacion,24,Angola,False,14702.8
2018,Importacion,72,Botswana,False,49697.85
2018,Importacion,112,Belarus,False,7194461.87
2018,Importacion,120,Cameroon,False,7473.94
2018,Importacion,140,Central African Rep.,False,32779.86
2018,Importacion,166,Cocos Isds,False,17722.71
2018,Importacion,178,Congo,False,1611.38
2018,Importacion,184,Cook Isds,False,52197.03
2018,Importacion,242,Fiji,False,60825.37
2018,Importacion,232,Eritrea,False,405.14
2018,Importacion,238,Falkland Isds (Malvinas),False,199810.07
2018,Importacion,260,Fr. South Antarctic Terr.,False,58839.12
2018,Importacion,262,Djibouti,False,25000.0
2018,Importacion,292,Gibraltar,False,21486.39
2018,Importacion,296,Kiribati,False,376.43
2018,Importacion,304,Greenland,False,891.91
2018,Importacion,328,Guyana,False,2957100.82
2018,Importacion,334,Heard Island and McDonald Islands,False,3905.7
2018,Importacion,368,Iraq,False,1134.27
2018,Importacion,364,Iran,False,151068.63
2018,Importacion,422,Lebanon,False,55846.47
2018,Importacion,417,Kyrgyzstan,False,379.63
2018,Importacion,414,Kuwait,False,6995.46
2018,Importacion,454,Malawi,False,35924.78
2018,Importacion,462,Maldives,False,244609.03
2018,Importacion,496,Mongolia,False,69712.23
2018,Importacion,520,Naoero,False,658.04
2018,Importacion,535,Bonaire,False,643.67
2018,Importacion,574,Norfolk Isds,False,1845.55
2018,Importacion,585,Palau,False,2267.87
2018,Importacion,598,Papua New Guinea,False,25663.6
2018,Importacion,646,Rwanda,False,69.22
2018,Importacion,659,Saint Kitts and Nevis,False,42.96
2018,Importacion,670,Saint Vincent and the Grenadines,False,75948.75
2018,Importacion,694,Sierra Leone,False,4974.39
2018,Importacion,716,Zimbabwe,False,34029.34
2018,Importacion,728,South Sudan,False,1355.85
2018,Importacion,772,Tokelau,False,3386.2
2018,Importacion,796,Turks and Caicos Isds,False,1040.56
2018,Importacion,800,Uganda,False,1452.24
2018,Importacion,854,Burkina Faso,False,1018.64
2018,Importacion,860,Uzbekistan,False,141005.7
2018,Importacion,882,Samoa,False,27.18
2019,Exportacion,8,Albania,False,1081230.44
2019,Exportacion,152,Chile,False,28252020.21
2019,Exportacion,104,Myanmar,False,46724.0
2019,Exportacion,208,Denmark,False,6908581.53
2019,Exportacion,60,Bermuda,False,1211105.93
2019,Exportacion,48,Bahrain,False,39314.0
2019,Exportacion,203,Czechia,False,549331.45
2019,Exportacion,12,Algeria,False,54541.08
2019,Exportacion,170,Colombia,False,62297476.77
2019,Exportacion,52,Barbados,False,9447024.85
2019,Exportacion,92,Br. Virgin Isds,False,115792.2
2019,Exportacion,68,Bolivia (Plurinational State of),False,965039.9
2019,Exportacion,156,China,False,122060086.76
2019,Exportacion,218,Ecuador,False,37613861.69
2019,Exportacion,116,Cambodia,False,7340.0
2019,Exportacion,40,Austria,False,393028.57
2019,Exportacion,28,Antigua and Barbuda,False,609552.6
2019,Exportacion,196,Cyprus,False,32624.0
2019,Exportacion,136,Cayman Isds,False,516698.08
2019,Exportacion,36,Australia,False,27453588.29
2019,Exportacion,16,American Samoa,False,281.28
2019,Exportacion,76,Brazil,False,19992308.96
2019,Exportacion,214,Dominican Rep.,False,233785002.57
2019,Exportacion,0,World,True,11451993076.87
2019,Exportacion,144,Sri Lanka,False,19240.0
2019,Exportacion,212,Dominica,False,900400.51
2019,Exportacion,191,Croatia,False,1203437.5
2019,Exportacion,32,Argentina,False,13681358.61
2019,Exportacion,24,Angola,False,72882.25
2019,Exportacion,124,Canada,False,105314635.23
2019,Exportacion,204,Benin,False,5400.0
2019,Exportacion,178,Congo,False,10443.95
2019,Exportacion,56,Belgium,False,706370052.65
2019,Exportacion,70,Bosnia Herzegovina,False,18024.0
2019,Exportacion,108,Burundi,False,720.0
2019,Exportacion,120,Cameroon,False,101305.5
2019,Exportacion,112,Belarus,False,9147.92
2019,Exportacion,44,Bahamas,False,12892855.21
2019,Exportacion,50,Bangladesh,False,552212.93
2019,Exportacion,84,Belize,False,8034188.89
2019,Exportacion,51,Armenia,False,17400.0
2019,Exportacion,192,Cuba,False,34532139.28
2019,Exportacion,100,Bulgaria,False,20570.6
2019,Exportacion,528,Netherlands,False,720812583.99
2019,Exportacion,428,Latvia,False,526969.45
2019,Exportacion,604,Peru,False,17259903.32
2019,Exportacion,862,Venezuela,False,6448014.44
2019,Exportacion,740,Suriname,False,7430390.22
2019,Exportacion,512,Oman,False,49985.0
2019,Exportacion,410,Rep. of Korea,False,32900674.88
2019,Exportacion,804,Ukraine,False,24606302.1
2019,Exportacion,340,Honduras,False,394846531.39
2019,Exportacion,531,Curaçao,False,4064162.04
2019,Exportacion,434,Libya,False,1613121.8
2019,Exportacion,800,Uganda,False,28770.0
2019,Exportacion,616,Poland,False,8603897.58
2019,Exportacion,332,Haiti,False,16337218.09
2019,Exportacion,308,Grenada,False,2291362.81
2019,Exportacion,380,Italy,False,165060438.4
2019,Exportacion,266,Gabon,False,1420.0
2019,Exportacion,534,Saint Maarten,False,236770.94
2019,Exportacion,508,Mozambique,False,79450.91
2019,Exportacion,458,Malaysia,False,6657325.52
2019,Exportacion,344,"China, Hong Kong SAR",False,87767416.86
2019,Exportacion,682,Saudi Arabia,False,8842132.17
2019,Exportacion,646,Rwanda,False,720.0
2019,Exportacion,258,French Polynesia,False,205818.0
2019,Exportacion,826,United Kingdom,False,222184291.73
2019,Exportacion,364,Iran,False,163820.6
2019,Exportacion,702,Singapore,False,52121775.91
2019,Exportacion,300,Greece,False,11618440.17
2019,Exportacion,231,Ethiopia,False,27689.8
2019,Exportacion,246,Finland,False,16859114.39
2019,Exportacion,328,Guyana,False,11475634.42
2019,Exportacion,414,Kuwait,False,20137.57
2019,Exportacion,368,Iraq,False,2875968.43
2019,Exportacion,724,Spain,False,175965468.3
2019,Exportacion,558,Nicaragua,False,453334193.35
2019,Exportacion,442,Luxembourg,False,14961.68
2019,Exportacion,768,Togo,False,11304.0
2019,Exportacion,400,Jordan,False,108761.17
2019,Exportacion,842,USA,False,4849088225.97
2019,Exportacion,540,New Caledonia,False,61262.54
2019,Exportacion,688,Serbia,False,191041.5
2019,Exportacion,233,Estonia,False,118923.11
2019,Exportacion,275,State of Palestine,False,133.2
2019,Exportacion,398,Kazakhstan,False,8768.73
2019,Exportacion,662,Saint Lucia,False,2137919.33
2019,Exportacion,608,Philippines,False,4144957.77
2019,Exportacion,788,Tunisia,False,4077667.58
2019,Exportacion,818,Egypt,False,13861.78
2019,Exportacion,392,Japan,False,243809850.91
2019,Exportacion,504,Morocco,False,3166656.9
2019,Exportacion,533,Aruba,False,21605793.12
2019,Exportacion,699,India,False,33486381.67
2019,Exportacion,752,Sweden,False,16345537.24
2019,Exportacion,242,Fiji,False,26355.0
2019,Exportacion,376,Israel,False,11185230.58
2019,Exportacion,899,"Areas, nes",False,65814.0
2019,Exportacion,222,El Salvador,False,309334634.61
2019,Exportacion,251,France,False,50504878.93
2019,Exportacion,598,Papua New Guinea,False,122248.76
2019,Exportacion,703,Slovakia,False,190361.21
2019,Exportacion,704,Viet Nam,False,9912197.16
2019,Exportacion,430,Liberia,False,1933.48
2019,Exportacion,600,Paraguay,False,700676.89
2019,Exportacion,579,Norway,False,21171549.11
2019,Exportacion,499,Montenegro,False,2358085.23
2019,Exportacion,591,Panama,False,591617066.34
2019,Exportacion,643,Russian Federation,False,27890608.99
2019,Exportacion,854,Burkina Faso,False,287812.68
2019,Exportacion,858,Uruguay,False,1760887.26
2019,Exportacion,566,Nigeria,False,468175.0
2019,Exportacion,882,Samoa,False,6660.0
2019,Exportacion,659,Saint Kitts and Nevis,False,173498.03
2019,Exportacion,784,United Arab Emirates,False,1673487.3
2019,Exportacion,710,South Africa,False,4207772.13
2019,Exportacion,388,Jamaica,False,64590127.85
2019,Exportacion,454,Malawi,False,7800.0
2019,Exportacion,620,Portugal,False,51368304.39
2019,Exportacion,670,Saint Vincent and the Grenadines,False,325574.63
2019,Exportacion,372,Ireland,False,79587955.99
2019,Exportacion,660,Anguilla,False,3600.0
2019,Exportacion,348,Hungary,False,4108953.19
2019,Exportacion,586,Pakistan,False,152210.68
2019,Exportacion,834,United Rep. of Tanzania,False,179600.0
2019,Exportacion,757,Switzerland,False,6562400.24
2019,Exportacion,276,Germany,False,167647760.43
2019,Exportacion,360,Indonesia,False,524003.13
2019,Exportacion,705,Slovenia,False,7026452.69
2019,Exportacion,404,Kenya,False,550548.96
2019,Exportacion,470,Malta,False,385465.78
2019,Exportacion,860,Uzbekistan,False,4997.0
2019,Exportacion,764,Thailand,False,15758245.58
2019,Exportacion,288,Ghana,False,94539.8
2019,Exportacion,316,Guam,False,26571.07
2019,Exportacion,422,Lebanon,False,1067991.52
2019,Exportacion,694,Sierra Leone,False,25526.0
2019,Exportacion,554,New Zealand,False,3133655.46
2019,Exportacion,686,Senegal,False,272959.0
2019,Exportacion,642,Romania,False,648410.8
2019,Exportacion,894,Zambia,False,108350.0
2019,Exportacion,384,Côte d'Ivoire,False,346064.4
2019,Exportacion,484,Mexico,False,225730519.95
2019,Exportacion,792,Türkiye,False,36959267.03
2019,Exportacion,634,Qatar,False,225776.12
2019,Exportacion,490,"Other Asia, nes",False,26608961.7
2019,Exportacion,268,Georgia,False,167993.6
2019,Exportacion,320,Guatemala,False,595427859.37
2019,Exportacion,440,Lithuania,False,1835598.07
2019,Exportacion,780,Trinidad and Tobago,False,57970206.78
2019,Importacion,74,Bouvet Island,False,2216.3
2019,Importacion,51,Armenia,False,578.44
2019,Importacion,104,Myanmar,False,1097322.49
2019,Importacion,112,Belarus,False,6374414.01
2019,Importacion,44,Bahamas,False,1242416.59
2019,Importacion,120,Cameroon,False,830.43
2019,Importacion,84,Belize,False,155171.52
2019,Importacion,100,Bulgaria,False,2441471.45
2019,Importacion,68,Bolivia (Plurinational State of),False,1214795.73
2019,Importacion,20,Andorra,False,6486.8
2019,Importacion,132,Cabo Verde,False,690.04
2019,Importacion,76,Brazil,False,348364439.38
2019,Importacion,40,Austria,False,24570058.07
2019,Importacion,166,Cocos Isds,False,3726.55
2019,Importacion,52,Barbados,False,41632.74
2019,Importacion,124,Canada,False,159798902.95
2019,Importacion,108,Burundi,False,6.73
2019,Importacion,31,Azerbaijan,False,1159.35
2019,Importacion,36,Australia,False,6208745.61
2019,Importacion,28,Antigua and Barbuda,False,3967.93
2019,Importacion,70,Bosnia Herzegovina,False,99924.08
2019,Importacion,16,American Samoa,False,39713.46
2019,Importacion,48,Bahrain,False,20292.19
2019,Importacion,60,Bermuda,False,25528.5
2019,Importacion,32,Argentina,False,130201605.84
2019,Importacion,148,Chad,False,12.14
2019,Importacion,140,Central African Rep.,False,3791.04
2019,Importacion,56,Belgium,False,62224144.03
2019,Importacion,24,Angola,False,134.88
2019,Importacion,144,Sri Lanka,False,5239258.92
2019,Importacion,12,Algeria,False,4102761.87
2019,Importacion,72,Botswana,False,26191.06
2019,Importacion,0,World,True,16106274382.32
2019,Importacion,96,Brunei Darussalam,False,10076.6
2019,Importacion,50,Bangladesh,False,17377520.1
2019,Importacion,152,Chile,False,198993909.52
2019,Importacion,8,Albania,False,124213.69
2019,Importacion,92,Br. Virgin Isds,False,485009.23
2019,Importacion,4,Afghanistan,False,11388.49
2019,Importacion,86,Br. Indian Ocean Terr.,False,332.57
2019,Importacion,116,Cambodia,False,6664324.55
2019,Importacion,64,Bhutan,False,15740.51
2019,Importacion,156,China,False,2123512275.39
2019,Importacion,136,Cayman Isds,False,4067845.38
2019,Importacion,214,Dominican Rep.,False,35274575.48
2019,Importacion,352,Iceland,False,334867.2
2019,Importacion,634,Qatar,False,8770561.83
2019,Importacion,642,Romania,False,3595276.22
2019,Importacion,757,Switzerland,False,164488534.83
2019,Importacion,760,Syria,False,21341.58
2019,Importacion,752,Sweden,False,47170884.11
2019,Importacion,180,Dem. Rep. of the Congo,False,24155.63
2019,Importacion,222,El Salvador,False,232323303.12
2019,Importacion,296,Kiribati,False,7.44
2019,Importacion,316,Guam,False,1078.51
2019,Importacion,466,Mali,False,244.7
2019,Importacion,434,Libya,False,69.98
2019,Importacion,600,Paraguay,False,10032036.62
2019,Importacion,800,Uganda,False,6312.18
2019,Importacion,768,Togo,False,36152.56
2019,Importacion,876,Wallis and Futuna Isds,False,355.72
2019,Importacion,724,Spain,False,258465253.82
2019,Importacion,212,Dominica,False,114993.73
2019,Importacion,184,Cook Isds,False,26.41
2019,Importacion,246,Finland,False,13753338.4
2019,Importacion,300,Greece,False,3773495.03
2019,Importacion,426,Lesotho,False,11635.16
2019,Importacion,586,Pakistan,False,7667931.65
2019,Importacion,704,Viet Nam,False,86658893.96
2019,Importacion,702,Singapore,False,65171426.1
2019,Importacion,740,Suriname,False,20275.58
2019,Importacion,288,Ghana,False,489522.82
2019,Importacion,251,France,False,123390081.01
2019,Importacion,308,Grenada,False,920.23
2019,Importacion,364,Iran,False,10220.92
2019,Importacion,520,Naoero,False,638.62
2019,Importacion,670,Saint Vincent and the Grenadines,False,21098.4
2019,Importacion,792,Türkiye,False,70467962.41
2019,Importacion,729,Sudan,False,10675.0
2019,Importacion,858,Uruguay,False,41051819.87
2019,Importacion,616,Poland,False,14615249.73
2019,Importacion,268,Georgia,False,74972.25
2019,Importacion,174,Comoros,False,10578.94
2019,Importacion,458,Malaysia,False,79091241.53
2019,Importacion,533,Aruba,False,1419.88
2019,Importacion,659,Saint Kitts and Nevis,False,1683.86
2019,Importacion,705,Slovenia,False,3364971.35
2019,Importacion,748,Eswatini,False,8262.25
2019,Importacion,772,Tokelau,False,1163.13
2019,Importacion,348,Hungary,False,40715123.59
2019,Importacion,332,Haiti,False,411747.46
2019,Importacion,344,"China, Hong Kong SAR",False,227310600.72
2019,Importacion,388,Jamaica,False,1235559.95
2019,Importacion,528,Netherlands,False,242467034.24
2019,Importacion,608,Philippines,False,10912805.93
2019,Importacion,804,Ukraine,False,60646389.83
2019,Importacion,826,United Kingdom,False,122971132.82
2019,Importacion,899,"Areas, nes",False,506161148.19
2019,Importacion,699,India,False,175769087.23
2019,Importacion,340,Honduras,False,116812690.64
2019,Importacion,368,Iraq,False,205.92
2019,Importacion,422,Lebanon,False,36955.31
2019,Importacion,764,Thailand,False,105212420.74
2019,Importacion,417,Kyrgyzstan,False,14.38
2019,Importacion,454,Malawi,False,29267.15
2019,Importacion,178,Congo,False,42608.68
2019,Importacion,508,Mozambique,False,30898.46
2019,Importacion,620,Portugal,False,13781469.52
2019,Importacion,762,Tajikistan,False,10114.03
2019,Importacion,780,Trinidad and Tobago,False,8241306.06
2019,Importacion,480,Mauritius,False,114579.76
2019,Importacion,579,Norway,False,11379761.93
2019,Importacion,690,Seychelles,False,15296.59
2019,Importacion,626,Timor-Leste,False,773.8
2019,Importacion,276,Germany,False,384581628.86
2019,Importacion,238,Falkland Isds (Malvinas),False,66628.73
2019,Importacion,380,Italy,False,195475288.15
2019,Importacion,410,Rep. of Korea,False,165983979.78
2019,Importacion,580,N. Mariana Isds,False,12188.82
2019,Importacion,554,New Zealand,False,7149130.18
2019,Importacion,558,Nicaragua,False,157053004.1
2019,Importacion,706,Somalia,False,2753.41
2019,Importacion,196,Cyprus,False,12209.18
2019,Importacion,275,State of Palestine,False,47423.59
2019,Importacion,574,Norfolk Isds,False,2345.68
2019,Importacion,894,Zambia,False,233180.78
2019,Importacion,204,Benin,False,3.54
2019,Importacion,624,Guinea-Bissau,False,13817.71
2019,Importacion,404,Kenya,False,126163.87
2019,Importacion,442,Luxembourg,False,1492493.98
2019,Importacion,462,Maldives,False,830750.27
2019,Importacion,446,"China, Macao SAR",False,14235.75
2019,Importacion,440,Lithuania,False,79395896.67
2019,Importacion,548,Vanuatu,False,8.94
2019,Importacion,384,Côte d'Ivoire,False,816.05
2019,Importacion,682,Saudi Arabia,False,2784934.16
2019,Importacion,408,Dem. People's Rep. of Korea,False,7578158.78
2019,Importacion,328,Guyana,False,810625.06
2019,Importacion,643,Russian Federation,False,65404708.29
2019,Importacion,428,Latvia,False,1274787.17
2019,Importacion,203,Czechia,False,9680313.27
2019,Importacion,233,Estonia,False,2507162.07
2019,Importacion,504,Morocco,False,5265041.45
2019,Importacion,688,Serbia,False,1053459.16
2019,Importacion,360,Indonesia,False,32468905.58
2019,Importacion,218,Ecuador,False,28460403.48
2019,Importacion,170,Colombia,False,318160612.92
2019,Importacion,376,Israel,False,43975350.93
2019,Importacion,470,Malta,False,228900.39
2019,Importacion,400,Jordan,False,539841.36
2019,Importacion,531,Curaçao,False,13011374.22
2019,Importacion,498,Rep. of Moldova,False,15884.49
2019,Importacion,796,Turks and Caicos Isds,False,2970.95
2019,Importacion,882,Samoa,False,1720.71
2019,Importacion,418,Lao People's Dem. Rep.,False,46784.41
2019,Importacion,524,Nepal,False,13003.02
2019,Importacion,208,Denmark,False,38801120.32
2019,Importacion,694,Sierra Leone,False,1359.45
2019,Importacion,686,Senegal,False,1245.81
2019,Importacion,660,Anguilla,False,15602.55
2019,Importacion,258,French Polynesia,False,1673.9
2019,Importacion,392,Japan,False,353553331.6
2019,Importacion,478,Mauritania,False,7528.34
2019,Importacion,292,Gibraltar,False,5936.47
2019,Importacion,242,Fiji,False,54378.3
2019,Importacion,484,Mexico,False,1087646194.67
2019,Importacion,516,Namibia,False,10653.92
2019,Importacion,784,United Arab Emirates,False,8883537.6
2019,Importacion,842,USA,False,6190668468.56
2019,Importacion,795,Turkmenistan,False,1022.26
2019,Importacion,818,Egypt,False,2214213.67
2019,Importacion,834,United Rep. of Tanzania,False,32386.74
2019,Importacion,703,Slovakia,False,2439174.47
2019,Importacion,450,Madagascar,False,89813.93
2019,Importacion,583,FS Micronesia,False,116.77
2019,Importacion,591,Panama,False,200255647.11
2019,Importacion,512,Oman,False,3385181.01
2019,Importacion,566,Nigeria,False,9196.1
2019,Importacion,372,Ireland,False,68553198.99
2019,Importacion,584,Marshall Isds,False,322.27
2019,Importacion,270,Gambia,False,30665.71
2019,Importacion,191,Croatia,False,556044.66
2019,Importacion,231,Ethiopia,False,65164.37
2019,Importacion,398,Kazakhstan,False,1805.12
2019,Importacion,710,South Africa,False,5175172.85
2019,Importacion,716,Zimbabwe,False,2958.05
2019,Importacion,732,Western Sahara,False,61355.88
2019,Importacion,862,Venezuela,False,19210595.91
2019,Importacion,788,Tunisia,False,1094114.62
2019,Importacion,604,Peru,False,60084866.01
2019,Importacion,320,Guatemala,False,398643699.45
2019,Importacion,192,Cuba,False,626669.01
2019,Importacion,490,"Other Asia, nes",False,118897546.13
2020,Exportacion,76,Brazil,False,15839751.02
2020,Exportacion,372,Ireland,False,68001603.52
2020,Exportacion,682,Saudi Arabia,False,20910295.52
2020,Exportacion,558,Nicaragua,False,461343180.11
2020,Exportacion,268,Georgia,False,65567.0
2020,Exportacion,533,Aruba,False,23049415.22
2020,Exportacion,4,Afghanistan,False,25920.0
2020,Exportacion,72,Botswana,False,780.0
2020,Exportacion,504,Morocco,False,5773985.45
2020,Exportacion,442,Luxembourg,False,3796.0
2020,Exportacion,899,"Areas, nes",False,137215.92
2020,Exportacion,276,Germany,False,116687384.35
2020,Exportacion,251,France,False,51173793.91
2020,Exportacion,214,Dominican Rep.,False,231487464.77
2020,Exportacion,360,Indonesia,False,603170.07
2020,Exportacion,616,Poland,False,17323782.74
2020,Exportacion,428,Latvia,False,658254.78
2020,Exportacion,328,Guyana,False,13784126.44
2020,Exportacion,231,Ethiopia,False,103286.3
2020,Exportacion,688,Serbia,False,290252.0
2020,Exportacion,414,Kuwait,False,258129.65
2020,Exportacion,887,Yemen,False,1029.03
2020,Exportacion,826,United Kingdom,False,231286909.26
2020,Exportacion,12,Algeria,False,201309.46
2020,Exportacion,60,Bermuda,False,1280602.92
2020,Exportacion,152,Chile,False,30039459.77
2020,Exportacion,388,Jamaica,False,53897544.9
2020,Exportacion,580,N. Mariana Isds,False,4500.0
2020,Exportacion,752,Sweden,False,11680445.86
2020,Exportacion,800,Uganda,False,1132.3
2020,Exportacion,600,Paraguay,False,1022853.04
2020,Exportacion,28,Antigua and Barbuda,False,385098.73
2020,Exportacion,466,Mali,False,98.0
2020,Exportacion,531,Curaçao,False,4074426.0
2020,Exportacion,380,Italy,False,152655104.82
2020,Exportacion,74,Bouvet Island,False,40569.6
2020,Exportacion,740,Suriname,False,8507829.51
2020,Exportacion,704,Viet Nam,False,6628386.37
2020,Exportacion,404,Kenya,False,85160.92
2020,Exportacion,699,India,False,22845127.16
2020,Exportacion,218,Ecuador,False,38161444.38
2020,Exportacion,196,Cyprus,False,78581.5
2020,Exportacion,170,Colombia,False,62621216.53
2020,Exportacion,233,Estonia,False,74199.25
2020,Exportacion,344,"China, Hong Kong SAR",False,17649062.47
2020,Exportacion,368,Iraq,False,2303523.75
2020,Exportacion,512,Oman,False,74252.03
2020,Exportacion,579,Norway,False,22270226.84
2020,Exportacion,56,Belgium,False,613658354.7
2020,Exportacion,212,Dominica,False,401342.94
2020,Exportacion,0,World,True,11622755153.42
2020,Exportacion,156,China,False,182565906.61
2020,Exportacion,376,Israel,False,8484032.17
2020,Exportacion,586,Pakistan,False,1284735.84
2020,Exportacion,796,Turks and Caicos Isds,False,25093.27
2020,Exportacion,860,Uzbekistan,False,61875.0
2020,Exportacion,842,USA,False,5054527599.39
2020,Exportacion,398,Kazakhstan,False,10920.0
2020,Exportacion,32,Argentina,False,15697227.95
2020,Exportacion,792,Türkiye,False,33273165.21
2020,Exportacion,643,Russian Federation,False,35055964.79
2020,Exportacion,208,Denmark,False,1949761.93
2020,Exportacion,8,Albania,False,664019.4
2020,Exportacion,458,Malaysia,False,6593355.62
2020,Exportacion,340,Honduras,False,371708825.63
2020,Exportacion,332,Haiti,False,19596664.45
2020,Exportacion,757,Switzerland,False,5066202.73
2020,Exportacion,642,Romania,False,6745281.11
2020,Exportacion,724,Spain,False,179119106.75
2020,Exportacion,598,Papua New Guinea,False,9973.8
2020,Exportacion,203,Czechia,False,198448.39
2020,Exportacion,258,French Polynesia,False,36636.6
2020,Exportacion,316,Guam,False,22199.3
2020,Exportacion,320,Guatemala,False,596434642.17
2020,Exportacion,136,Cayman Isds,False,414668.63
2020,Exportacion,222,El Salvador,False,313292171.7
2020,Exportacion,508,Mozambique,False,14856.8
2020,Exportacion,478,Mauritania,False,5000.0
2020,Exportacion,480,Mauritius,False,64677.65
2020,Exportacion,834,United Rep. of Tanzania,False,21332.5
2020,Exportacion,410,Rep. of Korea,False,80774739.35
2020,Exportacion,854,Burkina Faso,False,715819.7
2020,Exportacion,710,South Africa,False,3854749.02
2020,Exportacion,300,Greece,False,6202336.85
2020,Exportacion,662,Saint Lucia,False,1448809.45
2020,Exportacion,112,Belarus,False,741.0
2020,Exportacion,384,Côte d'Ivoire,False,718640.54
2020,Exportacion,36,Australia,False,15617486.42
2020,Exportacion,484,Mexico,False,254228627.74
2020,Exportacion,400,Jordan,False,624169.0
2020,Exportacion,705,Slovenia,False,15721435.62
2020,Exportacion,608,Philippines,False,7118567.46
2020,Exportacion,591,Panama,False,485341645.84
2020,Exportacion,540,New Caledonia,False,5079.8
2020,Exportacion,246,Finland,False,18717648.13
2020,Exportacion,270,Gambia,False,9000.0
2020,Exportacion,192,Cuba,False,28704299.0
2020,Exportacion,499,Montenegro,False,1733798.63
2020,Exportacion,440,Lithuania,False,2889437.3
2020,Exportacion,566,Nigeria,False,309418.95
2020,Exportacion,804,Ukraine,False,20808092.51
2020,Exportacion,858,Uruguay,False,1618915.21
2020,Exportacion,528,Netherlands,False,895904602.64
2020,Exportacion,392,Japan,False,258153743.86
2020,Exportacion,818,Egypt,False,78204.15
2020,Exportacion,620,Portugal,False,52949776.28
2020,Exportacion,50,Bangladesh,False,286777.45
2020,Exportacion,44,Bahamas,False,11394071.74
2020,Exportacion,660,Anguilla,False,2280.0
2020,Exportacion,242,Fiji,False,14958.5
2020,Exportacion,703,Slovakia,False,19691.5
2020,Exportacion,191,Croatia,False,875460.1
2020,Exportacion,470,Malta,False,359231.76
2020,Exportacion,784,United Arab Emirates,False,1856244.52
2020,Exportacion,308,Grenada,False,1023777.17
2020,Exportacion,659,Saint Kitts and Nevis,False,111400.77
2020,Exportacion,178,Congo,False,20158.0
2020,Exportacion,634,Qatar,False,255644.15
2020,Exportacion,422,Lebanon,False,684953.29
2020,Exportacion,348,Hungary,False,11910384.58
2020,Exportacion,490,"Other Asia, nes",False,22107991.35
2020,Exportacion,702,Singapore,False,49439529.98
2020,Exportacion,670,Saint Vincent and the Grenadines,False,785428.86
2020,Exportacion,548,Vanuatu,False,5500.0
2020,Exportacion,554,New Zealand,False,1291387.47
2020,Exportacion,788,Tunisia,False,5609388.65
2020,Exportacion,288,Ghana,False,14310.12
2020,Exportacion,418,Lao People's Dem. Rep.,False,3200.0
2020,Exportacion,40,Austria,False,57970.35
2020,Exportacion,48,Bahrain,False,12931.0
2020,Exportacion,862,Venezuela,False,4180594.65
2020,Exportacion,780,Trinidad and Tobago,False,51287759.86
2020,Exportacion,124,Canada,False,75832481.07
2020,Exportacion,52,Barbados,False,8178839.57
2020,Exportacion,434,Libya,False,4282129.69
2020,Exportacion,100,Bulgaria,False,52308.7
2020,Exportacion,120,Cameroon,False,110559.99
2020,Exportacion,84,Belize,False,9123319.52
2020,Exportacion,92,Br. Virgin Isds,False,67717.1
2020,Exportacion,534,Saint Maarten,False,352127.91
2020,Exportacion,764,Thailand,False,13555391.57
2020,Exportacion,364,Iran,False,128203.69
2020,Exportacion,144,Sri Lanka,False,608.2
2020,Exportacion,694,Sierra Leone,False,552283.33
2020,Exportacion,604,Peru,False,49498309.5
2020,Exportacion,68,Bolivia (Plurinational State of),False,764771.11
2020,Importacion,376,Israel,False,31552609.71
2020,Importacion,504,Morocco,False,5684791.59
2020,Importacion,642,Romania,False,3033639.13
2020,Importacion,703,Slovakia,False,2695288.68
2020,Importacion,344,"China, Hong Kong SAR",False,119988957.78
2020,Importacion,180,Dem. Rep. of the Congo,False,694.35
2020,Importacion,716,Zimbabwe,False,8134.9
2020,Importacion,170,Colombia,False,281634057.68
2020,Importacion,52,Barbados,False,220036.97
2020,Importacion,757,Switzerland,False,159273839.8
2020,Importacion,44,Bahamas,False,80643.84
2020,Importacion,214,Dominican Rep.,False,38595480.15
2020,Importacion,204,Benin,False,8195.98
2020,Importacion,440,Lithuania,False,3221070.78
2020,Importacion,540,New Caledonia,False,949.96
2020,Importacion,646,Rwanda,False,13.31
2020,Importacion,818,Egypt,False,1786392.68
2020,Importacion,266,Gabon,False,5790.84
2020,Importacion,446,"China, Macao SAR",False,158493.88
2020,Importacion,862,Venezuela,False,6932432.05
2020,Importacion,899,"Areas, nes",False,274520249.04
2020,Importacion,320,Guatemala,False,408058927.71
2020,Importacion,398,Kazakhstan,False,6430.12
2020,Importacion,480,Mauritius,False,207271.75
2020,Importacion,508,Mozambique,False,22438.0
2020,Importacion,554,New Zealand,False,11567322.61
2020,Importacion,410,Rep. of Korea,False,147005258.82
2020,Importacion,792,Türkiye,False,68029354.68
2020,Importacion,574,Norfolk Isds,False,133706.0
2020,Importacion,251,France,False,133647797.27
2020,Importacion,670,Saint Vincent and the Grenadines,False,41.45
2020,Importacion,705,Slovenia,False,2829452.19
2020,Importacion,162,Christmas Isds,False,76565.68
2020,Importacion,270,Gambia,False,22394.23
2020,Importacion,156,China,False,2091009286.12
2020,Importacion,258,French Polynesia,False,9283.68
2020,Importacion,372,Ireland,False,67017351.53
2020,Importacion,417,Kyrgyzstan,False,4929.64
2020,Importacion,798,Tuvalu,False,28.44
2020,Importacion,776,Tonga,False,2986.13
2020,Importacion,620,Portugal,False,10822651.21
2020,Importacion,804,Ukraine,False,81600034.51
2020,Importacion,643,Russian Federation,False,47337981.25
2020,Importacion,392,Japan,False,303088601.82
2020,Importacion,524,Nepal,False,17219.93
2020,Importacion,124,Canada,False,171758303.41
2020,Importacion,4,Afghanistan,False,5728.9
2020,Importacion,36,Australia,False,7614237.32
2020,Importacion,184,Cook Isds,False,982.31
2020,Importacion,292,Gibraltar,False,11813.3
2020,Importacion,238,Falkland Isds (Malvinas),False,715273.16
2020,Importacion,764,Thailand,False,107623658.52
2020,Importacion,384,Côte d'Ivoire,False,1392.59
2020,Importacion,203,Czechia,False,7903450.81
2020,Importacion,76,Brazil,False,305761617.99
2020,Importacion,86,Br. Indian Ocean Terr.,False,36236.71
2020,Importacion,208,Denmark,False,33817504.53
2020,Importacion,192,Cuba,False,108094.18
2020,Importacion,0,World,True,14456129003.0
2020,Importacion,144,Sri Lanka,False,4321203.69
2020,Importacion,174,Comoros,False,190.65
2020,Importacion,352,Iceland,False,242641.0
2020,Importacion,662,Saint Lucia,False,53322.85
2020,Importacion,724,Spain,False,248950132.14
2020,Importacion,598,Papua New Guinea,False,994.94
2020,Importacion,496,Mongolia,False,19.07
2020,Importacion,191,Croatia,False,282901.27
2020,Importacion,104,Myanmar,False,1564740.46
2020,Importacion,100,Bulgaria,False,2282057.49
2020,Importacion,64,Bhutan,False,4489.47
2020,Importacion,239,South Georgia and the South Sandwich Islands,False,963.91
2020,Importacion,242,Fiji,False,44982.45
2020,Importacion,276,Germany,False,382555625.45
2020,Importacion,340,Honduras,False,115731372.39
2020,Importacion,140,Central African Rep.,False,15142.66
2020,Importacion,218,Ecuador,False,29699207.33
2020,Importacion,760,Syria,False,202.8
2020,Importacion,780,Trinidad and Tobago,False,12216758.01
2020,Importacion,212,Dominica,False,841109.16
2020,Importacion,500,Montserrat,False,19698.71
2020,Importacion,40,Austria,False,24879112.31
2020,Importacion,442,Luxembourg,False,2923566.67
2020,Importacion,466,Mali,False,321.2
2020,Importacion,586,Pakistan,False,6808477.9
2020,Importacion,688,Serbia,False,1156985.24
2020,Importacion,752,Sweden,False,51749061.37
2020,Importacion,772,Tokelau,False,2450.73
2020,Importacion,478,Mauritania,False,2246.76
2020,Importacion,328,Guyana,False,574110.87
2020,Importacion,70,Bosnia Herzegovina,False,65343.57
2020,Importacion,231,Ethiopia,False,40411.33
2020,Importacion,516,Namibia,False,529.95
2020,Importacion,699,India,False,151856171.84
2020,Importacion,288,Ghana,False,4155.68
2020,Importacion,31,Azerbaijan,False,240.65
2020,Importacion,8,Albania,False,575676.28
2020,Importacion,48,Bahrain,False,263417.7
2020,Importacion,74,Bouvet Island,False,4177.28
2020,Importacion,324,Guinea,False,201.68
2020,Importacion,388,Jamaica,False,948487.86
2020,Importacion,404,Kenya,False,69656.85
2020,Importacion,533,Aruba,False,5708.84
2020,Importacion,795,Turkmenistan,False,11167.28
2020,Importacion,826,United Kingdom,False,106182904.35
2020,Importacion,136,Cayman Isds,False,3061924.44
2020,Importacion,498,Rep. of Moldova,False,6688.5
2020,Importacion,894,Zambia,False,14363.63
2020,Importacion,364,Iran,False,170.06
2020,Importacion,233,Estonia,False,5982456.24
2020,Importacion,246,Finland,False,10567874.31
2020,Importacion,348,Hungary,False,29432692.57
2020,Importacion,512,Oman,False,1599542.45
2020,Importacion,72,Botswana,False,7329.57
2020,Importacion,116,Cambodia,False,4822995.38
2020,Importacion,380,Italy,False,193043813.21
2020,Importacion,408,Dem. People's Rep. of Korea,False,2360966.3
2020,Importacion,608,Philippines,False,13867232.71
2020,Importacion,842,USA,False,5401426379.11
2020,Importacion,660,Anguilla,False,2323.07
2020,Importacion,32,Argentina,False,102745352.38
2020,Importacion,112,Belarus,False,7979136.36
2020,Importacion,120,Cameroon,False,21195.97
2020,Importacion,762,Tajikistan,False,51095.55
2020,Importacion,222,El Salvador,False,205197291.13
2020,Importacion,148,Chad,False,304.95
2020,Importacion,418,Lao People's Dem. Rep.,False,36952.41
2020,Importacion,400,Jordan,False,673158.01
2020,Importacion,686,Senegal,False,16508.96
2020,Importacion,788,Tunisia,False,1183701.77
2020,Importacion,450,Madagascar,False,53997.38
2020,Importacion,490,"Other Asia, nes",False,118584163.77
2020,Importacion,579,Norway,False,13631226.8
2020,Importacion,300,Greece,False,3179638.8
2020,Importacion,28,Antigua and Barbuda,False,5297.94
2020,Importacion,484,Mexico,False,976557469.64
2020,Importacion,674,San Marino,False,20679.07
2020,Importacion,414,Kuwait,False,48100.57
2020,Importacion,499,Montenegro,False,284684.72
2020,Importacion,566,Nigeria,False,50076.8
2020,Importacion,858,Uruguay,False,42826150.59
2020,Importacion,604,Peru,False,58400848.64
2020,Importacion,704,Viet Nam,False,117634887.68
2020,Importacion,51,Armenia,False,6368.6
2020,Importacion,68,Bolivia (Plurinational State of),False,2499978.47
2020,Importacion,268,Georgia,False,17101.95
2020,Importacion,462,Maldives,False,1203238.68
2020,Importacion,428,Latvia,False,1217750.26
2020,Importacion,748,Eswatini,False,42184.22
2020,Importacion,24,Angola,False,395.03
2020,Importacion,56,Belgium,False,61592457.17
2020,Importacion,60,Bermuda,False,31146.46
2020,Importacion,784,United Arab Emirates,False,7127731.47
2020,Importacion,854,Burkina Faso,False,855.73
2020,Importacion,729,Sudan,False,11352.8
2020,Importacion,50,Bangladesh,False,12690106.03
2020,Importacion,166,Cocos Isds,False,15855.48
2020,Importacion,275,State of Palestine,False,13185.32
2020,Importacion,422,Lebanon,False,83538.93
2020,Importacion,558,Nicaragua,False,145076563.76
2020,Importacion,702,Singapore,False,94502424.94
2020,Importacion,531,Curaçao,False,10806347.67
2020,Importacion,600,Paraguay,False,10658943.58
2020,Importacion,706,Somalia,False,6251.35
2020,Importacion,800,Uganda,False,6927.35
2020,Importacion,882,Samoa,False,214.22
2020,Importacion,591,Panama,False,195199619.88
2020,Importacion,690,Seychelles,False,141855.58
2020,Importacion,360,Indonesia,False,28651521.45
2020,Importacion,16,American Samoa,False,26769.1
2020,Importacion,796,Turks and Caicos Isds,False,86.48
2020,Importacion,152,Chile,False,201647199.15
2020,Importacion,92,Br. Virgin Isds,False,100418.75
2020,Importacion,84,Belize,False,158305.75
2020,Importacion,196,Cyprus,False,84866.85
2020,Importacion,368,Iraq,False,657.72
2020,Importacion,528,Netherlands,False,103024084.39
2020,Importacion,534,Saint Maarten,False,2307.63
2020,Importacion,458,Malaysia,False,152566287.84
2020,Importacion,682,Saudi Arabia,False,1868141.99
2020,Importacion,20,Andorra,False,2852.0
2020,Importacion,332,Haiti,False,286620.53
2020,Importacion,308,Grenada,False,11446.94
2020,Importacion,634,Qatar,False,2608529.18
2020,Importacion,740,Suriname,False,11421.21
2020,Importacion,834,United Rep. of Tanzania,False,8102.37
2020,Importacion,616,Poland,False,18222384.09
2020,Importacion,694,Sierra Leone,False,507.77
2020,Importacion,470,Malta,False,126752.27
2020,Importacion,454,Malawi,False,49.51
2020,Importacion,426,Lesotho,False,51781.68
2020,Importacion,548,Vanuatu,False,2207.79
2020,Importacion,710,South Africa,False,4104922.5
2021,Exportacion,12,Algeria,False,69643.28
2021,Exportacion,8,Albania,False,2515802.19
2021,Exportacion,20,Andorra,False,7646.21
2021,Exportacion,28,Antigua and Barbuda,False,477983.84
2021,Exportacion,32,Argentina,False,14673774.35
2021,Exportacion,36,Australia,False,19180607.52
2021,Exportacion,40,Austria,False,207710.35
2021,Exportacion,44,Bahamas,False,12578319.75
2021,Exportacion,48,Bahrain,False,1541865.0
2021,Exportacion,50,Bangladesh,False,658883.21
2021,Exportacion,52,Barbados,False,9842484.93
2021,Exportacion,56,Belgium,False,748487403.41
2021,Exportacion,60,Bermuda,False,251487.86
2021,Exportacion,70,Bosnia Herzegovina,False,39.56
2021,Exportacion,84,Belize,False,10767710.04
2021,Exportacion,92,Br. Virgin Isds,False,49688.18
2021,Exportacion,100,Bulgaria,False,182139.03
2021,Exportacion,116,Cambodia,False,700.0
2021,Exportacion,120,Cameroon,False,273984.5
2021,Exportacion,136,Cayman Isds,False,855879.69
2021,Exportacion,144,Sri Lanka,False,8254.59
2021,Exportacion,152,Chile,False,47864673.18
2021,Exportacion,174,Comoros,False,22449.71
2021,Exportacion,191,Croatia,False,1048151.56
2021,Exportacion,192,Cuba,False,28976246.63
2021,Exportacion,196,Cyprus,False,28665.0
2021,Exportacion,203,Czechia,False,168378.37
2021,Exportacion,212,Dominica,False,814423.75
2021,Exportacion,214,Dominican Rep.,False,313840262.58
2021,Exportacion,218,Ecuador,False,48954111.54
2021,Exportacion,222,El Salvador,False,366919379.27
2021,Exportacion,231,Ethiopia,False,51426.3
2021,Exportacion,233,Estonia,False,87804.75
2021,Exportacion,242,Fiji,False,18446.0
2021,Exportacion,246,Finland,False,23922077.31
2021,Exportacion,251,France,False,70768478.45
2021,Exportacion,258,French Polynesia,False,3712.3
2021,Exportacion,262,Djibouti,False,62259.87
2021,Exportacion,266,Gabon,False,188114.0
2021,Exportacion,268,Georgia,False,40737.87
2021,Exportacion,288,Ghana,False,41275.2
2021,Exportacion,300,Greece,False,8995314.77
2021,Exportacion,304,Greenland,False,235941.0
2021,Exportacion,308,Grenada,False,2401378.52
2021,Exportacion,316,Guam,False,2062.8
2021,Exportacion,328,Guyana,False,14892944.19
2021,Exportacion,332,Haiti,False,25037183.87
2021,Exportacion,344,"China, Hong Kong SAR",False,41402172.03
2021,Exportacion,348,Hungary,False,15268894.86
2021,Exportacion,352,Iceland,False,600.0
2021,Exportacion,364,Iran,False,14814.35
2021,Exportacion,380,Italy,False,177376672.34
2021,Exportacion,384,Côte d'Ivoire,False,199856.25
2021,Exportacion,388,Jamaica,False,62554469.59
2021,Exportacion,392,Japan,False,258321451.16
2021,Exportacion,400,Jordan,False,180776.0
2021,Exportacion,404,Kenya,False,312813.45
2021,Exportacion,408,Dem. People's Rep. of Korea,False,28788.36
2021,Exportacion,414,Kuwait,False,770233.1
2021,Exportacion,422,Lebanon,False,1034081.57
2021,Exportacion,428,Latvia,False,492763.17
2021,Exportacion,434,Libya,False,9360974.44
2021,Exportacion,440,Lithuania,False,1366109.23
2021,Exportacion,442,Luxembourg,False,10054552.49
2021,Exportacion,450,Madagascar,False,26568.0
2021,Exportacion,458,Malaysia,False,19508530.23
2021,Exportacion,466,Mali,False,268284.13
2021,Exportacion,470,Malta,False,1057723.98
2021,Exportacion,490,"Other Asia, nes",False,36451746.46
2021,Exportacion,496,Mongolia,False,28164.0
2021,Exportacion,499,Montenegro,False,2546081.76
2021,Exportacion,504,Morocco,False,4217015.55
2021,Exportacion,512,Oman,False,818499.87
2021,Exportacion,520,Naoero,False,246760.0
2021,Exportacion,528,Netherlands,False,1036715625.63
2021,Exportacion,531,Curaçao,False,5597704.87
2021,Exportacion,533,Aruba,False,21581672.18
2021,Exportacion,534,Saint Maarten,False,336755.68
2021,Exportacion,540,New Caledonia,False,13012.9
2021,Exportacion,548,Vanuatu,False,2750.0
2021,Exportacion,554,New Zealand,False,8209311.84
2021,Exportacion,562,Niger,False,3081644.54
2021,Exportacion,566,Nigeria,False,9062061.1
2021,Exportacion,579,Norway,False,22371200.23
2021,Exportacion,580,N. Mariana Isds,False,7200.0
2021,Exportacion,586,Pakistan,False,1990459.79
2021,Exportacion,598,Papua New Guinea,False,8800.0
2021,Exportacion,600,Paraguay,False,1507050.42
2021,Exportacion,604,Peru,False,90527152.17
2021,Exportacion,616,Poland,False,16451868.73
2021,Exportacion,620,Portugal,False,55017681.74
2021,Exportacion,634,Qatar,False,1197615.7
2021,Exportacion,642,Romania,False,10573014.59
2021,Exportacion,643,Russian Federation,False,36742503.25
2021,Exportacion,659,Saint Kitts and Nevis,False,185930.41
2021,Exportacion,660,Anguilla,False,2240.0
2021,Exportacion,662,Saint Lucia,False,1522490.0
2021,Exportacion,670,Saint Vincent and the Grenadines,False,788612.22
2021,Exportacion,682,Saudi Arabia,False,27485177.33
2021,Exportacion,686,Senegal,False,365994.7
2021,Exportacion,688,Serbia,False,584154.0
2021,Exportacion,694,Sierra Leone,False,841196.19
2021,Exportacion,699,India,False,34356509.34
2021,Exportacion,702,Singapore,False,26929133.79
2021,Exportacion,703,Slovakia,False,66756.1
2021,Exportacion,704,Viet Nam,False,12716088.64
2021,Exportacion,705,Slovenia,False,591987.48
2021,Exportacion,710,South Africa,False,3787450.63
2021,Exportacion,716,Zimbabwe,False,25.0
2021,Exportacion,724,Spain,False,211241322.34
2021,Exportacion,740,Suriname,False,4448021.85
2021,Exportacion,752,Sweden,False,6388642.73
2021,Exportacion,764,Thailand,False,35178267.97
2021,Exportacion,768,Togo,False,1360.0
2021,Exportacion,784,United Arab Emirates,False,4732341.29
2021,Exportacion,788,Tunisia,False,5131461.6
2021,Exportacion,792,Türkiye,False,45726997.42
2021,Exportacion,796,Turks and Caicos Isds,False,71782.0
2021,Exportacion,800,Uganda,False,33980.92
2021,Exportacion,804,Ukraine,False,15463387.43
2021,Exportacion,818,Egypt,False,1371931.71
2021,Exportacion,834,United Rep. of Tanzania,False,36675.03
2021,Exportacion,854,Burkina Faso,False,527115.97
2021,Exportacion,860,Uzbekistan,False,20250.0
2021,Exportacion,862,Venezuela,False,6405670.15
2021,Exportacion,899,"Areas, nes",False,66906.48
2021,Exportacion,68,Bolivia (Plurinational State of),False,892005.59
2021,Exportacion,76,Brazil,False,43917082.89
2021,Exportacion,124,Canada,False,98612500.29
2021,Exportacion,156,China,False,308630801.72
2021,Exportacion,170,Colombia,False,91750094.25
2021,Exportacion,208,Denmark,False,4890842.88
2021,Exportacion,276,Germany,False,143745859.29
2021,Exportacion,320,Guatemala,False,701070047.47
2021,Exportacion,340,Honduras,False,478310581.15
2021,Exportacion,360,Indonesia,False,1923896.82
2021,Exportacion,368,Iraq,False,579132.94
2021,Exportacion,372,Ireland,False,87264554.16
2021,Exportacion,376,Israel,False,11861191.14
2021,Exportacion,410,Rep. of Korea,False,87638045.94
2021,Exportacion,484,Mexico,False,355288322.14
2021,Exportacion,558,Nicaragua,False,579914529.63
2021,Exportacion,591,Panama,False,582801717.98
2021,Exportacion,608,Philippines,False,5636364.23
2021,Exportacion,757,Switzerland,False,6026502.1
2021,Exportacion,780,Trinidad and Tobago,False,61092525.84
2021,Exportacion,826,United Kingdom,False,230508969.53
2021,Exportacion,842,USA,False,6269772002.04
2021,Exportacion,858,Uruguay,False,3275746.47
2021,Exportacion,0,World,True,14345395565.22
2021,Importacion,12,Algeria,False,46435.41
2021,Importacion,10,Antarctica,False,2103.16
2021,Importacion,8,Albania,False,15067.75
2021,Importacion,4,Afghanistan,False,23831.72
2021,Importacion,16,American Samoa,False,27520.58
2021,Importacion,20,Andorra,False,13148.49
2021,Importacion,24,Angola,False,1925.33
2021,Importacion,28,Antigua and Barbuda,False,3360.28
2021,Importacion,32,Argentina,False,124770628.28
2021,Importacion,36,Australia,False,8599834.7
2021,Importacion,40,Austria,False,29973627.3
2021,Importacion,44,Bahamas,False,887828.49
2021,Importacion,48,Bahrain,False,175907.82
2021,Importacion,50,Bangladesh,False,19730051.77
2021,Importacion,51,Armenia,False,14985.37
2021,Importacion,52,Barbados,False,99691.44
2021,Importacion,56,Belgium,False,119102439.9
2021,Importacion,60,Bermuda,False,19034.74
2021,Importacion,64,Bhutan,False,463.26
2021,Importacion,68,Bolivia (Plurinational State of),False,15930208.67
2021,Importacion,70,Bosnia Herzegovina,False,158796.39
2021,Importacion,72,Botswana,False,1693.19
2021,Importacion,74,Bouvet Island,False,24494.65
2021,Importacion,76,Brazil,False,408688875.59
2021,Importacion,84,Belize,False,844636.13
2021,Importacion,86,Br. Indian Ocean Terr.,False,8376.32
2021,Importacion,90,Solomon Isds,False,17957.83
2021,Importacion,92,Br. Virgin Isds,False,96976.46
2021,Importacion,96,Brunei Darussalam,False,15.67
2021,Importacion,100,Bulgaria,False,3022284.01
2021,Importacion,104,Myanmar,False,1211248.44
2021,Importacion,112,Belarus,False,9725098.92
2021,Importacion,116,Cambodia,False,6715623.78
2021,Importacion,120,Cameroon,False,2406.02
2021,Importacion,124,Canada,False,198629279.36
2021,Importacion,132,Cabo Verde,False,306.12
2021,Importacion,136,Cayman Isds,False,22344.26
2021,Importacion,140,Central African Rep.,False,1435.89
2021,Importacion,144,Sri Lanka,False,4225065.68
2021,Importacion,148,Chad,False,623.59
2021,Importacion,152,Chile,False,274167841.51
2021,Importacion,156,China,False,2937920958.72
2021,Importacion,162,Christmas Isds,False,8.62
2021,Importacion,166,Cocos Isds,False,16250.08
2021,Importacion,170,Colombia,False,342334578.99
2021,Importacion,174,Comoros,False,737.71
2021,Importacion,178,Congo,False,29467.17
2021,Importacion,180,Dem. Rep. of the Congo,False,82890.69
2021,Importacion,184,Cook Isds,False,31630.54
2021,Importacion,188,Costa Rica,False,266073595.15
2021,Importacion,191,Croatia,False,330824.18
2021,Importacion,192,Cuba,False,644004.33
2021,Importacion,196,Cyprus,False,47205.97
2021,Importacion,203,Czechia,False,9077034.71
2021,Importacion,204,Benin,False,3228.93
2021,Importacion,208,Denmark,False,41743751.98
2021,Importacion,212,Dominica,False,165213.54
2021,Importacion,214,Dominican Rep.,False,52727028.91
2021,Importacion,218,Ecuador,False,24792885.67
2021,Importacion,222,El Salvador,False,240208567.34
2021,Importacion,231,Ethiopia,False,77062.89
2021,Importacion,233,Estonia,False,2889388.11
2021,Importacion,238,Falkland Isds (Malvinas),False,199945.71
2021,Importacion,242,Fiji,False,67407.66
2021,Importacion,246,Finland,False,17145513.75
2021,Importacion,251,France,False,136459645.89
2021,Importacion,258,French Polynesia,False,2262.49
2021,Importacion,260,Fr. South Antarctic Terr.,False,62.62
2021,Importacion,268,Georgia,False,90757.56
2021,Importacion,270,Gambia,False,45680.18
2021,Importacion,275,State of Palestine,False,3594.1
2021,Importacion,276,Germany,False,417410355.02
2021,Importacion,288,Ghana,False,485.31
2021,Importacion,292,Gibraltar,False,20.29
2021,Importacion,296,Kiribati,False,1530.89
2021,Importacion,300,Greece,False,4592996.15
2021,Importacion,308,Grenada,False,662.02
2021,Importacion,316,Guam,False,9624.72
2021,Importacion,320,Guatemala,False,500399065.25
2021,Importacion,324,Guinea,False,1050.46
2021,Importacion,328,Guyana,False,1356065.47
2021,Importacion,332,Haiti,False,322251.74
2021,Importacion,340,Honduras,False,155789004.4
2021,Importacion,344,"China, Hong Kong SAR",False,151071840.78
2021,Importacion,348,Hungary,False,50521784.97
2021,Importacion,352,Iceland,False,466608.29
2021,Importacion,360,Indonesia,False,43190173.32
2021,Importacion,364,Iran,False,60044.68
2021,Importacion,368,Iraq,False,498.35
2021,Importacion,372,Ireland,False,73185593.04
2021,Importacion,376,Israel,False,28872564.65
2021,Importacion,380,Italy,False,217939843.83
2021,Importacion,384,Côte d'Ivoire,False,485.13
2021,Importacion,388,Jamaica,False,1117841.6
2021,Importacion,392,Japan,False,369048058.56
2021,Importacion,398,Kazakhstan,False,1088.23
2021,Importacion,400,Jordan,False,851445.82
2021,Importacion,404,Kenya,False,145194.31
2021,Importacion,408,Dem. People's Rep. of Korea,False,388382.1
2021,Importacion,410,Rep. of Korea,False,225834523.44
2021,Importacion,414,Kuwait,False,372131.43
2021,Importacion,417,Kyrgyzstan,False,895.98
2021,Importacion,418,Lao People's Dem. Rep.,False,294919.27
2021,Importacion,422,Lebanon,False,98637.63
2021,Importacion,426,Lesotho,False,48508.18
2021,Importacion,428,Latvia,False,1930156.65
2021,Importacion,430,Liberia,False,1786.82
2021,Importacion,440,Lithuania,False,6061235.31
2021,Importacion,442,Luxembourg,False,4016065.96
2021,Importacion,446,"China, Macao SAR",False,264992.55
2021,Importacion,450,Madagascar,False,60979.89
2021,Importacion,454,Malawi,False,363824.83
2021,Importacion,458,Malaysia,False,110652680.52
2021,Importacion,462,Maldives,False,64952.68
2021,Importacion,470,Malta,False,243227.66
2021,Importacion,478,Mauritania,False,12574.24
2021,Importacion,480,Mauritius,False,460364.88
2021,Importacion,484,Mexico,False,1183216303.46
2021,Importacion,490,"Other Asia, nes",False,141014247.21
2021,Importacion,496,Mongolia,False,35800.03
2021,Importacion,498,Rep. of Moldova,False,4189.65
2021,Importacion,499,Montenegro,False,281791.17
2021,Importacion,500,Montserrat,False,375468.37
2021,Importacion,504,Morocco,False,4561785.57
2021,Importacion,508,Mozambique,False,24014.95
2021,Importacion,512,Oman,False,9642646.86
2021,Importacion,516,Namibia,False,245.83
2021,Importacion,524,Nepal,False,5001.07
2021,Importacion,528,Netherlands,False,113338714.69
2021,Importacion,531,Curaçao,False,44388801.57
2021,Importacion,533,Aruba,False,73891.01
2021,Importacion,534,Saint Maarten,False,941.66
2021,Importacion,540,New Caledonia,False,3754.09
2021,Importacion,548,Vanuatu,False,93.97
2021,Importacion,554,New Zealand,False,7261321.37
2021,Importacion,558,Nicaragua,False,179237565.03
2021,Importacion,562,Niger,False,3663.17
2021,Importacion,566,Nigeria,False,109687.07
2021,Importacion,570,Niue,False,617.96
2021,Importacion,579,Norway,False,18455768.53
2021,Importacion,580,N. Mariana Isds,False,2873.99
2021,Importacion,583,FS Micronesia,False,19.03
2021,Importacion,586,Pakistan,False,5981714.42
2021,Importacion,591,Panama,False,221105094.48
2021,Importacion,600,Paraguay,False,7653563.83
2021,Importacion,604,Peru,False,66222515.94
2021,Importacion,608,Philippines,False,12823890.21
2021,Importacion,616,Poland,False,27021089.87
2021,Importacion,620,Portugal,False,17782388.59
2021,Importacion,624,Guinea-Bissau,False,308.9
2021,Importacion,634,Qatar,False,6663875.36
2021,Importacion,642,Romania,False,4499415.33
2021,Importacion,643,Russian Federation,False,83310647.53
2021,Importacion,646,Rwanda,False,11530.66
2021,Importacion,659,Saint Kitts and Nevis,False,1134.25
2021,Importacion,662,Saint Lucia,False,30755.64
2021,Importacion,670,Saint Vincent and the Grenadines,False,89934.73
2021,Importacion,674,San Marino,False,40965.88
2021,Importacion,678,Sao Tome and Principe,False,87.86
2021,Importacion,682,Saudi Arabia,False,14526099.29
2021,Importacion,686,Senegal,False,29862.88
2021,Importacion,688,Serbia,False,1196938.33
2021,Importacion,694,Sierra Leone,False,244.38
2021,Importacion,699,India,False,193369777.31
2021,Importacion,702,Singapore,False,76096535.42
2021,Importacion,703,Slovakia,False,3695278.48
2021,Importacion,704,Viet Nam,False,179368098.6
2021,Importacion,705,Slovenia,False,4723471.14
2021,Importacion,706,Somalia,False,220.89
2021,Importacion,710,South Africa,False,6509099.38
2021,Importacion,724,Spain,False,353552382.04
2021,Importacion,740,Suriname,False,31541.92
2021,Importacion,748,Eswatini,False,26246.27
2021,Importacion,752,Sweden,False,54225253.41
2021,Importacion,757,Switzerland,False,163847158.55
2021,Importacion,760,Syria,False,2284.37
2021,Importacion,762,Tajikistan,False,685.46
2021,Importacion,764,Thailand,False,108917955.9
2021,Importacion,768,Togo,False,269.45
2021,Importacion,772,Tokelau,False,2446.15
2021,Importacion,776,Tonga,False,111.57
2021,Importacion,780,Trinidad and Tobago,False,13296156.39
2021,Importacion,784,United Arab Emirates,False,10918524.61
2021,Importacion,788,Tunisia,False,1368382.56
2021,Importacion,792,Türkiye,False,106947038.94
2021,Importacion,795,Turkmenistan,False,202.75
2021,Importacion,796,Turks and Caicos Isds,False,796.06
2021,Importacion,800,Uganda,False,2129.3
2021,Importacion,804,Ukraine,False,176406947.18
2021,Importacion,818,Egypt,False,5717854.25
2021,Importacion,826,United Kingdom,False,119562162.99
2021,Importacion,834,United Rep. of Tanzania,False,15821.34
2021,Importacion,842,USA,False,6957320955.07
2021,Importacion,854,Burkina Faso,False,1180.28
2021,Importacion,858,Uruguay,False,39469102.66
2021,Importacion,860,Uzbekistan,False,6314.87
2021,Importacion,862,Venezuela,False,13825390.77
2021,Importacion,876,Wallis and Futuna Isds,False,125.95
2021,Importacion,882,Samoa,False,62088.72
2021,Importacion,894,Zambia,False,46935.35
2021,Importacion,899,"Areas, nes",False,3972.8
2021,Importacion,0,World,True,18428113840.58
2022,Exportacion,288,Ghana,False,44884.3
2022,Exportacion,300,Greece,False,15804515.78
2022,Exportacion,784,United Arab Emirates,False,3211836.75
2022,Exportacion,804,Ukraine,False,2360343.11
2022,Exportacion,466,Mali,False,206477.11
2022,Exportacion,470,Malta,False,3104907.55
2022,Exportacion,478,Mauritania,False,2240.0
2022,Exportacion,40,Austria,False,396589.18
2022,Exportacion,258,French Polynesia,False,122150.0
2022,Exportacion,266,Gabon,False,15.8
2022,Exportacion,268,Georgia,False,937926.49
2022,Exportacion,270,Gambia,False,145.0
2022,Exportacion,152,Chile,False,39734494.81
2022,Exportacion,442,Luxembourg,False,22812.2
2022,Exportacion,92,Br. Virgin Isds,False,106679.79
2022,Exportacion,100,Bulgaria,False,151922.45
2022,Exportacion,48,Bahrain,False,6900.0
2022,Exportacion,50,Bangladesh,False,1375368.31
2022,Exportacion,818,Egypt,False,1237685.71
2022,Exportacion,634,Qatar,False,131839.53
2022,Exportacion,579,Norway,False,21881987.46
2022,Exportacion,580,N. Mariana Isds,False,14550.0
2022,Exportacion,586,Pakistan,False,3598552.61
2022,Exportacion,654,Saint Helena,False,9741.45
2022,Exportacion,659,Saint Kitts and Nevis,False,289203.41
2022,Exportacion,660,Anguilla,False,7814.0
2022,Exportacion,662,Saint Lucia,False,2625216.26
2022,Exportacion,670,Saint Vincent and the Grenadines,False,537133.77
2022,Exportacion,682,Saudi Arabia,False,35322267.73
2022,Exportacion,686,Senegal,False,655871.42
2022,Exportacion,688,Serbia,False,709431.06
2022,Exportacion,348,Hungary,False,41106889.12
2022,Exportacion,729,Sudan,False,18425.6
2022,Exportacion,740,Suriname,False,4600562.89
2022,Exportacion,368,Iraq,False,6797167.02
2022,Exportacion,764,Thailand,False,27696116.953
2022,Exportacion,788,Tunisia,False,3458405.58
2022,Exportacion,598,Papua New Guinea,False,90850.95
2022,Exportacion,600,Paraguay,False,597508.96
2022,Exportacion,608,Philippines,False,5462609.49
2022,Exportacion,882,Samoa,False,26000.0
2022,Exportacion,894,Zambia,False,9369.0
2022,Exportacion,834,United Rep. of Tanzania,False,2342.47
2022,Exportacion,212,Dominica,False,588498.86
2022,Exportacion,51,Armenia,False,1755.0
2022,Exportacion,52,Barbados,False,12303040.35
2022,Exportacion,702,Singapore,False,46471639.74
2022,Exportacion,706,Somalia,False,3764.0
2022,Exportacion,710,South Africa,False,4421225.96
2022,Exportacion,643,Russian Federation,False,24397168.0
2022,Exportacion,757,Switzerland,False,6530882.05
2022,Exportacion,533,Aruba,False,16390585.3
2022,Exportacion,174,Comoros,False,26716.0
2022,Exportacion,184,Cook Isds,False,5880.88
2022,Exportacion,780,Trinidad and Tobago,False,58941408.68
2022,Exportacion,384,Côte d'Ivoire,False,552462.69
2022,Exportacion,12,Algeria,False,21922.32
2022,Exportacion,8,Albania,False,1300777.23
2022,Exportacion,24,Angola,False,450.0
2022,Exportacion,28,Antigua and Barbuda,False,826198.96
2022,Exportacion,191,Croatia,False,824115.56
2022,Exportacion,192,Cuba,False,26530893.11
2022,Exportacion,242,Fiji,False,35640.6
2022,Exportacion,246,Finland,False,21784316.08
2022,Exportacion,512,Oman,False,1264.0
2022,Exportacion,520,Naoero,False,3000.0
2022,Exportacion,414,Kuwait,False,345583.03
2022,Exportacion,418,Lao People's Dem. Rep.,False,10884.0
2022,Exportacion,422,Lebanon,False,1819869.94
2022,Exportacion,854,Burkina Faso,False,15214.8
2022,Exportacion,703,Slovakia,False,263822.6
2022,Exportacion,704,Viet Nam,False,15299965.94
2022,Exportacion,534,Saint Maarten,False,341609.28
2022,Exportacion,540,New Caledonia,False,162936.44
2022,Exportacion,554,New Zealand,False,1979602.31
2022,Exportacion,795,Turkmenistan,False,2459.13
2022,Exportacion,796,Turks and Caicos Isds,False,50916.14
2022,Exportacion,800,Uganda,False,270615.99
2022,Exportacion,84,Belize,False,18093167.69
2022,Exportacion,32,Argentina,False,13145891.679
2022,Exportacion,196,Cyprus,False,143298.58
2022,Exportacion,203,Czechia,False,132240.73
2022,Exportacion,531,Curaçao,False,5906303.85
2022,Exportacion,404,Kenya,False,1266898.43
2022,Exportacion,408,Dem. People's Rep. of Korea,False,6446.44
2022,Exportacion,410,Rep. of Korea,False,79817801.97
2022,Exportacion,428,Latvia,False,616737.41
2022,Exportacion,430,Liberia,False,1611.42
2022,Exportacion,434,Libya,False,8471650.14
2022,Exportacion,440,Lithuania,False,1556638.97
2022,Exportacion,858,Uruguay,False,4169094.68
2022,Exportacion,44,Bahamas,False,15092837.023
2022,Exportacion,616,Poland,False,7606560.2
2022,Exportacion,642,Romania,False,13549724.84
2022,Exportacion,694,Sierra Leone,False,1452808.79
2022,Exportacion,60,Bermuda,False,423698.49
2022,Exportacion,68,Bolivia (Plurinational State of),False,904807.79
2022,Exportacion,36,Australia,False,20855304.03
2022,Exportacion,324,Guinea,False,8868.05
2022,Exportacion,328,Guyana,False,17341210.3
2022,Exportacion,332,Haiti,False,18834447.14
2022,Exportacion,496,Mongolia,False,47920.0
2022,Exportacion,498,Rep. of Moldova,False,146.93
2022,Exportacion,499,Montenegro,False,8725852.4
2022,Exportacion,504,Morocco,False,5934092.53
2022,Exportacion,132,Cabo Verde,False,1900.0
2022,Exportacion,136,Cayman Isds,False,1440943.48
2022,Exportacion,144,Sri Lanka,False,245.74
2022,Exportacion,388,Jamaica,False,80432514.45
2022,Exportacion,398,Kazakhstan,False,5250.0
2022,Exportacion,400,Jordan,False,1346982.18
2022,Exportacion,120,Cameroon,False,1215893.64
2022,Exportacion,116,Cambodia,False,3310.0
2022,Exportacion,562,Niger,False,3181220.0
2022,Exportacion,566,Nigeria,False,6273863.15
2022,Exportacion,705,Slovenia,False,97174.88
2022,Exportacion,231,Ethiopia,False,60703.5
2022,Exportacion,233,Estonia,False,101288.31
2022,Exportacion,308,Grenada,False,2144688.78
2022,Exportacion,316,Guam,False,43311.0
2022,Exportacion,360,Indonesia,False,1430775.87
2022,Exportacion,364,Iran,False,10345.34
2022,Exportacion,490,"Other Asia, nes",False,39995043.35
2022,Exportacion,276,Germany,False,129876623.58
2022,Exportacion,826,United Kingdom,False,225044417.197
2022,Exportacion,76,Brazil,False,59147579.67
2022,Exportacion,620,Portugal,False,49563062.3
2022,Exportacion,699,India,False,30388617.81
2022,Exportacion,752,Sweden,False,9295351.44
2022,Exportacion,344,"China, Hong Kong SAR",False,31238774.15
2022,Exportacion,724,Spain,False,208419861.51
2022,Exportacion,170,Colombia,False,93010727.978
2022,Exportacion,484,Mexico,False,348300784.816
2022,Exportacion,604,Peru,False,94471783.75
2022,Exportacion,528,Netherlands,False,1183244234.28
2022,Exportacion,458,Malaysia,False,19706894.49
2022,Exportacion,862,Venezuela,False,7239894.99
2022,Exportacion,0,World,True,15319695069.468
2022,Exportacion,218,Ecuador,False,67735267.65
2022,Exportacion,372,Ireland,False,89552787.8
2022,Exportacion,208,Denmark,False,1649740.68
2022,Exportacion,251,France,False,75425503.77
2022,Exportacion,558,Nicaragua,False,593427034.08
2022,Exportacion,380,Italy,False,160735269.4
2022,Exportacion,340,Honduras,False,517325872.789
2022,Exportacion,392,Japan,False,255573440.958
2022,Exportacion,899,"Areas, nes",False,104304655.14
2022,Exportacion,842,USA,False,6704065665.414
2022,Exportacion,214,Dominican Rep.,False,341997172.57
2022,Exportacion,222,El Salvador,False,385793419.284
2022,Exportacion,376,Israel,False,12997762.29
2022,Exportacion,792,Türkiye,False,42652157.95
2022,Exportacion,156,China,False,344411382.41
2022,Exportacion,591,Panama,False,588407694.726
2022,Exportacion,124,Canada,False,88219655.87
2022,Exportacion,56,Belgium,False,792443932.86
2022,Exportacion,320,Guatemala,False,815131695.65
2022,Importacion,344,"China, Hong Kong SAR",False,153674763.53
2022,Importacion,490,"Other Asia, nes",False,154610042.83
2022,Importacion,276,Germany,False,498931566.33
2022,Importacion,300,Greece,False,6007695.92
2022,Importacion,784,United Arab Emirates,False,31531801.79
2022,Importacion,826,United Kingdom,False,122969618.49
2022,Importacion,84,Belize,False,611597.99
2022,Importacion,40,Austria,False,34406090.97
2022,Importacion,203,Czechia,False,13305254.85
2022,Importacion,410,Rep. of Korea,False,244280661.31
2022,Importacion,442,Luxembourg,False,2317777.44
2022,Importacion,842,USA,False,8198695978.781
2022,Importacion,100,Bulgaria,False,3969401.17
2022,Importacion,620,Portugal,False,17592626.66
2022,Importacion,558,Nicaragua,False,215947115.22
2022,Importacion,699,India,False,233667156.25
2022,Importacion,752,Sweden,False,64747359.03
2022,Importacion,757,Switzerland,False,175070810.76
2022,Importacion,380,Italy,False,231479553.405
2022,Importacion,104,Myanmar,False,1325023.27
2022,Importacion,704,Viet Nam,False,182411273.52
2022,Importacion,586,Pakistan,False,7840777.3
2022,Importacion,348,Hungary,False,47066787.33
2022,Importacion,188,Costa Rica,False,255938070.01
2022,Importacion,372,Ireland,False,92650020.78
2022,Importacion,764,Thailand,False,152306480.7
2022,Importacion,792,Türkiye,False,134225656.272
2022,Importacion,76,Brazil,False,546889053.892
2022,Importacion,208,Denmark,False,50980789.42
2022,Importacion,340,Honduras,False,159123935.37
2022,Importacion,528,Netherlands,False,125080594.13
2022,Importacion,152,Chile,False,356620583.01
2022,Importacion,458,Malaysia,False,114211497.93
2022,Importacion,702,Singapore,False,106742398.1
2022,Importacion,710,South Africa,False,9734524.47
2022,Importacion,616,Poland,False,34293627.66
2022,Importacion,643,Russian Federation,False,112736896.28
2022,Importacion,591,Panama,False,235053292.43
2022,Importacion,180,Dem. Rep. of the Congo,False,992.5
2022,Importacion,604,Peru,False,83805049.141
2022,Importacion,246,Finland,False,23262706.81
2022,Importacion,392,Japan,False,434236459.82
2022,Importacion,0,World,True,21140329929.564
2022,Importacion,858,Uruguay,False,55369531.71
2022,Importacion,56,Belgium,False,117440668.08
2022,Importacion,724,Spain,False,376269114.16
2022,Importacion,554,New Zealand,False,12338268.68
2022,Importacion,484,Mexico,False,1318374863.78
2022,Importacion,32,Argentina,False,165379616.77
2022,Importacion,428,Latvia,False,2386048.48
2022,Importacion,124,Canada,False,254906112.268
2022,Importacion,251,France,False,147456939.29
2022,Importacion,218,Ecuador,False,34758979.33
2022,Importacion,705,Slovenia,False,6513476.51
2022,Importacion,156,China,False,3186227318.46
2022,Importacion,170,Colombia,False,408511124.81
2022,Importacion,222,El Salvador,False,277575337.72
2022,Importacion,233,Estonia,False,1094624.7
2022,Importacion,320,Guatemala,False,570176776.27
2022,Importacion,288,Ghana,False,1562.45
2022,Importacion,292,Gibraltar,False,10531.44
2022,Importacion,807,North Macedonia,False,42471.81
2022,Importacion,818,Egypt,False,8183877.44
2022,Importacion,462,Maldives,False,219547.27
2022,Importacion,466,Mali,False,229.5
2022,Importacion,470,Malta,False,236050.31
2022,Importacion,478,Mauritania,False,2262.76
2022,Importacion,480,Mauritius,False,101320.375
2022,Importacion,258,French Polynesia,False,1507.54
2022,Importacion,260,Fr. South Antarctic Terr.,False,37.35
2022,Importacion,266,Gabon,False,1889.02
2022,Importacion,268,Georgia,False,362442.17
2022,Importacion,270,Gambia,False,2876.54
2022,Importacion,275,State of Palestine,False,573.0
2022,Importacion,860,Uzbekistan,False,57.74
2022,Importacion,862,Venezuela,False,12321596.53
2022,Importacion,86,Br. Indian Ocean Terr.,False,59.51
2022,Importacion,92,Br. Virgin Isds,False,293847.41
2022,Importacion,96,Brunei Darussalam,False,145.22
2022,Importacion,44,Bahamas,False,4567.88
2022,Importacion,48,Bahrain,False,4544981.87
2022,Importacion,50,Bangladesh,False,24460524.28
2022,Importacion,646,Rwanda,False,1489.55
2022,Importacion,760,Syria,False,20182.13
2022,Importacion,762,Tajikistan,False,14278.92
2022,Importacion,788,Tunisia,False,2223863.49
2022,Importacion,446,"China, Macao SAR",False,135004.01
2022,Importacion,450,Madagascar,False,94242.83
2022,Importacion,454,Malawi,False,253054.37
2022,Importacion,214,Dominican Rep.,False,66087098.12
2022,Importacion,624,Guinea-Bissau,False,1501.15
2022,Importacion,626,Timor-Leste,False,173.38
2022,Importacion,634,Qatar,False,5085059.47
2022,Importacion,579,Norway,False,31655097.66
2022,Importacion,580,N. Mariana Isds,False,629.27
2022,Importacion,584,Marshall Isds,False,124980.23
2022,Importacion,585,Palau,False,1029.7
2022,Importacion,654,Saint Helena,False,18.27
2022,Importacion,659,Saint Kitts and Nevis,False,6431.3
2022,Importacion,674,San Marino,False,109038.39
2022,Importacion,678,Sao Tome and Principe,False,12499.72
2022,Importacion,682,Saudi Arabia,False,12765004.97
2022,Importacion,686,Senegal,False,11018.02
2022,Importacion,688,Serbia,False,2632606.8
2022,Importacion,728,South Sudan,False,59.9
2022,Importacion,729,Sudan,False,4804.72
2022,Importacion,732,Western Sahara,False,8.15
2022,Importacion,598,Papua New Guinea,False,751011.89
2022,Importacion,882,Samoa,False,9279.36
2022,Importacion,894,Zambia,False,50950.39
2022,Importacion,834,United Rep. of Tanzania,False,62656.7
2022,Importacion,212,Dominica,False,238883.42
2022,Importacion,51,Armenia,False,57322.84
2022,Importacion,706,Somalia,False,38264.0
2022,Importacion,740,Suriname,False,100941.03
2022,Importacion,748,Eswatini,False,240572.35
2022,Importacion,174,Comoros,False,2240.27
2022,Importacion,184,Cook Isds,False,238.77
2022,Importacion,768,Togo,False,23.17
2022,Importacion,772,Tokelau,False,928.64
2022,Importacion,384,Côte d'Ivoire,False,146650.61
2022,Importacion,388,Jamaica,False,1087402.39
2022,Importacion,70,Bosnia Herzegovina,False,139074.34
2022,Importacion,72,Botswana,False,618.44
2022,Importacion,74,Bouvet Island,False,1221.57
2022,Importacion,12,Algeria,False,21246769.14
2022,Importacion,10,Antarctica,False,77.02
2022,Importacion,8,Albania,False,40862.23
2022,Importacion,4,Afghanistan,False,232.19
2022,Importacion,20,Andorra,False,21408.28
2022,Importacion,24,Angola,False,1159.7
2022,Importacion,28,Antigua and Barbuda,False,10028.94
2022,Importacion,31,Azerbaijan,False,2962.59
2022,Importacion,191,Croatia,False,296177.78
2022,Importacion,234,Faroe Isds,False,275.36
2022,Importacion,239,South Georgia and the South Sandwich Islands,False,677.81
2022,Importacion,242,Fiji,False,223507.16
2022,Importacion,332,Haiti,False,371379.76
2022,Importacion,334,Heard Island and McDonald Islands,False,464.09
2022,Importacion,508,Mozambique,False,33356.14
2022,Importacion,512,Oman,False,6187691.94
2022,Importacion,516,Namibia,False,1622.61
2022,Importacion,520,Naoero,False,6431.06
2022,Importacion,400,Jordan,False,909614.71
2022,Importacion,414,Kuwait,False,55627.27
2022,Importacion,417,Kyrgyzstan,False,6583.68
2022,Importacion,418,Lao People's Dem. Rep.,False,378007.99
2022,Importacion,422,Lebanon,False,103309.09
2022,Importacion,854,Burkina Faso,False,18710.32
2022,Importacion,703,Slovakia,False,3501861.15
2022,Importacion,716,Zimbabwe,False,9481.0
2022,Importacion,533,Aruba,False,1096.4
2022,Importacion,540,New Caledonia,False,5381.04
2022,Importacion,548,Vanuatu,False,40.75
2022,Importacion,376,Israel,False,35270659.78
2022,Importacion,780,Trinidad and Tobago,False,4457744.98
2022,Importacion,795,Turkmenistan,False,1605.51
2022,Importacion,796,Turks and Caicos Isds,False,352.58
2022,Importacion,800,Uganda,False,8875.57
2022,Importacion,804,Ukraine,False,83334933.19
2022,Importacion,80,Br. Antarctic Terr.,False,666.5
2022,Importacion,192,Cuba,False,309567.2
2022,Importacion,196,Cyprus,False,12553.46
2022,Importacion,524,Nepal,False,35083.0
2022,Importacion,531,Curaçao,False,45046773.99
2022,Importacion,148,Chad,False,4356.44
2022,Importacion,404,Kenya,False,419995.64
2022,Importacion,408,Dem. People's Rep. of Korea,False,421975.97
2022,Importacion,426,Lesotho,False,23935.95
2022,Importacion,430,Liberia,False,114084.33
2022,Importacion,434,Libya,False,868.13
2022,Importacion,440,Lithuania,False,17918082.17
2022,Importacion,642,Romania,False,4748126.24
2022,Importacion,690,Seychelles,False,272.38
2022,Importacion,694,Sierra Leone,False,2472.79
2022,Importacion,60,Bermuda,False,488.15
2022,Importacion,64,Bhutan,False,28.67
2022,Importacion,68,Bolivia (Plurinational State of),False,4452048.49
2022,Importacion,600,Paraguay,False,7170761.65
2022,Importacion,608,Philippines,False,22547975.93
2022,Importacion,16,American Samoa,False,66045.45
2022,Importacion,36,Australia,False,6545806.2
2022,Importacion,328,Guyana,False,728654.39
2022,Importacion,496,Mongolia,False,8645.04
2022,Importacion,498,Rep. of Moldova,False,12168.73
2022,Importacion,499,Montenegro,False,129.73
2022,Importacion,500,Montserrat,False,57.4
2022,Importacion,504,Morocco,False,6561124.88
2022,Importacion,132,Cabo Verde,False,11533.12
2022,Importacion,136,Cayman Isds,False,34192.88
2022,Importacion,140,Central African Rep.,False,1039.65
2022,Importacion,144,Sri Lanka,False,5199566.24
2022,Importacion,398,Kazakhstan,False,6930.41
2022,Importacion,899,"Areas, nes",False,603315.15
2022,Importacion,120,Cameroon,False,2005.98
2022,Importacion,52,Barbados,False,108490.73
2022,Importacion,108,Burundi,False,161.9
2022,Importacion,112,Belarus,False,3854675.95
2022,Importacion,116,Cambodia,False,9871989.4
2022,Importacion,562,Niger,False,0.72
2022,Importacion,566,Nigeria,False,724750.93
2022,Importacion,570,Niue,False,5702.23
2022,Importacion,574,Norfolk Isds,False,814.04
2022,Importacion,162,Christmas Isds,False,3406.43
2022,Importacion,166,Cocos Isds,False,4435.96
2022,Importacion,231,Ethiopia,False,55478.09
2022,Importacion,308,Grenada,False,6620.51
2022,Importacion,352,Iceland,False,1009039.82
2022,Importacion,360,Indonesia,False,65036540.81
2022,Importacion,364,Iran,False,34942.9
2023,Exportacion,328,Guyana,False,19756137.85
2023,Exportacion,376,Israel,False,12500187.31
2023,Exportacion,462,Maldives,False,18.0
2023,Exportacion,466,Mali,False,5000.0
2023,Exportacion,470,Malta,False,3860533.63
2023,Exportacion,480,Mauritius,False,58994.04
2023,Exportacion,531,Curaçao,False,6334151.39
2023,Exportacion,533,Aruba,False,22093421.58
2023,Exportacion,598,Papua New Guinea,False,53300.0
2023,Exportacion,600,Paraguay,False,2203014.83
2023,Exportacion,616,Poland,False,10283458.69
2023,Exportacion,620,Portugal,False,47422791.42
2023,Exportacion,634,Qatar,False,260802.48
2023,Exportacion,642,Romania,False,2169417.12
2023,Exportacion,643,Russian Federation,False,23862140.29
2023,Exportacion,659,Saint Kitts and Nevis,False,32594.3
2023,Exportacion,660,Anguilla,False,6693.9
2023,Exportacion,662,Saint Lucia,False,1817509.26
2023,Exportacion,670,Saint Vincent and the Grenadines,False,1528947.91
2023,Exportacion,705,Slovenia,False,5074733.72
2023,Exportacion,710,South Africa,False,4993689.98
2023,Exportacion,716,Zimbabwe,False,33909.04
2023,Exportacion,760,Syria,False,1100.0
2023,Exportacion,764,Thailand,False,15786667.72
2023,Exportacion,780,Trinidad and Tobago,False,60821204.49
2023,Exportacion,800,Uganda,False,3050.0
2023,Exportacion,804,Ukraine,False,172486.37
2023,Exportacion,818,Egypt,False,964112.08
2023,Exportacion,834,United Rep. of Tanzania,False,16806.86
2023,Exportacion,894,Zambia,False,2100.0
2023,Exportacion,899,"Areas, nes",False,85652.81
2023,Exportacion,4,Afghanistan,False,1200.0
2023,Exportacion,8,Albania,False,2273746.55
2023,Exportacion,12,Algeria,False,211970.0
2023,Exportacion,24,Angola,False,1920.0
2023,Exportacion,28,Antigua and Barbuda,False,852517.89
2023,Exportacion,40,Austria,False,418666.27
2023,Exportacion,44,Bahamas,False,14464477.82
2023,Exportacion,48,Bahrain,False,14636.06
2023,Exportacion,50,Bangladesh,False,1198296.74
2023,Exportacion,51,Armenia,False,214220.85
2023,Exportacion,52,Barbados,False,14503589.1
2023,Exportacion,56,Belgium,False,839061127.6
2023,Exportacion,90,Solomon Isds,False,7477.0
2023,Exportacion,92,Br. Virgin Isds,False,424251.11
2023,Exportacion,100,Bulgaria,False,88044.64
2023,Exportacion,104,Myanmar,False,7924.64
2023,Exportacion,116,Cambodia,False,20380.0
2023,Exportacion,170,Colombia,False,76111056.654
2023,Exportacion,196,Cyprus,False,143373.87
2023,Exportacion,203,Czechia,False,69748.64
2023,Exportacion,208,Denmark,False,985803.53
2023,Exportacion,212,Dominica,False,465868.16
2023,Exportacion,258,French Polynesia,False,47554.0
2023,Exportacion,262,Djibouti,False,7200.0
2023,Exportacion,268,Georgia,False,128958.2
2023,Exportacion,288,Ghana,False,42.6
2023,Exportacion,300,Greece,False,15783824.02
2023,Exportacion,308,Grenada,False,1593651.79
2023,Exportacion,316,Guam,False,8000.0
2023,Exportacion,332,Haiti,False,19065225.71
2023,Exportacion,352,Iceland,False,235.0
2023,Exportacion,360,Indonesia,False,2583782.48
2023,Exportacion,364,Iran,False,71485.22
2023,Exportacion,368,Iraq,False,20673088.3
2023,Exportacion,398,Kazakhstan,False,1525.01
2023,Exportacion,400,Jordan,False,2790676.27
2023,Exportacion,404,Kenya,False,1163160.82
2023,Exportacion,408,Dem. People's Rep. of Korea,False,810.69
2023,Exportacion,410,Rep. of Korea,False,62575870.167
2023,Exportacion,414,Kuwait,False,41752.311
2023,Exportacion,417,Kyrgyzstan,False,3.0
2023,Exportacion,422,Lebanon,False,1807543.53
2023,Exportacion,428,Latvia,False,1349115.96
2023,Exportacion,430,Liberia,False,65494.92
2023,Exportacion,434,Libya,False,8651221.98
2023,Exportacion,440,Lithuania,False,1461138.46
2023,Exportacion,442,Luxembourg,False,1704.0
2023,Exportacion,450,Madagascar,False,9430.8
2023,Exportacion,454,Malawi,False,6365.0
2023,Exportacion,496,Mongolia,False,133391.0
2023,Exportacion,499,Montenegro,False,6724017.24
2023,Exportacion,504,Morocco,False,7677001.56
2023,Exportacion,508,Mozambique,False,4911.2
2023,Exportacion,512,Oman,False,302946.11
2023,Exportacion,524,Nepal,False,8634.0
2023,Exportacion,528,Netherlands,False,1514509150.07
2023,Exportacion,562,Niger,False,3290476.76
2023,Exportacion,566,Nigeria,False,790159.14
2023,Exportacion,579,Norway,False,28714485.22
2023,Exportacion,580,N. Mariana Isds,False,2750.0
2023,Exportacion,586,Pakistan,False,806505.92
2023,Exportacion,678,Sao Tome and Principe,False,6542.52
2023,Exportacion,682,Saudi Arabia,False,37665292.15
2023,Exportacion,686,Senegal,False,737789.86
2023,Exportacion,688,Serbia,False,728191.4
2023,Exportacion,694,Sierra Leone,False,2690677.69
2023,Exportacion,702,Singapore,False,87469648.09
2023,Exportacion,703,Slovakia,False,809803.59
2023,Exportacion,704,Viet Nam,False,8502203.11
2023,Exportacion,784,United Arab Emirates,False,5685206.031
2023,Exportacion,788,Tunisia,False,2060927.51
2023,Exportacion,792,Türkiye,False,43546771.95
2023,Exportacion,858,Uruguay,False,6686761.05
2023,Exportacion,860,Uzbekistan,False,3000.0
2023,Exportacion,60,Bermuda,False,424257.01
2023,Exportacion,68,Bolivia (Plurinational State of),False,420884.93
2023,Exportacion,72,Botswana,False,85990.24
2023,Exportacion,132,Cabo Verde,False,5998.0
2023,Exportacion,136,Cayman Isds,False,911676.99
2023,Exportacion,140,Central African Rep.,False,4200.0
2023,Exportacion,144,Sri Lanka,False,68784.0
2023,Exportacion,152,Chile,False,37338500.57
2023,Exportacion,178,Congo,False,90770.0
2023,Exportacion,180,Dem. Rep. of the Congo,False,75291.52
2023,Exportacion,191,Croatia,False,2833663.65
2023,Exportacion,192,Cuba,False,32464594.63
2023,Exportacion,231,Ethiopia,False,2221.0
2023,Exportacion,233,Estonia,False,361034.74
2023,Exportacion,242,Fiji,False,34043.5
2023,Exportacion,246,Finland,False,17924119.67
2023,Exportacion,251,France,False,86220369.12
2023,Exportacion,384,Côte d'Ivoire,False,240837.35
2023,Exportacion,534,Saint Maarten,False,510931.57
2023,Exportacion,540,New Caledonia,False,7344.52
2023,Exportacion,548,Vanuatu,False,2100.0
2023,Exportacion,554,New Zealand,False,3553870.09
2023,Exportacion,740,Suriname,False,4495574.26
2023,Exportacion,748,Eswatini,False,6997.0
2023,Exportacion,752,Sweden,False,13941816.98
2023,Exportacion,36,Australia,False,24536572.94
2023,Exportacion,392,Japan,False,379839155.02
2023,Exportacion,484,Mexico,False,301386708.169
2023,Exportacion,604,Peru,False,123038813.33
2023,Exportacion,724,Spain,False,303756373.452
2023,Exportacion,757,Switzerland,False,9240321.2
2023,Exportacion,826,United Kingdom,False,259122305.816
2023,Exportacion,842,USA,False,8344832017.44
2023,Exportacion,0,World,True,18105904673.666
2023,Exportacion,84,Belize,False,92247933.57
2023,Exportacion,120,Cameroon,False,552167.25
2023,Exportacion,124,Canada,False,101558989.53
2023,Exportacion,156,China,False,416663777.06
2023,Exportacion,214,Dominican Rep.,False,319699904.81
2023,Exportacion,222,El Salvador,False,458736596.971
2023,Exportacion,276,Germany,False,138756127.76
2023,Exportacion,320,Guatemala,False,887998386.542
2023,Exportacion,340,Honduras,False,598223434.29
2023,Exportacion,344,"China, Hong Kong SAR",False,38622755.831
2023,Exportacion,348,Hungary,False,42437532.58
2023,Exportacion,372,Ireland,False,89752299.33
2023,Exportacion,458,Malaysia,False,19919153.53
2023,Exportacion,490,"Other Asia, nes",False,41263615.08
2023,Exportacion,591,Panama,False,625847209.833
2023,Exportacion,699,India,False,56402075.02
2023,Exportacion,862,Venezuela,False,13855978.1
2023,Exportacion,76,Brazil,False,42547095.59
2023,Exportacion,218,Ecuador,False,74582096.62
2023,Exportacion,380,Italy,False,208282641.36
2023,Exportacion,388,Jamaica,False,83379837.36
2023,Exportacion,558,Nicaragua,False,692530661.979
2023,Exportacion,32,Argentina,False,11673351.34
2023,Exportacion,608,Philippines,False,9401886.02
2023,Importacion,10,Antarctica,False,63.39
2023,Importacion,238,Falkland Isds (Malvinas),False,4852.37
2023,Importacion,0,World,True,22512106218.479
2023,Importacion,36,Australia,False,7311321.07
2023,Importacion,50,Bangladesh,False,25079583.19
2023,Importacion,56,Belgium,False,202645076.5
2023,Importacion,124,Canada,False,286869211.79
2023,Importacion,152,Chile,False,331995530.05
2023,Importacion,214,Dominican Rep.,False,63093486.17
2023,Importacion,251,France,False,156842246.49
2023,Importacion,276,Germany,False,557394997.15
2023,Importacion,724,Spain,False,388923941.607
2023,Importacion,752,Sweden,False,51108484.71
2023,Importacion,757,Switzerland,False,169235125.24
2023,Importacion,764,Thailand,False,198150381.28
2023,Importacion,792,Türkiye,False,119113973.23
2023,Importacion,826,United Kingdom,False,165403794.82
2023,Importacion,842,USA,False,8601480329.52
2023,Importacion,858,Uruguay,False,74197526.34
2023,Importacion,300,Greece,False,11171115.66
2023,Importacion,320,Guatemala,False,598118668.72
2023,Importacion,344,"China, Hong Kong SAR",False,137646952.81
2023,Importacion,376,Israel,False,33927213.24
2023,Importacion,392,Japan,False,465611764.79
2023,Importacion,400,Jordan,False,873712.41
2023,Importacion,458,Malaysia,False,85877404.55
2023,Importacion,490,"Other Asia, nes",False,159154234.28
2023,Importacion,528,Netherlands,False,284749977.1
2023,Importacion,558,Nicaragua,False,235533372.04
2023,Importacion,591,Panama,False,293437663.3
2023,Importacion,616,Poland,False,33684232.61
2023,Importacion,643,Russian Federation,False,60362883.58
2023,Importacion,40,Austria,False,63504637.87
2023,Importacion,76,Brazil,False,659799625.88
2023,Importacion,84,Belize,False,1790755.38
2023,Importacion,170,Colombia,False,401974461.106
2023,Importacion,208,Denmark,False,66475520.75
2023,Importacion,218,Ecuador,False,33343804.98
2023,Importacion,233,Estonia,False,2683031.77
2023,Importacion,702,Singapore,False,98246605.48
2023,Importacion,784,United Arab Emirates,False,9599231.8
2023,Importacion,360,Indonesia,False,146795297.74
2023,Importacion,380,Italy,False,291262306.05
2023,Importacion,410,Rep. of Korea,False,285019335.72
2023,Importacion,440,Lithuania,False,4262701.37
2023,Importacion,484,Mexico,False,1438218137.005
2023,Importacion,579,Norway,False,30433602.37
2023,Importacion,586,Pakistan,False,7947220.66
2023,Importacion,699,India,False,253131924.62
2023,Importacion,116,Cambodia,False,11005019.32
2023,Importacion,222,El Salvador,False,280250977.29
2023,Importacion,704,Viet Nam,False,186578021.85
2023,Importacion,372,Ireland,False,168282023.86
2023,Importacion,156,China,False,3393315347.59
2023,Importacion,340,Honduras,False,179615484.41
2023,Importacion,4,Afghanistan,False,26987.58
2023,Importacion,8,Albania,False,36016.14
2023,Importacion,12,Algeria,False,1818013.23
2023,Importacion,16,American Samoa,False,43238.95
2023,Importacion,20,Andorra,False,114223.68
2023,Importacion,24,Angola,False,4012.98
2023,Importacion,28,Antigua and Barbuda,False,5178.1
2023,Importacion,31,Azerbaijan,False,2126.33
2023,Importacion,32,Argentina,False,149799446.55
2023,Importacion,44,Bahamas,False,7035.64
2023,Importacion,48,Bahrain,False,3488229.62
2023,Importacion,51,Armenia,False,53265.29
2023,Importacion,52,Barbados,False,118222.48
2023,Importacion,60,Bermuda,False,1433.02
2023,Importacion,64,Bhutan,False,769.93
2023,Importacion,68,Bolivia (Plurinational State of),False,3716697.2
2023,Importacion,70,Bosnia Herzegovina,False,486999.22
2023,Importacion,86,Br. Indian Ocean Terr.,False,33.74
2023,Importacion,90,Solomon Isds,False,726.13
2023,Importacion,92,Br. Virgin Isds,False,187422.24
2023,Importacion,96,Brunei Darussalam,False,5310.79
2023,Importacion,100,Bulgaria,False,4097227.99
2023,Importacion,120,Cameroon,False,41761.6
2023,Importacion,148,Chad,False,8910.48
2023,Importacion,212,Dominica,False,316458.86
2023,Importacion,258,French Polynesia,False,1865.2
2023,Importacion,266,Gabon,False,185.53
2023,Importacion,268,Georgia,False,681581.52
2023,Importacion,270,Gambia,False,60271.92
2023,Importacion,275,State of Palestine,False,12774.25
2023,Importacion,703,Slovakia,False,3107189.29
2023,Importacion,706,Somalia,False,8636.43
2023,Importacion,710,South Africa,False,7240865.89
2023,Importacion,716,Zimbabwe,False,1734.68
2023,Importacion,740,Suriname,False,93073.42
2023,Importacion,748,Eswatini,False,40733.06
2023,Importacion,760,Syria,False,45927.53
2023,Importacion,762,Tajikistan,False,557.88
2023,Importacion,768,Togo,False,12.93
2023,Importacion,780,Trinidad and Tobago,False,2535012.49
2023,Importacion,807,North Macedonia,False,24920.23
2023,Importacion,818,Egypt,False,4769288.35
2023,Importacion,834,United Rep. of Tanzania,False,70386.83
2023,Importacion,288,Ghana,False,590.02
2023,Importacion,292,Gibraltar,False,3442.13
2023,Importacion,308,Grenada,False,5715.23
2023,Importacion,348,Hungary,False,78157977.53
2023,Importacion,384,Côte d'Ivoire,False,135274.22
2023,Importacion,388,Jamaica,False,853604.64
2023,Importacion,398,Kazakhstan,False,12518.24
2023,Importacion,414,Kuwait,False,72764.2
2023,Importacion,417,Kyrgyzstan,False,2167.31
2023,Importacion,418,Lao People's Dem. Rep.,False,679704.45
2023,Importacion,422,Lebanon,False,7875.67
2023,Importacion,426,Lesotho,False,60782.89
2023,Importacion,428,Latvia,False,2709474.73
2023,Importacion,446,"China, Macao SAR",False,115457.4
2023,Importacion,450,Madagascar,False,110790.26
2023,Importacion,454,Malawi,False,697.06
2023,Importacion,504,Morocco,False,21555983.61
2023,Importacion,508,Mozambique,False,5910.47
2023,Importacion,512,Oman,False,2962616.88
2023,Importacion,516,Namibia,False,17681.65
2023,Importacion,520,Naoero,False,29611.39
2023,Importacion,524,Nepal,False,20904.18
2023,Importacion,534,Saint Maarten,False,1730.9
2023,Importacion,540,New Caledonia,False,114.11
2023,Importacion,548,Vanuatu,False,1769.72
2023,Importacion,554,New Zealand,False,8320940.25
2023,Importacion,646,Rwanda,False,9011.6
2023,Importacion,654,Saint Helena,False,100.05
2023,Importacion,659,Saint Kitts and Nevis,False,24300.91
2023,Importacion,662,Saint Lucia,False,4252.2
2023,Importacion,670,Saint Vincent and the Grenadines,False,57.07
2023,Importacion,674,San Marino,False,129742.81
2023,Importacion,678,Sao Tome and Principe,False,1052.0
2023,Importacion,682,Saudi Arabia,False,151586135.06
2023,Importacion,686,Senegal,False,2469.89
2023,Importacion,688,Serbia,False,1093037.74
2023,Importacion,72,Botswana,False,1781.29
2023,Importacion,74,Bouvet Island,False,3236.43
2023,Importacion,162,Christmas Isds,False,745.3
2023,Importacion,166,Cocos Isds,False,2022.0
2023,Importacion,231,Ethiopia,False,54422.41
2023,Importacion,234,Faroe Isds,False,144.0
2023,Importacion,242,Fiji,False,91025.35
2023,Importacion,246,Finland,False,24617046.56
2023,Importacion,705,Slovenia,False,6222917.35
2023,Importacion,788,Tunisia,False,1657648.41
2023,Importacion,795,Turkmenistan,False,206.66
2023,Importacion,796,Turks and Caicos Isds,False,1801.24
2023,Importacion,800,Uganda,False,11645.59
2023,Importacion,804,Ukraine,False,6606554.0
2023,Importacion,860,Uzbekistan,False,395570.83
2023,Importacion,862,Venezuela,False,7088472.12
2023,Importacion,876,Wallis and Futuna Isds,False,634.98
2023,Importacion,882,Samoa,False,65.02
2023,Importacion,894,Zambia,False,433659.83
2023,Importacion,899,"Areas, nes",False,644954.27
2023,Importacion,352,Iceland,False,867952.01
2023,Importacion,404,Kenya,False,165080.01
2023,Importacion,408,Dem. People's Rep. of Korea,False,636350.39
2023,Importacion,430,Liberia,False,291547.19
2023,Importacion,442,Luxembourg,False,1046422.33
2023,Importacion,462,Maldives,False,111251.35
2023,Importacion,466,Mali,False,8135.6
2023,Importacion,470,Malta,False,413236.78
2023,Importacion,478,Mauritania,False,1054.06
2023,Importacion,480,Mauritius,False,173668.32
2023,Importacion,531,Curaçao,False,41691.39
2023,Importacion,533,Aruba,False,29813.88
2023,Importacion,562,Niger,False,93.67
2023,Importacion,566,Nigeria,False,120530.95
2023,Importacion,570,Niue,False,522.86
2023,Importacion,574,Norfolk Isds,False,191.83
2023,Importacion,584,Marshall Isds,False,1442.28
2023,Importacion,585,Palau,False,61.57
2023,Importacion,608,Philippines,False,35380669.6
2023,Importacion,620,Portugal,False,17082287.2
2023,Importacion,694,Sierra Leone,False,1444.61
2023,Importacion,104,Myanmar,False,1765972.46
2023,Importacion,108,Burundi,False,4341.79
2023,Importacion,112,Belarus,False,483843.64
2023,Importacion,132,Cabo Verde,False,1461.96
2023,Importacion,136,Cayman Isds,False,18896.73
2023,Importacion,140,Central African Rep.,False,20746.15
2023,Importacion,144,Sri Lanka,False,5099953.11
2023,Importacion,174,Comoros,False,53.82
2023,Importacion,178,Congo,False,136.77
2023,Importacion,180,Dem. Rep. of the Congo,False,18804.34
2023,Importacion,191,Croatia,False,467272.06
2023,Importacion,192,Cuba,False,887543.83
2023,Importacion,196,Cyprus,False,268597.55
2023,Importacion,203,Czechia,False,19043987.91
2023,Importacion,364,Iran,False,74274.26
2023,Importacion,496,Mongolia,False,55120.95
2023,Importacion,498,Rep. of Moldova,False,43535.97
2023,Importacion,499,Montenegro,False,229.66
2023,Importacion,500,Montserrat,False,5947.62
2023,Importacion,598,Papua New Guinea,False,382649.14
2023,Importacion,600,Paraguay,False,13881703.12
2023,Importacion,604,Peru,False,90195015.45
2023,Importacion,624,Guinea-Bissau,False,495.24
2023,Importacion,626,Timor-Leste,False,1751.58
2023,Importacion,634,Qatar,False,3984554.7
2023,Importacion,642,Romania,False,5246450.6
2023,Importacion,324,Guinea,False,283.16
2023,Importacion,328,Guyana,False,1177128.97
2023,Importacion,332,Haiti,False,462113.5
2023,Importacion,334,Heard Island and McDonald Islands,False,132.37
2024,Exportacion,705,Slovenia,False,1656311.54
2024,Exportacion,710,South Africa,False,6317079.44
2024,Exportacion,716,Zimbabwe,False,4790.0
2024,Exportacion,8,Albania,False,456735.63
2024,Exportacion,12,Algeria,False,219362.35
2024,Exportacion,24,Angola,False,2920.0
2024,Exportacion,32,Argentina,False,19817064.27
2024,Exportacion,36,Australia,False,24800141.41
2024,Exportacion,364,Iran,False,28606.35
2024,Exportacion,368,Iraq,False,15966633.0
2024,Exportacion,380,Italy,False,208942990.77
2024,Exportacion,598,Papua New Guinea,False,167403.16
2024,Exportacion,600,Paraguay,False,3009907.88
2024,Exportacion,729,Sudan,False,15635.6
2024,Exportacion,740,Suriname,False,9613409.41
2024,Exportacion,748,Eswatini,False,7249.0
2024,Exportacion,757,Switzerland,False,6768336.94
2024,Exportacion,760,Syria,False,2200.0
2024,Exportacion,764,Thailand,False,14250361.07
2024,Exportacion,780,Trinidad and Tobago,False,65843077.11
2024,Exportacion,40,Austria,False,165578.25
2024,Exportacion,44,Bahamas,False,17364003.2
2024,Exportacion,50,Bangladesh,False,3261766.03
2024,Exportacion,51,Armenia,False,58031.61
2024,Exportacion,52,Barbados,False,15534034.39
2024,Exportacion,231,Ethiopia,False,127392.5
2024,Exportacion,233,Estonia,False,1396553.9
2024,Exportacion,242,Fiji,False,25500.0
2024,Exportacion,246,Finland,False,30079933.31
2024,Exportacion,258,French Polynesia,False,36092.62
2024,Exportacion,262,Djibouti,False,2268.0
2024,Exportacion,266,Gabon,False,131516.84
2024,Exportacion,268,Georgia,False,64456.89
2024,Exportacion,324,Guinea,False,26496.84
2024,Exportacion,328,Guyana,False,21924414.11
2024,Exportacion,392,Japan,False,240254082.011
2024,Exportacion,400,Jordan,False,267139.26
2024,Exportacion,404,Kenya,False,123365.38
2024,Exportacion,410,Rep. of Korea,False,64595427.47
2024,Exportacion,414,Kuwait,False,113205.74
2024,Exportacion,422,Lebanon,False,1962330.54
2024,Exportacion,428,Latvia,False,2414022.78
2024,Exportacion,434,Libya,False,11584906.13
2024,Exportacion,440,Lithuania,False,492277.94
2024,Exportacion,566,Nigeria,False,1449705.8
2024,Exportacion,579,Norway,False,26291371.78
2024,Exportacion,580,N. Mariana Isds,False,2750.0
2024,Exportacion,583,FS Micronesia,False,4445.5
2024,Exportacion,584,Marshall Isds,False,26758.79
2024,Exportacion,586,Pakistan,False,873139.49
2024,Exportacion,608,Philippines,False,10930577.29
2024,Exportacion,616,Poland,False,17363890.66
2024,Exportacion,784,United Arab Emirates,False,3591483.21
2024,Exportacion,788,Tunisia,False,2406417.79
2024,Exportacion,792,Türkiye,False,73295970.58
2024,Exportacion,796,Turks and Caicos Isds,False,35675.7
2024,Exportacion,800,Uganda,False,8150.0
2024,Exportacion,804,Ukraine,False,418930.68
2024,Exportacion,818,Egypt,False,2010325.9
2024,Exportacion,60,Bermuda,False,1785972.73
2024,Exportacion,68,Bolivia (Plurinational State of),False,675096.57
2024,Exportacion,70,Bosnia Herzegovina,False,2948.0
2024,Exportacion,76,Brazil,False,36589686.08
2024,Exportacion,288,Ghana,False,53060.25
2024,Exportacion,332,Haiti,False,13976952.76
2024,Exportacion,340,Honduras,False,597351714.163
2024,Exportacion,442,Luxembourg,False,26780.06
2024,Exportacion,454,Malawi,False,134600.0
2024,Exportacion,470,Malta,False,4569296.01
2024,Exportacion,480,Mauritius,False,46218.68
2024,Exportacion,490,"Other Asia, nes",False,32427077.549
2024,Exportacion,834,United Rep. of Tanzania,False,72493.96
2024,Exportacion,178,Congo,False,33347.1
2024,Exportacion,184,Cook Isds,False,344363.29
2024,Exportacion,191,Croatia,False,2206301.69
2024,Exportacion,192,Cuba,False,39735395.87
2024,Exportacion,196,Cyprus,False,364253.0
2024,Exportacion,203,Czechia,False,51314.07
2024,Exportacion,212,Dominica,False,225263.97
2024,Exportacion,496,Mongolia,False,18460.0
2024,Exportacion,498,Rep. of Moldova,False,5.0
2024,Exportacion,499,Montenegro,False,7265938.52
2024,Exportacion,504,Morocco,False,11652688.25
2024,Exportacion,508,Mozambique,False,2090.0
2024,Exportacion,512,Oman,False,142698.46
2024,Exportacion,524,Nepal,False,8422.0
2024,Exportacion,528,Netherlands,False,1714447314.014
2024,Exportacion,531,Curaçao,False,7023906.77
2024,Exportacion,534,Saint Maarten,False,1390939.71
2024,Exportacion,540,New Caledonia,False,46859.79
2024,Exportacion,548,Vanuatu,False,108055.31
2024,Exportacion,554,New Zealand,False,7387866.94
2024,Exportacion,854,Burkina Faso,False,188262.77
2024,Exportacion,858,Uruguay,False,5421342.46
2024,Exportacion,862,Venezuela,False,16499985.64
2024,Exportacion,899,"Areas, nes",False,61337.77
2024,Exportacion,620,Portugal,False,53420676.81
2024,Exportacion,634,Qatar,False,181444.49
2024,Exportacion,642,Romania,False,4154288.79
2024,Exportacion,643,Russian Federation,False,32031784.19
2024,Exportacion,659,Saint Kitts and Nevis,False,543903.39
2024,Exportacion,660,Anguilla,False,9167.0
2024,Exportacion,662,Saint Lucia,False,2917237.74
2024,Exportacion,670,Saint Vincent and the Grenadines,False,868067.38
2024,Exportacion,384,Côte d'Ivoire,False,214394.26
2024,Exportacion,388,Jamaica,False,76276276.4
2024,Exportacion,682,Saudi Arabia,False,26298491.94
2024,Exportacion,686,Senegal,False,574949.2
2024,Exportacion,688,Serbia,False,738509.58
2024,Exportacion,694,Sierra Leone,False,2004301.59
2024,Exportacion,703,Slovakia,False,321864.75
2024,Exportacion,704,Viet Nam,False,11152402.64
2024,Exportacion,92,Br. Virgin Isds,False,83617.58
2024,Exportacion,100,Bulgaria,False,13655.49
2024,Exportacion,116,Cambodia,False,300.0
2024,Exportacion,120,Cameroon,False,822905.33
2024,Exportacion,300,Greece,False,19287147.29
2024,Exportacion,308,Grenada,False,3155712.18
2024,Exportacion,316,Guam,False,13000.0
2024,Exportacion,136,Cayman Isds,False,907212.51
2024,Exportacion,144,Sri Lanka,False,39061.36
2024,Exportacion,152,Chile,False,42686189.86
2024,Exportacion,360,Indonesia,False,5675474.5
2024,Exportacion,724,Spain,False,286409428.992
2024,Exportacion,28,Antigua and Barbuda,False,783836.69
2024,Exportacion,156,China,False,383469164.3
2024,Exportacion,372,Ireland,False,101356973.42
2024,Exportacion,376,Israel,False,20856489.53
2024,Exportacion,752,Sweden,False,11992929.22
2024,Exportacion,56,Belgium,False,986903380.32
2024,Exportacion,170,Colombia,False,92292001.729
2024,Exportacion,251,France,False,98985218.95
2024,Exportacion,276,Germany,False,149412495.095
2024,Exportacion,591,Panama,False,613515486.24
2024,Exportacion,604,Peru,False,126663689.54
2024,Exportacion,826,United Kingdom,False,259631546.02
2024,Exportacion,458,Malaysia,False,86632558.91
2024,Exportacion,484,Mexico,False,332171416.878
2024,Exportacion,842,USA,False,9527331702.505
2024,Exportacion,208,Denmark,False,904572.1
2024,Exportacion,214,Dominican Rep.,False,318076803.765
2024,Exportacion,533,Aruba,False,23722430.31
2024,Exportacion,558,Nicaragua,False,737246161.896
2024,Exportacion,0,World,True,19882315857.414
2024,Exportacion,218,Ecuador,False,84215573.84
2024,Exportacion,222,El Salvador,False,499547753.39
2024,Exportacion,699,India,False,66908216.92
2024,Exportacion,702,Singapore,False,110813451.06
2024,Exportacion,84,Belize,False,21601529.01
2024,Exportacion,124,Canada,False,112565628.35
2024,Exportacion,320,Guatemala,False,1027311339.215
2024,Exportacion,344,"China, Hong Kong SAR",False,44518469.94
2024,Exportacion,348,Hungary,False,41140659.98
2024,Importacion,608,Philippines,False,46481981.73
2024,Importacion,642,Romania,False,5401651.95
2024,Importacion,156,China,False,4037317475.91
2024,Importacion,214,Dominican Rep.,False,62397382.11
2024,Importacion,392,Japan,False,607415217.11
2024,Importacion,470,Malta,False,385899.85
2024,Importacion,826,United Kingdom,False,164247487.17
2024,Importacion,490,"Other Asia, nes",False,159737348.3
2024,Importacion,0,World,True,23675682802.864
2024,Importacion,40,Austria,False,51238646.94
2024,Importacion,76,Brazil,False,683886782.227
2024,Importacion,586,Pakistan,False,8000487.81
2024,Importacion,699,India,False,272532253.41
2024,Importacion,251,France,False,153693072.86
2024,Importacion,300,Greece,False,17868445.01
2024,Importacion,320,Guatemala,False,621656126.85
2024,Importacion,360,Indonesia,False,139728408.04
2024,Importacion,380,Italy,False,301387862.13
2024,Importacion,484,Mexico,False,1518753132.66
2024,Importacion,558,Nicaragua,False,215675801.765
2024,Importacion,152,Chile,False,370211996.71
2024,Importacion,591,Panama,False,379604976.28
2024,Importacion,410,Rep. of Korea,False,286801160.31
2024,Importacion,724,Spain,False,418031246.436
2024,Importacion,56,Belgium,False,131941143.42
2024,Importacion,84,Belize,False,1056174.91
2024,Importacion,340,Honduras,False,176599897.08
2024,Importacion,780,Trinidad and Tobago,False,3189729.1
2024,Importacion,784,United Arab Emirates,False,21186180.38
2024,Importacion,276,Germany,False,565773969.71
2024,Importacion,344,"China, Hong Kong SAR",False,127194945.75
2024,Importacion,792,Türkiye,False,119416812.76
2024,Importacion,124,Canada,False,266948709.87
2024,Importacion,604,Peru,False,115054144.39
2024,Importacion,170,Colombia,False,425343505.261
2024,Importacion,208,Denmark,False,77900560.62
2024,Importacion,222,El Salvador,False,290395909.2
2024,Importacion,372,Ireland,False,140839156.59
2024,Importacion,458,Malaysia,False,85856889.194
2024,Importacion,752,Sweden,False,48753384.12
2024,Importacion,702,Singapore,False,73459762.7
2024,Importacion,757,Switzerland,False,182642597.99
2024,Importacion,528,Netherlands,False,348107810.87
2024,Importacion,842,USA,False,8649621353.541
2024,Importacion,566,Nigeria,False,166724.51
2024,Importacion,570,Niue,False,1392.58
2024,Importacion,579,Norway,False,22883568.03
2024,Importacion,626,Timor-Leste,False,5900.14
2024,Importacion,634,Qatar,False,8960105.0
2024,Importacion,212,Dominica,False,141011.53
2024,Importacion,226,Equatorial Guinea,False,1400.0
2024,Importacion,231,Ethiopia,False,53865.15
2024,Importacion,232,Eritrea,False,532.06
2024,Importacion,233,Estonia,False,2614497.83
2024,Importacion,238,Falkland Isds (Malvinas),False,64144.5
2024,Importacion,242,Fiji,False,131669.41
2024,Importacion,246,Finland,False,31222393.91
2024,Importacion,376,Israel,False,34433104.1
2024,Importacion,384,Côte d'Ivoire,False,20459.36
2024,Importacion,388,Jamaica,False,1072885.02
2024,Importacion,462,Maldives,False,342265.56
2024,Importacion,466,Mali,False,25435.88
2024,Importacion,704,Viet Nam,False,217828745.63
2024,Importacion,807,North Macedonia,False,22360.25
2024,Importacion,818,Egypt,False,4697094.01
2024,Importacion,72,Botswana,False,10471.44
2024,Importacion,74,Bouvet Island,False,4895.34
2024,Importacion,136,Cayman Isds,False,1721.17
2024,Importacion,140,Central African Rep.,False,1646.52
2024,Importacion,144,Sri Lanka,False,6360543.76
2024,Importacion,580,N. Mariana Isds,False,655.52
2024,Importacion,584,Marshall Isds,False,101.58
2024,Importacion,616,Poland,False,42093704.73
2024,Importacion,643,Russian Federation,False,68873578.81
2024,Importacion,646,Rwanda,False,2649.09
2024,Importacion,654,Saint Helena,False,38.81
2024,Importacion,659,Saint Kitts and Nevis,False,17068.89
2024,Importacion,660,Anguilla,False,21276.74
2024,Importacion,674,San Marino,False,464330.07
2024,Importacion,682,Saudi Arabia,False,6907218.61
2024,Importacion,686,Senegal,False,4991.96
2024,Importacion,688,Serbia,False,2181600.9
2024,Importacion,690,Seychelles,False,404.5
2024,Importacion,694,Sierra Leone,False,9478.43
2024,Importacion,178,Congo,False,3503.13
2024,Importacion,180,Dem. Rep. of the Congo,False,58341.31
2024,Importacion,191,Croatia,False,405583.91
2024,Importacion,192,Cuba,False,962549.0
2024,Importacion,218,Ecuador,False,56813294.71
2024,Importacion,288,Ghana,False,2399.42
2024,Importacion,292,Gibraltar,False,481214.51
2024,Importacion,296,Kiribati,False,16.88
2024,Importacion,304,Greenland,False,165.09
2024,Importacion,308,Grenada,False,19318.54
2024,Importacion,316,Guam,False,45.49
2024,Importacion,352,Iceland,False,1343638.62
2024,Importacion,398,Kazakhstan,False,830.29
2024,Importacion,400,Jordan,False,955780.07
2024,Importacion,478,Mauritania,False,3105.3
2024,Importacion,480,Mauritius,False,107344.57
2024,Importacion,705,Slovenia,False,6997605.37
2024,Importacion,760,Syria,False,77588.54
2024,Importacion,762,Tajikistan,False,11378.38
2024,Importacion,764,Thailand,False,224395938.44
2024,Importacion,533,Aruba,False,73144.82
2024,Importacion,534,Saint Maarten,False,13392.0
2024,Importacion,535,Bonaire,False,720.49
2024,Importacion,540,New Caledonia,False,12158.14
2024,Importacion,548,Vanuatu,False,894.44
2024,Importacion,554,New Zealand,False,10806617.91
2024,Importacion,4,Afghanistan,False,2914.33
2024,Importacion,8,Albania,False,288622.21
2024,Importacion,10,Antarctica,False,91.99
2024,Importacion,16,American Samoa,False,81334.16
2024,Importacion,20,Andorra,False,38932.82
2024,Importacion,24,Angola,False,18401.89
2024,Importacion,28,Antigua and Barbuda,False,133629.14
2024,Importacion,31,Azerbaijan,False,137.09
2024,Importacion,32,Argentina,False,200564252.7
2024,Importacion,44,Bahamas,False,17950.47
2024,Importacion,48,Bahrain,False,1150733.73
2024,Importacion,50,Bangladesh,False,27045659.67
2024,Importacion,148,Chad,False,356.0
2024,Importacion,620,Portugal,False,18626953.43
2024,Importacion,196,Cyprus,False,346786.62
2024,Importacion,203,Czechia,False,14914015.87
2024,Importacion,324,Guinea,False,2347.25
2024,Importacion,328,Guyana,False,967831.76
2024,Importacion,332,Haiti,False,263843.12
2024,Importacion,404,Kenya,False,151421.76
2024,Importacion,408,Dem. People's Rep. of Korea,False,105446.26
2024,Importacion,706,Somalia,False,2835.04
2024,Importacion,710,South Africa,False,3404558.66
2024,Importacion,716,Zimbabwe,False,80.28
2024,Importacion,51,Armenia,False,50509.7
2024,Importacion,52,Barbados,False,81780.85
2024,Importacion,86,Br. Indian Ocean Terr.,False,2257.37
2024,Importacion,90,Solomon Isds,False,698.09
2024,Importacion,92,Br. Virgin Isds,False,243706.47
2024,Importacion,96,Brunei Darussalam,False,1251.47
2024,Importacion,100,Bulgaria,False,6312897.98
2024,Importacion,258,French Polynesia,False,2665.93
2024,Importacion,260,Fr. South Antarctic Terr.,False,7979.08
2024,Importacion,266,Gabon,False,1689.9
2024,Importacion,334,Heard Island and McDonald Islands,False,34439.7
2024,Importacion,768,Togo,False,288.0
2024,Importacion,772,Tokelau,False,4086.38
2024,Importacion,104,Myanmar,False,1345133.81
2024,Importacion,112,Belarus,False,2256657.29
2024,Importacion,116,Cambodia,False,14332536.64
2024,Importacion,268,Georgia,False,249103.94
2024,Importacion,270,Gambia,False,378175.56
2024,Importacion,275,State of Palestine,False,631.65
2024,Importacion,414,Kuwait,False,3599.04
2024,Importacion,417,Kyrgyzstan,False,69317.95
2024,Importacion,418,Lao People's Dem. Rep.,False,1060177.1
2024,Importacion,422,Lebanon,False,52769.77
2024,Importacion,788,Tunisia,False,2068787.57
2024,Importacion,120,Cameroon,False,4059.73
2024,Importacion,854,Burkina Faso,False,61.64
2024,Importacion,858,Uruguay,False,82470564.35
2024,Importacion,598,Papua New Guinea,False,420.65
2024,Importacion,600,Paraguay,False,24262592.95
2024,Importacion,166,Cocos Isds,False,11289.01
2024,Importacion,426,Lesotho,False,7800.36
2024,Importacion,428,Latvia,False,2253506.14
2024,Importacion,430,Liberia,False,28464.4
2024,Importacion,440,Lithuania,False,3586452.56
2024,Importacion,442,Luxembourg,False,1680221.64
2024,Importacion,860,Uzbekistan,False,3623.39
2024,Importacion,862,Venezuela,False,8637752.42
2024,Importacion,882,Samoa,False,13.33
2024,Importacion,894,Zambia,False,22758.03
2024,Importacion,899,"Areas, nes",False,802.48
2024,Importacion,795,Turkmenistan,False,30075.22
2024,Importacion,796,Turks and Caicos Isds,False,1327.15
2024,Importacion,800,Uganda,False,9690.73
2024,Importacion,804,Ukraine,False,6244529.37
2024,Importacion,204,Benin,False,15406.2
2024,Importacion,348,Hungary,False,80160062.06
2024,Importacion,364,Iran,False,103335.63
2024,Importacion,446,"China, Macao SAR",False,653187.27
2024,Importacion,450,Madagascar,False,75192.57
2024,Importacion,454,Malawi,False,1315.42
2024,Importacion,703,Slovakia,False,4098168.47
2024,Importacion,728,South Sudan,False,3614.73
2024,Importacion,732,Western Sahara,False,922.94
2024,Importacion,740,Suriname,False,111430.76
2024,Importacion,748,Eswatini,False,1675.16
2024,Importacion,531,Curaçao,False,79061.23
2024,Importacion,508,Mozambique,False,48260.42
2024,Importacion,512,Oman,False,1565300.14
2024,Importacion,516,Namibia,False,3203.43
2024,Importacion,520,Naoero,False,10290.73
2024,Importacion,524,Nepal,False,95285.87
2024,Importacion,834,United Rep. of Tanzania,False,7168.37
2024,Importacion,496,Mongolia,False,167.87
2024,Importacion,498,Rep. of Moldova,False,17789.76
2024,Importacion,499,Montenegro,False,1632.82
2024,Importacion,500,Montserrat,False,919.96
2024,Importacion,504,Morocco,False,12340121.58
2024,Importacion,36,Australia,False,17877916.18
2024,Importacion,60,Bermuda,False,3486.12
2024,Importacion,68,Bolivia (Plurinational State of),False,3068953.08
2024,Importacion,70,Bosnia Herzegovina,False,462669.33
